Airline,Date_of_Journey,Source,Dep_Time,Destination,Class,Price
Jet Airways,12/03/2019,Mumbai,06:30,Hyderabad,0,23528
Jet Airways,9/05/2019,Delhi,11:30,Cochin,0,12373
SpiceJet,24/04/2019,Delhi,15:45,Cochin,0,5583
Multiple carriers,21/03/2019,Delhi,12:50,Cochin,0,7695
Air India,24/06/2019,Delhi,17:15,Cochin,0,11972
SpiceJet,9/04/2019,Kolkata,17:10,Banglore,0,3873
Vistara,3/04/2019,Banglore,09:45,Delhi,0,5403
IndiGo,15/06/2019,Kolkata,22:15,Banglore,0,4804
IndiGo,9/06/2019,Mumbai,06:25,Hyderabad,0,4049
SpiceJet,1/03/2019,Kolkata,17:15,Banglore,0,5515
Jet Airways,15/05/2019,Kolkata,17:00,Banglore,0,11467
Jet Airways,9/05/2019,Kolkata,20:00,Banglore,0,7757
Vistara,24/05/2019,Kolkata,20:20,Banglore,0,9345
Jet Airways,12/06/2019,Delhi,05:30,Cochin,0,13292
SpiceJet,24/06/2019,Kolkata,22:20,Banglore,0,3841
SpiceJet,15/06/2019,Kolkata,09:00,Banglore,0,3841
IndiGo,27/06/2019,Banglore,07:10,Delhi,0,4823
Air India,21/03/2019,Delhi,18:05,Cochin,0,5674
Jet Airways,27/06/2019,Delhi,23:05,Cochin,0,15339
Air India,1/05/2019,Kolkata,07:00,Banglore,0,14424
SpiceJet,9/03/2019,Kolkata,22:20,Banglore,0,4622
Air India,24/06/2019,Delhi,13:00,Cochin,0,8372
Jet Airways,27/05/2019,Delhi,13:25,Cochin,0,15129
Jet Airways,1/04/2019,Kolkata,18:55,Banglore,0,12681
Air Asia,18/05/2019,Delhi,07:55,Cochin,0,7452
Jet Airways,12/06/2019,Banglore,08:20,Delhi,0,5769
Jet Airways,12/06/2019,Delhi,21:25,Cochin,0,11507
IndiGo,15/03/2019,Mumbai,19:05,Hyderabad,0,2754
Air India,6/06/2019,Delhi,07:00,Cochin,0,8669
Jet Airways,24/05/2019,Kolkata,14:05,Banglore,0,14571
Jet Airways,24/05/2019,Kolkata,20:25,Banglore,0,14151
IndiGo,27/06/2019,Delhi,14:20,Cochin,0,6412
Jet Airways,12/06/2019,Kolkata,18:55,Banglore,0,6959
IndiGo,21/04/2019,Banglore,06:05,Delhi,0,4423
Jet Airways,1/05/2019,Kolkata,20:25,Banglore,0,11467
SpiceJet,9/05/2019,Chennai,09:45,Kolkata,0,3597
SpiceJet,9/05/2019,Mumbai,22:45,Hyderabad,0,2017
Jet Airways,6/06/2019,Kolkata,08:25,Banglore,0,10844
Air Asia,9/05/2019,Delhi,20:45,Cochin,0,6751
IndiGo,24/06/2019,Kolkata,22:15,Banglore,0,4804
SpiceJet,9/06/2019,Kolkata,09:00,Banglore,0,3841
SpiceJet,3/06/2019,Mumbai,05:45,Hyderabad,0,2753
IndiGo,03/03/2019,Banglore,00:40,New Delhi,0,6860
Air India,15/03/2019,Banglore,11:50,New Delhi,0,8032
Air India,24/04/2019,Banglore,21:05,Delhi,0,5228
Jet Airways,27/03/2019,Mumbai,19:35,Hyderabad,0,2071
Air India,21/05/2019,Kolkata,10:00,Banglore,0,11936
Jet Airways,6/06/2019,Delhi,05:30,Cochin,0,10368
IndiGo,3/06/2019,Delhi,11:25,Cochin,0,6093
Jet Airways,3/06/2019,Delhi,09:35,Cochin,0,13292
Jet Airways,27/03/2019,Mumbai,02:55,Hyderabad,0,5678
Jet Airways,9/05/2019,Delhi,19:15,Cochin,0,12373
Jet Airways,1/06/2019,Delhi,05:30,Cochin,0,10368
Air India,3/03/2019,Delhi,06:10,Cochin,0,13348
Air Asia,9/03/2019,Kolkata,10:20,Banglore,0,4384
Air Asia,18/05/2019,Kolkata,07:35,Banglore,0,5192
IndiGo,27/05/2019,Delhi,07:30,Cochin,0,6526
Jet Airways,12/06/2019,Kolkata,10:20,Banglore,0,5608
SpiceJet,15/05/2019,Chennai,17:45,Kolkata,0,3543
SpiceJet,12/05/2019,Mumbai,05:45,Hyderabad,0,2017
Multiple carriers,1/06/2019,Delhi,11:25,Cochin,0,11200
SpiceJet,09/03/2019,Banglore,20:30,New Delhi,0,6205
Jet Airways,21/03/2019,Banglore,21:25,New Delhi,0,7832
IndiGo,27/06/2019,Delhi,14:25,Cochin,0,5000
SpiceJet,21/05/2019,Kolkata,17:10,Banglore,0,3841
Jet Airways,24/06/2019,Delhi,11:00,Cochin,0,4256
Jet Airways,27/03/2019,Delhi,19:10,Cochin,0,10976
Jet Airways,27/06/2019,Delhi,23:05,Cochin,0,12819
Air Asia,1/03/2019,Kolkata,19:35,Banglore,0,5964
Jet Airways,3/04/2019,Banglore,11:10,Delhi,0,4544
Multiple carriers,12/06/2019,Delhi,08:30,Cochin,0,10877
Jet Airways,18/03/2019,Banglore,11:40,New Delhi,0,11087
IndiGo,27/05/2019,Delhi,08:35,Cochin,0,6442
Jet Airways,12/05/2019,Kolkata,20:00,Banglore,0,13941
Jet Airways,12/03/2019,Banglore,05:50,New Delhi,0,11297
IndiGo,3/06/2019,Delhi,07:35,Cochin,0,7514
Jet Airways,21/03/2019,Delhi,22:00,Cochin,0,12242
Jet Airways,15/06/2019,Delhi,02:15,Cochin,0,10262
Jet Airways,18/05/2019,Delhi,17:30,Cochin,0,12373
Jet Airways,21/05/2019,Kolkata,08:25,Banglore,0,10844
Air India,01/03/2019,Banglore,17:00,New Delhi,0,25913
Multiple carriers,15/06/2019,Delhi,10:00,Cochin,0,16108
IndiGo,18/06/2019,Mumbai,21:20,Hyderabad,0,2227
Multiple carriers,21/03/2019,Delhi,07:05,Cochin,0,13378
Multiple carriers,6/06/2019,Delhi,07:05,Cochin,0,9646
Jet Airways,15/05/2019,Kolkata,09:35,Banglore,0,13067
IndiGo,21/03/2019,Delhi,08:35,Cochin,0,6790
Jet Airways,12/03/2019,Banglore,09:45,New Delhi,0,11507
IndiGo,15/03/2019,Banglore,14:25,New Delhi,0,9165
Air India,15/03/2019,Banglore,22:00,New Delhi,0,6850
SpiceJet,9/04/2019,Kolkata,22:20,Banglore,0,3841
Air India,1/04/2019,Banglore,06:10,Delhi,0,5176
SpiceJet,24/05/2019,Banglore,21:10,Delhi,0,3971
IndiGo,3/03/2019,Kolkata,15:10,Banglore,0,6985
Jet Airways,27/05/2019,Mumbai,19:35,Hyderabad,0,5678
Air India,3/04/2019,Mumbai,21:05,Hyderabad,0,2050
GoAir,9/05/2019,Delhi,14:25,Cochin,0,10188
Jet Airways,9/03/2019,Delhi,02:15,Cochin,0,13843
Air India,15/05/2019,Kolkata,10:00,Banglore,0,14424
IndiGo,15/05/2019,Delhi,18:35,Cochin,0,7191
Jet Airways,24/05/2019,Mumbai,10:20,Hyderabad,0,4995
IndiGo,3/03/2019,Delhi,05:05,Cochin,0,9581
SpiceJet,27/06/2019,Kolkata,17:10,Banglore,0,3873
Air India,18/03/2019,Banglore,00:30,New Delhi,0,13859
Jet Airways,24/06/2019,Delhi,05:30,Cochin,0,13014
Air India,6/05/2019,Kolkata,09:25,Banglore,0,17732
Multiple carriers,6/03/2019,Delhi,08:55,Cochin,0,15147
Multiple carriers,27/05/2019,Delhi,13:00,Cochin,0,13377
Air India,27/05/2019,Mumbai,19:30,Hyderabad,0,3100
Jet Airways,6/05/2019,Kolkata,14:05,Banglore,0,10844
Jet Airways,27/03/2019,Delhi,17:30,Cochin,0,5406
Multiple carriers,6/03/2019,Delhi,08:55,Cochin,0,15147
GoAir,3/05/2019,Banglore,07:45,Delhi,0,3898
SpiceJet,24/04/2019,Kolkata,17:10,Banglore,0,3841
IndiGo,12/06/2019,Delhi,21:05,Cochin,0,6015
IndiGo,27/04/2019,Banglore,10:10,Delhi,0,4423
Jet Airways,21/05/2019,Kolkata,14:05,Banglore,0,14388
Multiple carriers,27/06/2019,Delhi,12:50,Cochin,0,6007
IndiGo,24/06/2019,Kolkata,20:20,Banglore,0,4804
Air Asia,27/04/2019,Delhi,20:45,Cochin,0,6451
Jet Airways,24/03/2019,Kolkata,16:55,Banglore,0,14231
IndiGo,24/05/2019,Kolkata,15:15,Banglore,0,5192
Multiple carriers,9/05/2019,Delhi,09:00,Cochin,0,13727
Air India,12/03/2019,Banglore,06:45,New Delhi,0,12515
IndiGo,6/05/2019,Banglore,22:10,Delhi,0,3419
Jet Airways,27/03/2019,Mumbai,02:55,Hyderabad,0,1840
IndiGo,3/03/2019,Mumbai,12:00,Hyderabad,0,5755
Air India,01/03/2019,Banglore,05:50,New Delhi,0,13576
Air Asia,18/05/2019,Kolkata,19:55,Banglore,0,5989
Multiple carriers,15/05/2019,Delhi,18:15,Cochin,0,13727
Jet Airways,18/05/2019,Banglore,17:45,Delhi,0,7229
Air India,12/03/2019,Mumbai,16:50,Hyderabad,0,14260
IndiGo,3/05/2019,Chennai,05:15,Kolkata,0,3850
IndiGo,27/05/2019,Chennai,14:45,Kolkata,0,3597
Air India,21/03/2019,Banglore,08:15,New Delhi,0,7642
Multiple carriers,21/03/2019,Delhi,08:00,Cochin,0,6883
Jet Airways,21/03/2019,Mumbai,07:10,Hyderabad,0,4160
Multiple carriers,3/06/2019,Delhi,07:05,Cochin,0,10696
Jet Airways,27/05/2019,Delhi,09:35,Cochin,0,12872
IndiGo,3/05/2019,Banglore,04:00,Delhi,0,3943
IndiGo,9/06/2019,Banglore,10:10,Delhi,0,4423
Air Asia,15/06/2019,Delhi,20:45,Cochin,0,6253
Jet Airways,27/03/2019,Delhi,23:05,Cochin,0,7438
Air India,18/03/2019,Banglore,06:45,New Delhi,0,12935
Jet Airways,1/04/2019,Kolkata,20:00,Banglore,0,7064
Jet Airways,1/04/2019,Kolkata,08:25,Banglore,0,7064
IndiGo,09/03/2019,Banglore,21:20,New Delhi,0,6144
Vistara,9/06/2019,Kolkata,07:10,Banglore,0,9555
IndiGo,1/06/2019,Delhi,23:30,Cochin,0,10112
SpiceJet,9/05/2019,Banglore,05:55,Delhi,0,3573
Multiple carriers,9/05/2019,Delhi,10:00,Cochin,0,15078
Jet Airways,27/05/2019,Delhi,09:40,Cochin,0,15129
Air India,9/03/2019,Delhi,09:45,Cochin,0,10660
IndiGo,27/03/2019,Delhi,02:00,Cochin,0,5733
IndiGo,24/03/2019,Chennai,07:55,Kolkata,0,4326
IndiGo,1/04/2019,Kolkata,19:35,Banglore,0,4226
Multiple carriers,12/06/2019,Delhi,10:20,Cochin,0,11789
Jet Airways,27/03/2019,Delhi,20:50,Cochin,0,12242
IndiGo,24/06/2019,Banglore,07:10,Delhi,0,4823
Air India,12/06/2019,Delhi,07:00,Cochin,0,8669
Air India,24/03/2019,Mumbai,21:05,Hyderabad,0,2575
IndiGo,9/03/2019,Delhi,06:40,Cochin,0,12351
Jet Airways,6/06/2019,Delhi,05:30,Cochin,0,13292
Air Asia,24/04/2019,Banglore,04:55,Delhi,0,3383
SpiceJet,15/03/2019,Mumbai,22:45,Hyderabad,0,2753
Multiple carriers,15/06/2019,Delhi,06:00,Cochin,0,11789
Jet Airways,9/06/2019,Kolkata,17:00,Banglore,0,14151
Jet Airways,27/05/2019,Delhi,19:15,Cochin,0,12898
Air India,6/05/2019,Mumbai,06:20,Hyderabad,0,3625
IndiGo,09/03/2019,Banglore,23:30,New Delhi,0,4777
Air India,27/03/2019,Delhi,05:55,Cochin,0,8971
Jet Airways,15/06/2019,Mumbai,19:35,Hyderabad,0,5678
Air India,6/05/2019,Banglore,13:20,Delhi,0,5228
Vistara,9/04/2019,Banglore,19:30,Delhi,0,5613
Jet Airways,9/03/2019,Delhi,16:00,Cochin,0,16289
SpiceJet,6/05/2019,Chennai,17:45,Kolkata,0,3597
SpiceJet,18/05/2019,Kolkata,09:00,Banglore,0,4439
Air India,21/03/2019,Delhi,23:00,Cochin,0,6745
Jet Airways,3/06/2019,Delhi,22:50,Cochin,0,10262
Jet Airways,27/06/2019,Banglore,06:00,Delhi,0,6478
Multiple carriers,9/06/2019,Delhi,07:05,Cochin,0,9646
IndiGo,24/04/2019,Kolkata,20:20,Banglore,0,4804
Air India,24/06/2019,Delhi,05:15,Cochin,0,10493
SpiceJet,9/03/2019,Mumbai,08:50,Hyderabad,0,5755
SpiceJet,27/03/2019,Kolkata,22:20,Banglore,0,3847
Jet Airways,1/05/2019,Kolkata,16:30,Banglore,0,14781
Air India,21/03/2019,Delhi,21:00,Cochin,0,6902
IndiGo,9/03/2019,Delhi,11:55,Cochin,0,6674
Jet Airways,06/03/2019,Banglore,16:55,New Delhi,0,16736
Jet Airways,9/05/2019,Delhi,21:50,Cochin,0,12373
IndiGo,24/05/2019,Kolkata,11:30,Banglore,0,5224
Vistara,24/06/2019,Banglore,17:00,Delhi,0,4878
Jet Airways,27/04/2019,Banglore,19:50,Delhi,0,7229
IndiGo,15/03/2019,Banglore,22:20,New Delhi,0,8855
Jet Airways,9/05/2019,Delhi,11:30,Cochin,0,15554
Jet Airways,12/06/2019,Kolkata,21:10,Banglore,0,13044
IndiGo,9/04/2019,Delhi,09:15,Cochin,0,6573
Vistara,24/05/2019,Kolkata,07:10,Banglore,0,9345
Jet Airways,6/06/2019,Kolkata,08:25,Banglore,0,14571
SpiceJet,15/05/2019,Kolkata,11:15,Banglore,0,8844
SpiceJet,12/05/2019,Kolkata,15:55,Banglore,0,8844
Vistara,12/03/2019,Mumbai,07:30,Hyderabad,0,12080
Multiple carriers,24/06/2019,Delhi,17:50,Cochin,0,18275
Air India,12/06/2019,Kolkata,12:00,Banglore,0,9416
IndiGo,6/06/2019,Delhi,17:05,Cochin,0,6493
Jet Airways,18/05/2019,Delhi,05:30,Cochin,0,13029
GoAir,6/03/2019,Delhi,14:10,Cochin,0,19495
Jet Airways,6/05/2019,Kolkata,17:00,Banglore,0,10703
Jet Airways,18/05/2019,Delhi,05:30,Cochin,0,13029
Multiple carriers,9/05/2019,Delhi,08:45,Cochin,0,9794
Air India,27/05/2019,Delhi,07:00,Cochin,0,9929
Jet Airways,21/03/2019,Banglore,08:00,New Delhi,0,7832
Air India,3/03/2019,Delhi,19:00,Cochin,0,14777
Jet Airways,1/06/2019,Delhi,21:50,Cochin,0,14714
Jet Airways,21/05/2019,Delhi,14:00,Cochin,0,12898
Jet Airways,12/06/2019,Kolkata,17:00,Banglore,0,12692
IndiGo,6/05/2019,Chennai,07:55,Kolkata,0,3850
Jet Airways,24/05/2019,Kolkata,16:30,Banglore,0,9663
IndiGo,12/04/2019,Kolkata,20:20,Banglore,0,4488
Jet Airways,12/05/2019,Kolkata,10:20,Banglore,0,7064
Vistara,12/05/2019,Kolkata,20:20,Banglore,0,8610
Jet Airways,24/06/2019,Delhi,20:55,Cochin,0,10262
Air India,18/05/2019,Delhi,09:45,Cochin,0,8372
IndiGo,27/03/2019,Delhi,08:25,Cochin,0,8285
Vistara,15/05/2019,Kolkata,17:00,Banglore,0,9345
IndiGo,12/05/2019,Banglore,01:30,Delhi,0,3943
Multiple carriers,6/05/2019,Delhi,19:00,Cochin,0,8073
Air India,21/05/2019,Delhi,12:00,Cochin,0,9653
IndiGo,27/06/2019,Mumbai,12:00,Hyderabad,0,2754
Jet Airways,6/06/2019,Delhi,15:00,Cochin,0,14714
Air Asia,6/04/2019,Kolkata,22:50,Banglore,0,3807
Jet Airways,27/06/2019,Mumbai,08:45,Hyderabad,0,8040
Air India,06/03/2019,Banglore,11:50,New Delhi,0,14594
IndiGo,9/03/2019,Delhi,06:40,Cochin,0,5647
Jet Airways,24/05/2019,Kolkata,18:55,Banglore,0,8586
Jet Airways,6/05/2019,Mumbai,07:05,Hyderabad,0,4995
Jet Airways,6/04/2019,Delhi,14:00,Cochin,0,5177
IndiGo,18/05/2019,Banglore,10:10,Delhi,0,3943
Jet Airways,24/05/2019,Kolkata,20:00,Banglore,0,13731
Jet Airways,9/06/2019,Delhi,16:00,Cochin,0,10577
Multiple carriers,21/03/2019,Delhi,11:40,Cochin,0,7215
SpiceJet,21/05/2019,Mumbai,22:45,Hyderabad,0,1965
Air Asia,18/05/2019,Delhi,20:45,Cochin,0,7452
IndiGo,3/05/2019,Mumbai,09:10,Hyderabad,0,5755
Air India,3/03/2019,Delhi,05:00,Cochin,0,10283
Jet Airways,1/04/2019,Kolkata,14:05,Banglore,0,13364
GoAir,24/04/2019,Delhi,10:35,Cochin,0,5430
Jet Airways,18/06/2019,Delhi,09:50,Cochin,0,4466
Jet Airways,1/04/2019,Banglore,19:50,Delhi,0,7229
Jet Airways,3/06/2019,Delhi,18:15,Cochin,0,10262
Jet Airways,3/05/2019,Banglore,19:50,Delhi,0,7229
Vistara,6/05/2019,Kolkata,07:10,Banglore,0,8610
Jet Airways,1/04/2019,Kolkata,16:30,Banglore,0,7064
Air India,1/04/2019,Kolkata,19:00,Banglore,0,4227
Jet Airways,21/03/2019,Banglore,08:55,New Delhi,0,7832
Multiple carriers,27/06/2019,Delhi,09:45,Cochin,0,9646
Jet Airways,9/03/2019,Delhi,18:15,Cochin,0,16289
Jet Airways,1/05/2019,Kolkata,09:35,Banglore,0,11467
Jet Airways,15/05/2019,Banglore,08:20,Delhi,0,4030
Jet Airways,12/06/2019,Kolkata,20:00,Banglore,0,13044
SpiceJet,24/05/2019,Kolkata,17:10,Banglore,0,3841
Jet Airways,6/03/2019,Delhi,19:15,Cochin,0,17024
Jet Airways,21/05/2019,Kolkata,21:10,Banglore,0,10844
Multiple carriers,27/03/2019,Delhi,16:00,Cochin,0,12327
Jet Airways,1/04/2019,Kolkata,21:10,Banglore,0,13784
Multiple carriers,27/06/2019,Delhi,15:15,Cochin,0,5797
Jet Airways,15/05/2019,Kolkata,06:30,Banglore,0,10844
Air India,9/06/2019,Delhi,22:00,Cochin,0,10441
Air India,9/05/2019,Kolkata,19:00,Banglore,0,6117
IndiGo,6/04/2019,Banglore,13:00,Delhi,0,4423
Jet Airways,24/06/2019,Delhi,14:00,Cochin,0,10262
Air India,1/06/2019,Banglore,17:00,Delhi,0,7171
Jet Airways,03/03/2019,Banglore,08:00,New Delhi,0,13502
Air India,12/03/2019,Banglore,08:50,New Delhi,0,12778
Air India,9/03/2019,Delhi,17:45,Cochin,0,9064
Air India,15/06/2019,Banglore,21:05,Delhi,0,5228
Air India,09/03/2019,Banglore,17:00,New Delhi,0,9481
IndiGo,21/03/2019,Delhi,21:05,Cochin,0,5947
Jet Airways,21/05/2019,Banglore,19:50,Delhi,0,4030
Vistara,24/03/2019,Banglore,07:00,New Delhi,0,5403
Jet Airways,1/04/2019,Banglore,06:00,Delhi,0,4544
SpiceJet,15/03/2019,Chennai,09:30,Kolkata,0,6300
Multiple carriers,6/03/2019,Delhi,06:00,Cochin,0,15353
Multiple carriers,27/05/2019,Delhi,11:40,Cochin,0,6795
Multiple carriers,3/06/2019,Delhi,11:40,Cochin,0,7530
Air India,12/05/2019,Kolkata,12:00,Banglore,0,6612
Multiple carriers,3/06/2019,Delhi,17:50,Cochin,0,18275
Air India,03/03/2019,Banglore,00:30,New Delhi,0,11392
IndiGo,03/03/2019,Banglore,18:25,New Delhi,0,7648
Jet Airways,18/05/2019,Delhi,15:00,Cochin,0,12373
Multiple carriers,1/06/2019,Delhi,14:55,Cochin,0,7038
Vistara,03/03/2019,Banglore,21:10,New Delhi,0,7608
Air India,6/06/2019,Kolkata,12:00,Banglore,0,9416
Jet Airways,21/05/2019,Kolkata,14:05,Banglore,0,9663
Jet Airways,9/06/2019,Banglore,06:00,Delhi,0,8016
IndiGo,24/05/2019,Kolkata,21:00,Banglore,0,6534
Jet Airways,1/06/2019,Banglore,07:10,Delhi,0,7229
Air India,12/06/2019,Delhi,09:00,Cochin,0,8372
Jet Airways,21/03/2019,Banglore,18:40,New Delhi,0,7832
Multiple carriers,21/05/2019,Delhi,07:30,Cochin,0,9315
Multiple carriers,18/05/2019,Delhi,13:00,Cochin,0,9385
Jet Airways,1/04/2019,Kolkata,08:25,Banglore,0,12681
Multiple carriers,6/03/2019,Delhi,18:00,Cochin,0,16863
Vistara,6/04/2019,Banglore,09:45,Delhi,0,5613
Jet Airways,21/05/2019,Delhi,23:05,Cochin,0,15129
Jet Airways,15/06/2019,Delhi,14:00,Cochin,0,10262
Jet Airways,6/06/2019,Kolkata,14:05,Banglore,0,13059
SpiceJet,1/05/2019,Kolkata,22:20,Banglore,0,3873
IndiGo,1/04/2019,Kolkata,14:25,Banglore,0,4174
Vistara,12/05/2019,Kolkata,17:00,Banglore,0,9135
Air India,9/05/2019,Delhi,13:15,Cochin,0,9417
IndiGo,24/06/2019,Banglore,06:05,Delhi,0,3943
SpiceJet,27/06/2019,Delhi,06:05,Cochin,0,5583
Jet Airways,18/05/2019,Delhi,09:00,Cochin,0,12373
Air India,1/04/2019,Kolkata,20:30,Banglore,0,7893
IndiGo,27/03/2019,Mumbai,12:00,Hyderabad,0,2754
Multiple carriers,27/06/2019,Delhi,10:20,Cochin,0,7741
Jet Airways,27/06/2019,Banglore,07:10,Delhi,0,6478
Jet Airways,9/06/2019,Kolkata,06:30,Banglore,0,14571
IndiGo,6/05/2019,Delhi,18:35,Cochin,0,7191
SpiceJet,18/04/2019,Kolkata,17:10,Banglore,0,4174
Jet Airways,9/06/2019,Kolkata,20:00,Banglore,0,14571
IndiGo,18/05/2019,Chennai,19:35,Kolkata,0,3597
SpiceJet,1/05/2019,Chennai,08:20,Kolkata,0,3543
Jet Airways,06/03/2019,Banglore,07:00,New Delhi,0,16736
SpiceJet,27/05/2019,Banglore,05:55,Delhi,0,3311
Jet Airways,12/03/2019,Banglore,18:55,New Delhi,0,11087
Jet Airways,27/05/2019,Mumbai,02:55,Hyderabad,0,5678
IndiGo,1/04/2019,Mumbai,02:35,Hyderabad,0,2754
Air India,1/04/2019,Delhi,20:40,Cochin,0,5117
Multiple carriers,15/05/2019,Delhi,09:45,Cochin,0,9646
Multiple carriers,3/03/2019,Delhi,10:00,Cochin,0,16863
Air India,9/03/2019,Delhi,16:55,Cochin,0,22096
Vistara,6/03/2019,Mumbai,15:40,Hyderabad,0,12395
Jet Airways,21/04/2019,Banglore,07:10,Delhi,0,7229
Air India,1/04/2019,Kolkata,09:50,Banglore,0,12125
Jet Airways,21/03/2019,Delhi,08:00,Cochin,0,6540
Jet Airways,9/05/2019,Kolkata,20:25,Banglore,0,13067
Jet Airways,21/03/2019,Mumbai,15:50,Hyderabad,0,5678
Multiple carriers,21/05/2019,Delhi,10:00,Cochin,0,10197
Jet Airways,24/06/2019,Delhi,18:15,Cochin,0,10262
Jet Airways,6/06/2019,Mumbai,10:20,Hyderabad,0,4995
Jet Airways,6/05/2019,Banglore,11:10,Delhi,0,4030
Jet Airways,21/05/2019,Delhi,08:00,Cochin,0,12898
SpiceJet,27/06/2019,Kolkata,06:55,Banglore,0,3873
IndiGo,6/04/2019,Banglore,06:05,Delhi,0,4423
IndiGo,9/06/2019,Delhi,14:20,Cochin,0,6938
IndiGo,27/06/2019,Kolkata,14:25,Banglore,0,4804
IndiGo,21/06/2019,Mumbai,06:25,Hyderabad,0,4049
SpiceJet,1/05/2019,Kolkata,17:10,Banglore,0,4174
Jet Airways,6/06/2019,Delhi,21:25,Cochin,0,13292
Jet Airways,9/05/2019,Kolkata,17:00,Banglore,0,12121
Jet Airways,21/05/2019,Kolkata,06:30,Banglore,0,8586
Jet Airways,1/06/2019,Delhi,02:15,Cochin,0,10262
IndiGo,24/04/2019,Delhi,07:35,Cochin,0,5073
Vistara,18/04/2019,Banglore,19:30,Delhi,0,5823
GoAir,24/03/2019,Banglore,11:40,New Delhi,0,3898
Air India,21/05/2019,Kolkata,12:00,Banglore,0,7662
Multiple carriers,21/03/2019,Delhi,07:05,Cochin,0,6717
SpiceJet,6/06/2019,Delhi,06:05,Cochin,0,5583
Jet Airways,12/05/2019,Kolkata,20:25,Banglore,0,10703
Air India,1/04/2019,Kolkata,05:50,Banglore,0,5562
Jet Airways,1/06/2019,Delhi,09:40,Cochin,0,13014
Multiple carriers,21/05/2019,Delhi,09:45,Cochin,0,9486
Air India,9/03/2019,Delhi,16:40,Cochin,0,11911
IndiGo,6/03/2019,Delhi,16:00,Cochin,0,14871
IndiGo,15/03/2019,Kolkata,05:30,Banglore,0,4148
Multiple carriers,21/05/2019,Delhi,08:00,Cochin,0,15058
Multiple carriers,9/04/2019,Delhi,17:00,Cochin,0,6838
Air India,9/06/2019,Delhi,20:00,Cochin,0,8372
Air India,9/06/2019,Delhi,20:40,Cochin,0,7690
SpiceJet,21/05/2019,Kolkata,06:55,Banglore,0,3873
GoAir,21/04/2019,Banglore,07:45,Delhi,0,4632
Vistara,6/03/2019,Mumbai,07:30,Hyderabad,0,12395
Jet Airways,6/06/2019,Delhi,19:15,Cochin,0,10262
Multiple carriers,21/05/2019,Delhi,14:00,Cochin,0,14067
Jet Airways,21/05/2019,Kolkata,17:00,Banglore,0,11467
Air India,24/06/2019,Chennai,11:40,Kolkata,0,4667
Air India,15/05/2019,Delhi,08:00,Cochin,0,8372
Air India,15/05/2019,Delhi,17:15,Cochin,0,13039
Air India,9/06/2019,Delhi,05:55,Cochin,0,10493
Jet Airways,3/03/2019,Delhi,05:25,Cochin,0,20064
GoAir,18/04/2019,Banglore,11:40,Delhi,0,4937
Air India,18/05/2019,Kolkata,16:45,Banglore,0,15170
Air India,9/03/2019,Delhi,23:00,Cochin,0,10840
Air India,9/06/2019,Kolkata,09:25,Banglore,0,11752
Jet Airways,09/03/2019,Banglore,05:50,New Delhi,0,10037
Jet Airways,1/05/2019,Kolkata,14:05,Banglore,0,14388
Air India,18/05/2019,Kolkata,14:15,Banglore,0,6245
Air India,01/03/2019,Banglore,11:05,New Delhi,0,14594
Jet Airways,12/05/2019,Kolkata,20:25,Banglore,0,13067
Jet Airways,9/06/2019,Delhi,09:00,Cochin,0,10262
Multiple carriers,9/03/2019,Delhi,04:45,Cochin,0,11249
Air India,21/05/2019,Delhi,17:20,Cochin,0,7480
Jet Airways,9/05/2019,Kolkata,14:05,Banglore,0,13941
Jet Airways,6/04/2019,Banglore,15:15,Delhi,0,7229
Air Asia,6/06/2019,Delhi,07:55,Cochin,0,8759
Air India,15/05/2019,Delhi,10:00,Cochin,0,8372
Jet Airways,09/03/2019,Banglore,08:55,New Delhi,0,11087
Air India,18/06/2019,Mumbai,15:00,Hyderabad,0,3100
IndiGo,6/05/2019,Chennai,05:15,Kolkata,0,3540
Multiple carriers,6/03/2019,Delhi,07:05,Cochin,0,17267
Air India,15/05/2019,Banglore,06:10,Delhi,0,6961
Multiple carriers,1/06/2019,Delhi,03:50,Cochin,0,12192
Jet Airways,21/05/2019,Kolkata,09:35,Banglore,0,12384
IndiGo,15/05/2019,Delhi,14:25,Cochin,0,6541
Air India,15/05/2019,Delhi,09:45,Cochin,0,7480
IndiGo,1/04/2019,Delhi,02:00,Cochin,0,5164
Air India,24/06/2019,Mumbai,06:20,Hyderabad,0,3100
Vistara,24/03/2019,Banglore,16:00,New Delhi,0,11913
Air India,27/06/2019,Delhi,14:25,Cochin,0,13591
Jet Airways,15/05/2019,Kolkata,18:55,Banglore,0,10844
SpiceJet,3/04/2019,Banglore,09:30,Delhi,0,3971
GoAir,15/06/2019,Delhi,07:00,Cochin,0,5281
Jet Airways,24/03/2019,Kolkata,19:45,Banglore,0,14231
Jet Airways,6/06/2019,Delhi,13:00,Cochin,0,14714
Jet Airways,6/05/2019,Kolkata,20:00,Banglore,0,9663
Jet Airways,24/03/2019,Kolkata,06:30,Banglore,0,8824
Jet Airways,06/03/2019,Banglore,21:25,New Delhi,0,17471
Jet Airways,12/05/2019,Kolkata,06:30,Banglore,0,13941
Jet Airways,9/05/2019,Kolkata,20:25,Banglore,0,9314
Vistara,24/03/2019,Kolkata,17:00,Banglore,0,12890
Jet Airways,3/06/2019,Delhi,19:15,Cochin,0,14714
Jet Airways,18/05/2019,Delhi,09:40,Cochin,0,15129
IndiGo,15/03/2019,Banglore,08:30,New Delhi,0,6860
Jet Airways,18/05/2019,Delhi,13:25,Cochin,0,15129
Air India,1/05/2019,Banglore,13:20,Delhi,0,6121
IndiGo,15/04/2019,Kolkata,15:15,Banglore,0,4775
GoAir,15/05/2019,Banglore,07:45,Delhi,0,3419
Multiple carriers,1/06/2019,Delhi,13:15,Cochin,0,9646
Jet Airways,3/06/2019,Delhi,09:40,Cochin,0,10368
Jet Airways,12/06/2019,Delhi,05:30,Cochin,0,10368
IndiGo,15/05/2019,Delhi,06:50,Cochin,0,6442
Air Asia,18/05/2019,Kolkata,19:55,Banglore,0,6857
Jet Airways,27/06/2019,Delhi,11:30,Cochin,0,10262
IndiGo,12/06/2019,Kolkata,21:00,Banglore,0,5930
Jet Airways,18/03/2019,Banglore,05:45,New Delhi,0,12284
SpiceJet,24/04/2019,Kolkata,09:00,Banglore,0,4174
IndiGo,3/05/2019,Chennai,14:45,Kolkata,0,3858
Vistara,24/05/2019,Kolkata,17:00,Banglore,0,9870
IndiGo,27/06/2019,Delhi,16:00,Cochin,0,6069
IndiGo,3/04/2019,Mumbai,19:05,Hyderabad,0,2754
Jet Airways,15/05/2019,Banglore,19:50,Delhi,0,7229
Air India,1/04/2019,Banglore,13:20,Delhi,0,5911
SpiceJet,9/06/2019,Delhi,06:05,Cochin,0,5583
Multiple carriers,9/04/2019,Delhi,08:00,Cochin,0,11142
Jet Airways,6/05/2019,Kolkata,16:30,Banglore,0,13941
Jet Airways,1/05/2019,Kolkata,20:25,Banglore,0,11467
Jet Airways,24/04/2019,Banglore,18:55,Delhi,0,4544
Air India,9/06/2019,Kolkata,09:25,Banglore,0,8366
Air Asia,27/05/2019,Delhi,07:55,Cochin,0,6451
Air India,9/06/2019,Delhi,17:40,Cochin,0,7468
IndiGo,24/05/2019,Kolkata,20:20,Banglore,0,4804
Multiple carriers,24/04/2019,Delhi,07:10,Cochin,0,6093
IndiGo,15/06/2019,Chennai,22:05,Kolkata,0,5277
Multiple carriers,1/06/2019,Delhi,11:40,Cochin,0,10261
Jet Airways,18/05/2019,Mumbai,07:05,Hyderabad,0,5678
GoAir,3/03/2019,Delhi,07:30,Cochin,0,6112
Jet Airways,15/06/2019,Delhi,11:40,Cochin,0,15812
Jet Airways,3/03/2019,Delhi,09:00,Cochin,0,17024
IndiGo,18/03/2019,Mumbai,16:55,Hyderabad,0,3175
Vistara,24/03/2019,Kolkata,17:00,Banglore,0,12102
Air India,12/05/2019,Kolkata,12:00,Banglore,0,10676
Air India,18/05/2019,Delhi,21:00,Cochin,0,8372
SpiceJet,27/03/2019,Delhi,15:55,Cochin,0,5111
SpiceJet,9/05/2019,Kolkata,06:55,Banglore,0,3841
SpiceJet,24/03/2019,Kolkata,22:20,Banglore,0,5831
Air India,9/05/2019,Delhi,10:55,Cochin,0,11753
IndiGo,3/06/2019,Delhi,10:35,Cochin,0,6093
Multiple carriers,6/06/2019,Delhi,10:00,Cochin,0,7723
Jet Airways,9/05/2019,Delhi,18:15,Cochin,0,12373
Jet Airways,1/06/2019,Delhi,10:00,Cochin,0,10262
Air India,1/05/2019,Kolkata,09:25,Banglore,0,16372
Air India,24/03/2019,Kolkata,09:10,Banglore,0,8026
Multiple carriers,3/06/2019,Delhi,08:00,Cochin,0,12402
SpiceJet,18/05/2019,Mumbai,22:45,Hyderabad,0,2017
Jet Airways,9/05/2019,Mumbai,02:55,Hyderabad,0,3210
Jet Airways,21/06/2019,Banglore,11:10,Delhi,0,5769
Air Asia,18/05/2019,Delhi,07:55,Cochin,0,8759
Jet Airways,18/05/2019,Delhi,13:25,Cochin,0,16704
SpiceJet,21/05/2019,Chennai,08:20,Kolkata,0,3597
Multiple carriers,18/05/2019,Delhi,10:35,Cochin,0,9627
Air India,1/05/2019,Kolkata,09:10,Banglore,0,12009
Jet Airways,15/05/2019,Kolkata,21:10,Banglore,0,14388
IndiGo,15/03/2019,Chennai,14:40,Kolkata,0,6297
Air India,1/04/2019,Mumbai,06:20,Hyderabad,0,3100
Jet Airways,9/04/2019,Banglore,06:00,Delhi,0,4544
Multiple carriers,27/05/2019,Delhi,07:00,Cochin,0,7618
IndiGo,3/04/2019,Kolkata,06:15,Banglore,0,4226
Jet Airways,21/03/2019,Delhi,19:45,Cochin,0,5963
Jet Airways,1/05/2019,Kolkata,09:35,Banglore,0,10703
IndiGo,1/05/2019,Mumbai,19:05,Hyderabad,0,2754
Jet Airways,15/05/2019,Kolkata,17:00,Banglore,0,9314
IndiGo,24/03/2019,Kolkata,15:10,Banglore,0,6762
IndiGo,9/05/2019,Mumbai,06:25,Hyderabad,0,4049
Jet Airways,27/03/2019,Delhi,05:10,Cochin,0,8728
Vistara,24/05/2019,Banglore,11:30,Delhi,0,4668
Jet Airways,15/03/2019,Banglore,08:55,New Delhi,0,9134
SpiceJet,9/05/2019,Chennai,17:45,Kolkata,0,3597
Jet Airways,15/06/2019,Delhi,18:20,Cochin,0,14300
Jet Airways,18/05/2019,Kolkata,21:10,Banglore,0,8586
Multiple carriers,24/06/2019,Delhi,11:30,Cochin,0,14848
Vistara,12/03/2019,Mumbai,07:30,Hyderabad,0,12080
IndiGo,15/05/2019,Delhi,02:00,Cochin,0,8618
Air India,6/06/2019,Kolkata,08:20,Banglore,0,10697
IndiGo,3/03/2019,Delhi,07:35,Cochin,0,8258
Air India,9/06/2019,Kolkata,05:50,Banglore,0,12723
Vistara,09/03/2019,Banglore,21:10,New Delhi,0,7240
Multiple carriers,3/03/2019,Delhi,11:30,Cochin,0,18286
Air India,18/03/2019,Banglore,08:50,New Delhi,0,11885
Multiple carriers,12/06/2019,Delhi,19:00,Cochin,0,6795
Multiple carriers,27/06/2019,Delhi,08:45,Cochin,0,11789
Air Asia,24/03/2019,Banglore,23:25,New Delhi,0,4482
Jet Airways,9/03/2019,Delhi,20:50,Cochin,0,16289
Jet Airways,12/03/2019,Banglore,20:35,New Delhi,0,11087
Jet Airways,6/05/2019,Kolkata,10:20,Banglore,0,9358
SpiceJet,27/04/2019,Banglore,21:10,Delhi,0,3971
Jet Airways,21/03/2019,Banglore,08:55,New Delhi,0,7832
Multiple carriers,27/05/2019,Delhi,06:40,Cochin,0,9315
GoAir,6/03/2019,Delhi,10:25,Cochin,0,8213
Air Asia,9/03/2019,Delhi,20:10,Cochin,0,8327
Air Asia,03/03/2019,Banglore,23:25,New Delhi,0,6135
IndiGo,21/04/2019,Kolkata,14:25,Banglore,0,5644
Vistara,6/06/2019,Kolkata,20:20,Banglore,0,8662
Multiple carriers,15/05/2019,Delhi,10:00,Cochin,0,8073
Multiple carriers,9/06/2019,Delhi,09:45,Cochin,0,9646
Jet Airways,01/03/2019,Banglore,14:05,New Delhi,0,25735
IndiGo,27/03/2019,Delhi,07:30,Cochin,0,8227
Jet Airways,6/05/2019,Kolkata,17:00,Banglore,0,11467
Jet Airways,18/03/2019,Banglore,16:55,New Delhi,0,13555
Jet Airways,15/05/2019,Banglore,15:15,Delhi,0,7229
IndiGo,21/06/2019,Banglore,00:25,Delhi,0,3419
Multiple carriers,27/06/2019,Delhi,17:45,Cochin,0,5797
Air India,6/03/2019,Delhi,07:00,Cochin,0,15407
IndiGo,27/05/2019,Delhi,16:00,Cochin,0,5054
SpiceJet,6/05/2019,Chennai,08:20,Kolkata,0,3911
Jet Airways,12/06/2019,Kolkata,18:55,Banglore,0,13044
Jet Airways,6/06/2019,Delhi,11:30,Cochin,0,14714
Jet Airways,18/06/2019,Banglore,07:10,Delhi,0,8016
Jet Airways,3/03/2019,Delhi,11:30,Cochin,0,19828
Jet Airways,12/06/2019,Delhi,14:00,Cochin,0,10262
Multiple carriers,9/05/2019,Delhi,06:00,Cochin,0,8266
Jet Airways,1/04/2019,Kolkata,20:00,Banglore,0,7064
IndiGo,9/06/2019,Delhi,06:50,Cochin,0,6442
Jet Airways,24/05/2019,Banglore,19:50,Delhi,0,6144
IndiGo,15/03/2019,Mumbai,16:55,Hyderabad,0,3175
Vistara,12/05/2019,Delhi,14:40,Cochin,0,6216
IndiGo,24/05/2019,Kolkata,19:35,Banglore,0,4226
Jet Airways,24/03/2019,Kolkata,13:55,Banglore,0,10031
Jet Airways,21/03/2019,Banglore,11:40,New Delhi,0,7832
Jet Airways,27/06/2019,Delhi,23:05,Cochin,0,12819
Multiple carriers,3/06/2019,Delhi,11:25,Cochin,0,10877
Jet Airways,3/06/2019,Delhi,05:30,Cochin,0,13344
Jet Airways,24/05/2019,Mumbai,19:35,Hyderabad,0,5678
Jet Airways,27/05/2019,Delhi,14:00,Cochin,0,12898
Jet Airways,12/06/2019,Kolkata,09:35,Banglore,0,12692
Vistara,24/03/2019,Banglore,21:10,New Delhi,0,4353
Jet Airways,21/03/2019,Delhi,10:45,Cochin,0,7791
Jet Airways,27/03/2019,Delhi,19:15,Cochin,0,6540
Air Asia,15/05/2019,Kolkata,19:55,Banglore,0,4409
Multiple carriers,27/06/2019,Delhi,09:00,Cochin,0,14848
Jet Airways,15/03/2019,Banglore,07:00,New Delhi,0,9134
Air India,6/05/2019,Banglore,10:00,Delhi,0,5228
Jet Airways,24/03/2019,Kolkata,19:45,Banglore,0,13759
Jet Airways,21/05/2019,Kolkata,06:30,Banglore,0,10118
IndiGo,9/03/2019,Delhi,07:35,Cochin,0,6674
Air India,12/06/2019,Delhi,05:10,Cochin,0,5201
Multiple carriers,9/06/2019,Delhi,14:00,Cochin,0,13377
Air India,1/05/2019,Kolkata,09:50,Banglore,0,13227
Multiple carriers,3/03/2019,Delhi,17:00,Cochin,0,17073
IndiGo,18/05/2019,Delhi,20:25,Cochin,0,6069
Jet Airways,01/03/2019,Banglore,11:40,New Delhi,0,27992
Multiple carriers,12/06/2019,Delhi,04:55,Cochin,0,10678
Jet Airways,18/03/2019,Banglore,05:45,New Delhi,0,12284
Jet Airways,9/06/2019,Kolkata,18:55,Banglore,0,10844
Multiple carriers,1/06/2019,Delhi,12:50,Cochin,0,7005
Air India,12/06/2019,Kolkata,16:50,Banglore,0,8366
Air India,6/06/2019,Delhi,06:05,Cochin,0,7952
SpiceJet,18/04/2019,Banglore,09:30,Delhi,0,5515
Jet Airways,6/03/2019,Delhi,05:25,Cochin,0,16914
Air India,6/03/2019,Mumbai,06:00,Hyderabad,0,13904
Jet Airways,21/03/2019,Delhi,16:10,Cochin,0,13180
IndiGo,27/05/2019,Chennai,13:15,Kolkata,0,3597
Air India,6/06/2019,Delhi,20:15,Cochin,0,13591
IndiGo,21/06/2019,Banglore,16:55,Delhi,0,4990
IndiGo,6/04/2019,Kolkata,15:15,Banglore,0,4268
Air India,15/05/2019,Delhi,20:30,Cochin,0,8907
Multiple carriers,12/06/2019,Delhi,11:40,Cochin,0,8266
Jet Airways,6/06/2019,Delhi,21:25,Cochin,0,10588
Air India,1/05/2019,Kolkata,09:25,Banglore,0,8366
Air India,09/03/2019,Banglore,10:30,New Delhi,0,10321
Air India,27/05/2019,Mumbai,06:20,Hyderabad,0,3100
Jet Airways,1/04/2019,Kolkata,14:05,Banglore,0,13364
Jet Airways,1/04/2019,Kolkata,18:55,Banglore,0,7064
SpiceJet,6/03/2019,Delhi,15:55,Cochin,0,9748
Jet Airways,18/03/2019,Banglore,21:25,New Delhi,0,13555
Jet Airways,21/05/2019,Kolkata,14:05,Banglore,0,10844
Jet Airways,18/05/2019,Delhi,14:35,Cochin,0,13848
Jet Airways,06/03/2019,Banglore,11:40,New Delhi,0,16736
Air India,15/05/2019,Delhi,12:00,Cochin,0,9601
Multiple carriers,9/06/2019,Delhi,12:50,Cochin,0,6795
Jet Airways,9/05/2019,Delhi,09:40,Cochin,0,15129
Jet Airways,12/05/2019,Kolkata,14:05,Banglore,0,10844
IndiGo,27/06/2019,Kolkata,20:25,Banglore,0,4804
Jet Airways,27/04/2019,Banglore,07:10,Delhi,0,7229
Jet Airways,27/05/2019,Delhi,07:05,Cochin,0,16289
IndiGo,27/03/2019,Mumbai,09:10,Hyderabad,0,4392
IndiGo,12/06/2019,Mumbai,01:40,Hyderabad,0,2754
Jet Airways,21/03/2019,Banglore,09:45,New Delhi,0,7280
Jet Airways,06/03/2019,Banglore,11:40,New Delhi,0,19225
Jet Airways,9/05/2019,Kolkata,06:30,Banglore,0,14781
SpiceJet,12/04/2019,Kolkata,22:20,Banglore,0,3873
IndiGo,1/06/2019,Delhi,11:25,Cochin,0,6416
GoAir,1/04/2019,Delhi,10:35,Cochin,0,5281
Vistara,6/03/2019,Chennai,07:05,Kolkata,0,7414
Jet Airways,27/03/2019,Delhi,09:00,Cochin,0,5963
IndiGo,15/05/2019,Mumbai,21:20,Hyderabad,0,2227
Air India,12/04/2019,Banglore,06:10,Delhi,0,5911
Air India,1/05/2019,Delhi,22:00,Cochin,0,11281
Jet Airways,21/03/2019,Banglore,22:50,New Delhi,0,7832
IndiGo,27/05/2019,Banglore,04:00,Delhi,0,3943
Vistara,18/06/2019,Chennai,07:05,Kolkata,0,3687
Jet Airways,24/06/2019,Banglore,15:15,Delhi,0,8016
IndiGo,15/03/2019,Kolkata,20:25,Banglore,0,4462
Air India,12/06/2019,Delhi,10:55,Cochin,0,11753
Jet Airways,12/03/2019,Banglore,22:55,New Delhi,0,13817
Air India,01/03/2019,Banglore,05:50,New Delhi,0,12346
Air India,18/03/2019,Mumbai,19:30,Hyderabad,0,2050
IndiGo,21/06/2019,Kolkata,11:30,Banglore,0,4804
IndiGo,27/03/2019,Delhi,06:40,Cochin,0,8574
Air India,12/06/2019,Delhi,05:00,Cochin,0,10231
Jet Airways,6/05/2019,Mumbai,19:35,Hyderabad,0,5678
Jet Airways,12/04/2019,Banglore,15:15,Delhi,0,7229
Jet Airways,06/03/2019,Banglore,14:05,New Delhi,0,13502
IndiGo,3/05/2019,Banglore,18:55,Delhi,0,4823
Vistara,6/05/2019,Kolkata,20:20,Banglore,0,8452
IndiGo,18/05/2019,Delhi,05:05,Cochin,0,6818
Jet Airways,6/04/2019,Banglore,18:55,Delhi,0,7229
SpiceJet,27/03/2019,Chennai,17:45,Kolkata,0,3384
Multiple carriers,15/06/2019,Delhi,10:00,Cochin,0,8510
Multiple carriers,21/03/2019,Delhi,09:00,Cochin,0,8307
GoAir,27/05/2019,Delhi,07:00,Cochin,0,5752
SpiceJet,9/06/2019,Mumbai,13:15,Hyderabad,0,2227
Jet Airways,6/03/2019,Delhi,22:20,Cochin,0,12583
Multiple carriers,15/05/2019,Delhi,11:25,Cochin,0,7575
Jet Airways,1/06/2019,Mumbai,02:55,Hyderabad,0,5678
Jet Airways,12/05/2019,Kolkata,21:10,Banglore,0,10844
SpiceJet,27/05/2019,Kolkata,17:10,Banglore,0,3873
Jet Airways,6/05/2019,Banglore,15:15,Delhi,0,7229
Multiple carriers,24/05/2019,Delhi,19:00,Cochin,0,8283
Jet Airways,6/06/2019,Kolkata,06:30,Banglore,0,10844
Air India,21/05/2019,Banglore,10:00,Delhi,0,6961
Multiple carriers,9/06/2019,Delhi,09:00,Cochin,0,7408
Multiple carriers,6/03/2019,Delhi,07:05,Cochin,0,6916
Vistara,12/06/2019,Kolkata,20:20,Banglore,0,8610
Air Asia,1/04/2019,Kolkata,07:35,Banglore,0,5192
Vistara,12/06/2019,Kolkata,17:00,Banglore,0,7927
Air Asia,21/05/2019,Delhi,16:45,Cochin,0,8327
IndiGo,15/05/2019,Delhi,14:20,Cochin,0,6412
Jet Airways,24/06/2019,Delhi,14:00,Cochin,0,10262
SpiceJet,1/04/2019,Kolkata,15:55,Banglore,0,7646
IndiGo,21/05/2019,Delhi,05:05,Cochin,0,6818
IndiGo,1/05/2019,Kolkata,07:10,Banglore,0,6111
Jet Airways,15/03/2019,Banglore,16:55,New Delhi,0,21934
Air India,24/04/2019,Delhi,14:10,Cochin,0,6094
IndiGo,12/04/2019,Banglore,18:55,Delhi,0,5780
Jet Airways,21/05/2019,Delhi,10:00,Cochin,0,16079
Jet Airways,9/06/2019,Delhi,21:50,Cochin,0,10262
IndiGo,9/03/2019,Delhi,05:35,Cochin,0,6885
IndiGo,21/03/2019,Banglore,16:55,New Delhi,0,6860
Multiple carriers,1/03/2019,Delhi,14:35,Cochin,0,14762
IndiGo,21/03/2019,Chennai,07:55,Kolkata,0,3384
IndiGo,1/04/2019,Banglore,01:30,Delhi,0,4423
IndiGo,15/03/2019,Kolkata,15:20,Banglore,0,4148
SpiceJet,6/06/2019,Kolkata,22:20,Banglore,0,3873
Vistara,6/06/2019,Kolkata,20:20,Banglore,0,8452
Jet Airways,1/04/2019,Kolkata,06:30,Banglore,0,10056
Jet Airways,24/05/2019,Kolkata,18:55,Banglore,0,14571
IndiGo,9/06/2019,Delhi,11:25,Cochin,0,6416
Jet Airways,6/06/2019,Delhi,16:00,Cochin,0,10262
IndiGo,1/04/2019,Banglore,04:00,Delhi,0,3943
Vistara,24/03/2019,Banglore,16:00,New Delhi,0,5613
Multiple carriers,6/06/2019,Delhi,10:20,Cochin,0,7005
SpiceJet,1/04/2019,Kolkata,09:00,Banglore,0,3873
SpiceJet,24/04/2019,Banglore,05:55,Delhi,0,3971
IndiGo,18/04/2019,Kolkata,04:40,Banglore,0,4174
Air India,1/04/2019,Kolkata,14:15,Banglore,0,6245
IndiGo,1/05/2019,Banglore,13:00,Delhi,0,4423
Air India,15/05/2019,Delhi,22:00,Cochin,0,11281
SpiceJet,24/03/2019,Kolkata,17:15,Banglore,0,6461
Air Asia,27/05/2019,Delhi,07:55,Cochin,0,6152
GoAir,12/06/2019,Delhi,14:25,Cochin,0,7870
Air Asia,18/05/2019,Delhi,16:45,Cochin,0,7353
Jet Airways,12/05/2019,Kolkata,14:05,Banglore,0,14781
Air India,3/06/2019,Delhi,10:55,Cochin,0,12173
Jet Airways,1/05/2019,Kolkata,14:05,Banglore,0,14781
Jet Airways,12/06/2019,Delhi,20:00,Cochin,0,14300
IndiGo,15/05/2019,Mumbai,12:00,Hyderabad,0,2754
Jet Airways,06/03/2019,Banglore,08:55,New Delhi,0,14815
SpiceJet,24/03/2019,Kolkata,06:55,Banglore,0,4781
Jet Airways,18/05/2019,Kolkata,16:30,Banglore,0,13941
Vistara,1/06/2019,Chennai,07:05,Kolkata,0,3687
Jet Airways,27/03/2019,Delhi,09:55,Cochin,0,12032
Air India,6/05/2019,Kolkata,14:15,Banglore,0,5510
Jet Airways,1/04/2019,Kolkata,06:30,Banglore,0,7064
IndiGo,9/03/2019,Chennai,13:20,Kolkata,0,6297
IndiGo,18/05/2019,Delhi,02:00,Cochin,0,7464
IndiGo,6/03/2019,Kolkata,15:10,Banglore,0,5618
SpiceJet,1/05/2019,Mumbai,13:15,Hyderabad,0,2437
Jet Airways,1/05/2019,Banglore,18:55,Delhi,0,4030
IndiGo,18/05/2019,Kolkata,17:35,Banglore,0,5699
Jet Airways,15/06/2019,Delhi,14:00,Cochin,0,14714
Jet Airways,9/05/2019,Delhi,18:15,Cochin,0,12373
IndiGo,24/05/2019,Delhi,18:35,Cochin,0,7503
Jet Airways,24/06/2019,Delhi,05:30,Cochin,0,13014
Air Asia,9/06/2019,Delhi,07:55,Cochin,0,8759
Jet Airways,21/05/2019,Delhi,20:00,Cochin,0,15318
IndiGo,27/05/2019,Mumbai,16:55,Hyderabad,0,3175
Jet Airways,15/05/2019,Kolkata,06:30,Banglore,0,14781
Vistara,6/03/2019,Mumbai,07:30,Hyderabad,0,12395
Jet Airways,3/06/2019,Delhi,22:50,Cochin,0,10262
IndiGo,3/05/2019,Banglore,21:15,Delhi,0,3943
Air India,9/05/2019,Delhi,22:00,Cochin,0,10441
SpiceJet,27/05/2019,Banglore,21:10,Delhi,0,3311
SpiceJet,6/06/2019,Chennai,17:45,Kolkata,0,3543
Jet Airways,12/06/2019,Kolkata,09:35,Banglore,0,12692
Air India,6/05/2019,Kolkata,09:25,Banglore,0,11542
Air India,1/05/2019,Mumbai,19:30,Hyderabad,0,3100
Multiple carriers,27/05/2019,Delhi,09:00,Cochin,0,7886
SpiceJet,27/03/2019,Kolkata,06:55,Banglore,0,3815
Jet Airways,6/06/2019,Kolkata,08:25,Banglore,0,14571
IndiGo,15/04/2019,Kolkata,06:20,Banglore,0,4226
SpiceJet,9/06/2019,Kolkata,22:20,Banglore,0,3841
Jet Airways,6/03/2019,Delhi,17:55,Cochin,0,15812
IndiGo,21/06/2019,Banglore,21:15,Delhi,0,3943
SpiceJet,15/04/2019,Kolkata,17:10,Banglore,0,4174
Air India,6/05/2019,Kolkata,05:50,Banglore,0,11883
Air Asia,27/04/2019,Kolkata,22:50,Banglore,0,4409
IndiGo,24/04/2019,Delhi,16:00,Cochin,0,5065
Air India,6/06/2019,Delhi,17:15,Cochin,0,12760
Jet Airways,3/04/2019,Mumbai,07:05,Hyderabad,0,8040
IndiGo,15/05/2019,Delhi,08:35,Cochin,0,6442
Jet Airways,1/06/2019,Delhi,19:30,Cochin,0,10368
Jet Airways,1/06/2019,Delhi,18:25,Cochin,0,14237
Air India,6/06/2019,Delhi,07:05,Cochin,0,11447
Multiple carriers,3/06/2019,Delhi,17:45,Cochin,0,7530
Jet Airways,24/06/2019,Delhi,02:15,Cochin,0,10262
Air India,18/05/2019,Banglore,13:20,Delhi,0,6121
IndiGo,9/04/2019,Kolkata,15:30,Banglore,0,4174
Jet Airways,1/06/2019,Delhi,10:00,Cochin,0,10262
Air India,6/04/2019,Banglore,17:00,Delhi,0,4651
SpiceJet,24/03/2019,Banglore,09:35,New Delhi,0,6205
Vistara,03/03/2019,Banglore,19:40,New Delhi,0,11913
IndiGo,6/06/2019,Mumbai,12:00,Hyderabad,0,2754
IndiGo,6/06/2019,Chennai,11:35,Kolkata,0,3858
Jet Airways,18/04/2019,Banglore,17:45,Delhi,0,7229
Jet Airways,3/03/2019,Delhi,02:15,Cochin,0,17024
Air India,9/06/2019,Kolkata,12:00,Banglore,0,10151
Air India,27/05/2019,Delhi,10:55,Cochin,0,13223
Air Asia,3/05/2019,Banglore,04:55,Delhi,0,6181
IndiGo,24/04/2019,Banglore,16:55,Delhi,0,4823
IndiGo,9/05/2019,Mumbai,20:05,Hyderabad,0,2437
Multiple carriers,21/05/2019,Delhi,17:00,Cochin,0,7888
Jet Airways,12/06/2019,Kolkata,08:25,Banglore,0,9899
Jet Airways,9/03/2019,Delhi,13:55,Cochin,0,17229
IndiGo,1/06/2019,Delhi,07:35,Cochin,0,5054
IndiGo,15/05/2019,Kolkata,17:35,Banglore,0,5386
Multiple carriers,9/04/2019,Delhi,12:50,Cochin,0,6481
Air India,24/03/2019,Banglore,13:20,New Delhi,0,4441
Air India,27/03/2019,Mumbai,19:30,Hyderabad,0,2575
Air India,12/06/2019,Delhi,13:30,Cochin,0,8991
IndiGo,6/06/2019,Delhi,06:50,Cochin,0,6674
Jet Airways,21/05/2019,Kolkata,14:05,Banglore,0,10844
Jet Airways,27/06/2019,Banglore,08:20,Delhi,0,6478
IndiGo,18/05/2019,Kolkata,09:20,Banglore,0,12198
Air India,21/03/2019,Delhi,17:15,Cochin,0,8245
Jet Airways,21/06/2019,Mumbai,19:35,Hyderabad,0,3210
SpiceJet,15/06/2019,Kolkata,09:00,Banglore,0,3873
IndiGo,9/06/2019,Chennai,11:35,Kolkata,0,3858
IndiGo,27/03/2019,Delhi,08:35,Cochin,0,6494
Air India,3/06/2019,Delhi,20:15,Cochin,0,13381
Jet Airways,01/03/2019,Banglore,16:55,New Delhi,0,26890
Multiple carriers,3/06/2019,Delhi,09:15,Cochin,0,11622
GoAir,9/06/2019,Delhi,07:30,Cochin,0,6276
IndiGo,6/03/2019,Kolkata,22:10,Banglore,0,4778
Jet Airways,6/06/2019,Delhi,13:00,Cochin,0,10262
Air Asia,3/06/2019,Delhi,07:55,Cochin,0,8759
Air India,6/06/2019,Mumbai,06:20,Hyderabad,0,3100
GoAir,24/03/2019,Kolkata,06:35,Banglore,0,4773
Multiple carriers,3/03/2019,Delhi,13:05,Cochin,0,11966
GoAir,6/04/2019,Delhi,07:00,Cochin,0,5135
Jet Airways,9/05/2019,Banglore,18:55,Delhi,0,3702
SpiceJet,3/06/2019,Banglore,21:10,Delhi,0,3311
SpiceJet,6/06/2019,Kolkata,15:05,Banglore,0,4649
Jet Airways,9/06/2019,Mumbai,19:35,Hyderabad,0,5678
Jet Airways,1/06/2019,Delhi,19:30,Cochin,0,13014
IndiGo,27/05/2019,Delhi,06:50,Cochin,0,5530
Jet Airways,01/03/2019,Banglore,22:50,New Delhi,0,26890
Air India,24/06/2019,Delhi,03:50,Cochin,0,8669
IndiGo,6/05/2019,Kolkata,15:15,Banglore,0,4804
Air India,6/03/2019,Mumbai,19:30,Hyderabad,0,5462
Jet Airways,1/05/2019,Kolkata,10:20,Banglore,0,5608
Vistara,1/05/2019,Banglore,11:30,Delhi,0,4668
Vistara,12/06/2019,Kolkata,07:10,Banglore,0,7927
Air India,24/05/2019,Kolkata,05:50,Banglore,0,12723
SpiceJet,21/06/2019,Kolkata,09:00,Banglore,0,3841
Jet Airways,1/05/2019,Kolkata,17:00,Banglore,0,11467
IndiGo,12/05/2019,Kolkata,04:40,Banglore,0,4804
IndiGo,21/04/2019,Banglore,04:00,Delhi,0,4423
SpiceJet,15/05/2019,Banglore,09:30,Delhi,0,4423
Multiple carriers,15/05/2019,Delhi,14:55,Cochin,0,6513
Multiple carriers,27/05/2019,Delhi,09:45,Cochin,0,10486
Air India,6/06/2019,Kolkata,16:50,Banglore,0,8366
Jet Airways,9/05/2019,Delhi,19:10,Cochin,0,15129
IndiGo,24/03/2019,Banglore,18:25,New Delhi,0,8033
SpiceJet,1/04/2019,Delhi,06:05,Cochin,0,5351
Jet Airways,3/06/2019,Delhi,18:25,Cochin,0,14237
Jet Airways,24/05/2019,Kolkata,18:55,Banglore,0,13731
Vistara,6/06/2019,Kolkata,07:10,Banglore,0,8610
Air India,15/06/2019,Delhi,06:05,Cochin,0,7480
Jet Airways,24/05/2019,Kolkata,08:25,Banglore,0,14571
IndiGo,3/03/2019,Chennai,19:35,Kolkata,0,7295
Air India,27/06/2019,Kolkata,20:45,Banglore,0,4145
Multiple carriers,9/03/2019,Delhi,02:15,Cochin,0,18260
Air Asia,12/06/2019,Kolkata,06:50,Banglore,0,5162
Multiple carriers,27/03/2019,Delhi,08:55,Cochin,0,8055
IndiGo,21/03/2019,Banglore,19:35,New Delhi,0,6575
SpiceJet,24/03/2019,Banglore,05:45,New Delhi,0,4273
SpiceJet,24/03/2019,Banglore,05:45,New Delhi,0,3527
Jet Airways,3/06/2019,Delhi,17:30,Cochin,0,14714
IndiGo,3/03/2019,Mumbai,09:10,Hyderabad,0,5755
IndiGo,15/05/2019,Delhi,10:35,Cochin,0,6979
Multiple carriers,21/03/2019,Delhi,07:05,Cochin,0,6653
SpiceJet,21/03/2019,Kolkata,17:15,Banglore,0,3815
SpiceJet,9/06/2019,Chennai,09:45,Kolkata,0,3597
Air India,9/05/2019,Kolkata,16:50,Banglore,0,12592
Multiple carriers,21/05/2019,Delhi,13:00,Cochin,0,7888
Air Asia,3/06/2019,Delhi,16:45,Cochin,0,11410
IndiGo,9/04/2019,Kolkata,11:30,Banglore,0,4966
Jet Airways,9/05/2019,Kolkata,14:05,Banglore,0,7757
Jet Airways,27/05/2019,Delhi,19:30,Cochin,0,13029
Air India,24/05/2019,Kolkata,14:15,Banglore,0,5510
IndiGo,1/06/2019,Banglore,10:10,Delhi,0,3943
Air India,24/05/2019,Kolkata,07:00,Banglore,0,13873
Jet Airways,12/06/2019,Delhi,18:20,Cochin,0,14300
Jet Airways,12/06/2019,Kolkata,08:25,Banglore,0,13626
Jet Airways,21/05/2019,Banglore,18:55,Delhi,0,4030
Air India,21/05/2019,Delhi,17:15,Cochin,0,11972
IndiGo,6/06/2019,Banglore,20:00,Delhi,0,4823
Jet Airways,9/05/2019,Delhi,17:30,Cochin,0,12373
Jet Airways,12/03/2019,Banglore,22:55,New Delhi,0,13817
IndiGo,24/05/2019,Mumbai,06:25,Hyderabad,0,4049
SpiceJet,27/05/2019,Banglore,09:30,Delhi,0,3625
Jet Airways,24/06/2019,Banglore,08:20,Delhi,0,5769
Vistara,24/05/2019,Kolkata,07:10,Banglore,0,9555
Jet Airways,3/05/2019,Mumbai,07:05,Hyderabad,0,4995
Air Asia,24/04/2019,Banglore,11:10,Delhi,0,3383
Jet Airways,27/05/2019,Delhi,19:10,Cochin,0,15129
Jet Airways,1/05/2019,Banglore,08:20,Delhi,0,7229
Jet Airways,18/03/2019,Banglore,05:45,New Delhi,0,12284
Jet Airways,27/05/2019,Delhi,07:05,Cochin,0,12898
Jet Airways,12/03/2019,Banglore,07:00,New Delhi,0,13817
IndiGo,15/04/2019,Banglore,21:15,Delhi,0,3943
Air India,1/06/2019,Delhi,22:00,Cochin,0,10861
Jet Airways,1/06/2019,Delhi,06:45,Cochin,0,13376
Jet Airways,1/05/2019,Delhi,23:05,Cochin,0,15129
SpiceJet,24/03/2019,Mumbai,05:45,Hyderabad,0,2175
IndiGo,18/05/2019,Kolkata,08:10,Banglore,0,5279
Jet Airways,24/03/2019,Kolkata,19:45,Banglore,0,13759
SpiceJet,1/05/2019,Banglore,09:30,Delhi,0,4423
Air India,03/03/2019,Banglore,10:30,New Delhi,0,11003
Multiple carriers,21/03/2019,Delhi,08:00,Cochin,0,14486
Jet Airways,9/05/2019,Banglore,19:50,Delhi,0,7229
IndiGo,3/03/2019,Delhi,15:00,Cochin,0,14871
Jet Airways,1/04/2019,Kolkata,20:00,Banglore,0,12681
IndiGo,12/04/2019,Banglore,21:15,Delhi,0,4990
Multiple carriers,27/03/2019,Delhi,18:00,Cochin,0,6673
Jet Airways,1/06/2019,Delhi,02:15,Cochin,0,14714
Jet Airways,27/03/2019,Delhi,08:00,Cochin,0,6645
Multiple carriers,21/03/2019,Delhi,10:45,Cochin,0,7154
Vistara,27/05/2019,Banglore,07:00,Delhi,0,4668
SpiceJet,24/05/2019,Mumbai,22:45,Hyderabad,0,2017
Air India,21/05/2019,Kolkata,19:00,Banglore,0,6117
Air India,12/06/2019,Delhi,06:50,Cochin,0,13381
Air India,12/06/2019,Delhi,09:45,Cochin,0,10975
Multiple carriers Premium economy,21/03/2019,Delhi,06:00,Cochin,0,11269
Multiple carriers,12/06/2019,Delhi,11:30,Cochin,0,13587
Jet Airways,12/06/2019,Kolkata,18:55,Banglore,0,13044
Jet Airways,27/03/2019,Delhi,17:30,Cochin,0,6540
Air India,9/05/2019,Delhi,12:30,Cochin,0,7480
Jet Airways,27/05/2019,Delhi,11:40,Cochin,0,19644
IndiGo,9/06/2019,Kolkata,21:25,Banglore,0,4804
Multiple carriers,21/05/2019,Delhi,09:00,Cochin,0,10197
Jet Airways,21/05/2019,Kolkata,06:30,Banglore,0,9663
Jet Airways,1/06/2019,Delhi,15:00,Cochin,0,14714
Multiple carriers,1/03/2019,Delhi,00:20,Cochin,0,29528
Jet Airways,27/06/2019,Banglore,07:10,Delhi,0,8016
Air India,9/06/2019,Delhi,05:15,Cochin,0,6587
Air India,12/03/2019,Mumbai,01:35,Hyderabad,0,9977
Jet Airways,9/05/2019,Kolkata,21:10,Banglore,0,14388
Jet Airways,1/06/2019,Delhi,14:35,Cochin,0,13376
GoAir,15/05/2019,Kolkata,16:40,Banglore,0,7831
IndiGo,9/03/2019,Delhi,16:00,Cochin,0,13611
Vistara,9/06/2019,Kolkata,20:20,Banglore,0,9397
Multiple carriers,15/05/2019,Delhi,06:00,Cochin,0,8266
Jet Airways,21/03/2019,Delhi,10:20,Cochin,0,11664
IndiGo,15/05/2019,Delhi,10:35,Cochin,0,6979
Jet Airways,3/03/2019,Delhi,09:55,Cochin,0,18550
Jet Airways,24/03/2019,Kolkata,16:55,Banglore,0,14231
Air India,1/06/2019,Delhi,19:45,Cochin,0,10651
Multiple carriers,15/05/2019,Delhi,15:15,Cochin,0,7670
GoAir,24/03/2019,Banglore,07:45,New Delhi,0,4239
Multiple carriers,27/03/2019,Delhi,07:05,Cochin,0,12537
SpiceJet,27/03/2019,Mumbai,05:45,Hyderabad,0,1759
IndiGo,6/03/2019,Chennai,05:15,Kolkata,0,6482
Jet Airways,3/05/2019,Banglore,11:10,Delhi,0,7229
Air India,12/03/2019,Mumbai,21:05,Hyderabad,0,4307
IndiGo,21/03/2019,Delhi,16:10,Cochin,0,6528
Jet Airways,18/05/2019,Kolkata,14:05,Banglore,0,14781
Air India,18/05/2019,Delhi,22:00,Cochin,0,10441
Jet Airways,21/03/2019,Delhi,15:00,Cochin,0,12767
Air India,9/05/2019,Delhi,14:10,Cochin,0,6094
IndiGo,6/06/2019,Kolkata,20:25,Banglore,0,4804
Air India,18/03/2019,Banglore,13:50,New Delhi,0,11161
SpiceJet,6/06/2019,Mumbai,13:15,Hyderabad,0,1965
SpiceJet,1/04/2019,Kolkata,06:55,Banglore,0,3873
Multiple carriers,9/05/2019,Delhi,14:55,Cochin,0,6805
Jet Airways,9/03/2019,Delhi,21:50,Cochin,0,15029
Jet Airways,12/06/2019,Delhi,20:55,Cochin,0,10262
Jet Airways,9/05/2019,Kolkata,16:30,Banglore,0,14781
Multiple carriers,9/06/2019,Delhi,16:00,Cochin,0,13587
Multiple carriers,27/06/2019,Delhi,04:55,Cochin,0,7155
Multiple carriers,27/05/2019,Delhi,10:00,Cochin,0,9718
Jet Airways,12/05/2019,Kolkata,21:10,Banglore,0,13941
Jet Airways,27/03/2019,Delhi,06:20,Cochin,0,12273
Jet Airways,21/05/2019,Delhi,22:50,Cochin,0,16079
Vistara,27/03/2019,Delhi,06:00,Cochin,0,4851
IndiGo,27/03/2019,Mumbai,06:20,Hyderabad,0,3175
Jet Airways,6/05/2019,Kolkata,20:00,Banglore,0,9663
Air India,21/03/2019,Mumbai,19:30,Hyderabad,0,2575
IndiGo,1/04/2019,Banglore,08:30,Delhi,0,4823
Jet Airways,1/06/2019,Delhi,22:50,Cochin,0,10262
Multiple carriers,6/06/2019,Delhi,14:00,Cochin,0,13377
IndiGo,18/05/2019,Mumbai,19:05,Hyderabad,0,2754
Air India,18/05/2019,Kolkata,12:00,Banglore,0,10361
Jet Airways,12/03/2019,Banglore,09:45,New Delhi,0,12295
IndiGo,9/03/2019,Kolkata,14:20,Banglore,0,4148
IndiGo,15/06/2019,Delhi,09:15,Cochin,0,6838
Jet Airways,12/06/2019,Delhi,13:00,Cochin,0,10262
SpiceJet,9/03/2019,Kolkata,06:55,Banglore,0,4622
Jet Airways,3/06/2019,Delhi,10:00,Cochin,0,11627
Air India,1/06/2019,Delhi,12:30,Cochin,0,7480
Air India,21/03/2019,Banglore,08:15,New Delhi,0,4943
Jet Airways,12/06/2019,Kolkata,16:30,Banglore,0,8529
Jet Airways,9/06/2019,Delhi,15:00,Cochin,0,10262
SpiceJet,12/05/2019,Mumbai,13:15,Hyderabad,0,2227
Jet Airways,15/06/2019,Delhi,19:45,Cochin,0,10262
Jet Airways,27/04/2019,Banglore,18:55,Delhi,0,4544
Jet Airways,6/06/2019,Kolkata,10:20,Banglore,0,11316
Air India,9/05/2019,Kolkata,10:00,Banglore,0,13033
Jet Airways,27/05/2019,Mumbai,10:20,Hyderabad,0,4995
Jet Airways,21/05/2019,Kolkata,18:55,Banglore,0,10844
Air India,6/03/2019,Mumbai,21:05,Hyderabad,0,5462
Vistara,27/05/2019,Delhi,06:00,Cochin,0,6216
Air India,27/05/2019,Kolkata,20:45,Banglore,0,4145
IndiGo,12/06/2019,Banglore,18:55,Delhi,0,4823
Jet Airways,12/03/2019,Banglore,08:00,New Delhi,0,13817
Air India,12/06/2019,Delhi,14:10,Cochin,0,5201
Multiple carriers,15/06/2019,Delhi,13:00,Cochin,0,13377
Jet Airways,18/05/2019,Delhi,23:05,Cochin,0,15129
SpiceJet,21/04/2019,Banglore,09:30,Delhi,0,4885
Jet Airways,12/05/2019,Kolkata,20:00,Banglore,0,8586
Air Asia,27/03/2019,Delhi,20:10,Cochin,0,6151
SpiceJet,3/05/2019,Mumbai,13:15,Hyderabad,0,2017
IndiGo,3/03/2019,Mumbai,16:55,Hyderabad,0,6795
GoAir,6/05/2019,Banglore,20:55,Delhi,0,3419
Multiple carriers,18/05/2019,Delhi,09:00,Cochin,0,13727
Multiple carriers,9/05/2019,Delhi,07:05,Cochin,0,8310
Jet Airways,21/03/2019,Banglore,07:00,New Delhi,0,7832
Air Asia,9/06/2019,Kolkata,07:35,Banglore,0,7870
IndiGo,21/06/2019,Kolkata,17:15,Banglore,0,4804
Vistara,18/03/2019,Delhi,14:55,Cochin,0,5586
Jet Airways,3/06/2019,Delhi,11:40,Cochin,0,18804
Jet Airways,3/06/2019,Delhi,21:25,Cochin,0,13292
Vistara,9/06/2019,Chennai,17:45,Kolkata,0,11982
Jet Airways,21/05/2019,Kolkata,20:25,Banglore,0,11467
IndiGo,15/05/2019,Banglore,22:10,Delhi,0,3419
SpiceJet,18/04/2019,Banglore,21:10,Delhi,0,5515
Jet Airways,06/03/2019,Banglore,22:50,New Delhi,0,17471
Jet Airways,27/06/2019,Delhi,23:05,Cochin,0,11150
Vistara,12/05/2019,Kolkata,17:00,Banglore,0,9922
Air India,9/05/2019,Kolkata,07:00,Banglore,0,10203
Jet Airways,3/06/2019,Delhi,19:15,Cochin,0,10262
SpiceJet,3/05/2019,Banglore,09:30,Delhi,0,4423
IndiGo,15/05/2019,Banglore,07:10,Delhi,0,4823
Air India,12/03/2019,Mumbai,05:55,Hyderabad,0,8528
Air India,18/05/2019,Banglore,17:00,Delhi,0,7171
Multiple carriers,21/03/2019,Delhi,09:00,Cochin,0,6883
Vistara,24/06/2019,Banglore,21:00,Delhi,0,4668
Air India,15/03/2019,Banglore,06:10,New Delhi,0,7276
Jet Airways,1/05/2019,Delhi,09:40,Cochin,0,15129
Multiple carriers,27/05/2019,Delhi,10:00,Cochin,0,11446
IndiGo,6/04/2019,Kolkata,19:20,Banglore,0,3480
Vistara,1/05/2019,Kolkata,20:20,Banglore,0,9187
Jet Airways,21/04/2019,Banglore,18:55,Delhi,0,7229
Multiple carriers,3/03/2019,Delhi,10:00,Cochin,0,16863
IndiGo,27/05/2019,Delhi,17:30,Cochin,0,6206
Jet Airways,03/03/2019,Banglore,08:00,New Delhi,0,13502
SpiceJet,15/05/2019,Kolkata,17:10,Banglore,0,3841
Jet Airways,27/04/2019,Banglore,06:00,Delhi,0,4544
IndiGo,1/05/2019,Mumbai,09:10,Hyderabad,0,4575
IndiGo,6/04/2019,Banglore,23:30,Delhi,0,4591
Air Asia,24/05/2019,Kolkata,22:50,Banglore,0,4107
Multiple carriers,21/05/2019,Delhi,06:00,Cochin,0,9794
SpiceJet,15/06/2019,Kolkata,06:55,Banglore,0,3841
SpiceJet,6/04/2019,Kolkata,22:20,Banglore,0,3841
GoAir,9/05/2019,Delhi,07:25,Cochin,0,5842
IndiGo,18/05/2019,Banglore,13:00,Delhi,0,4423
IndiGo,6/03/2019,Delhi,05:35,Cochin,0,7673
Jet Airways,12/06/2019,Kolkata,09:35,Banglore,0,10539
Jet Airways,9/06/2019,Kolkata,18:55,Banglore,0,11841
Jet Airways,3/06/2019,Delhi,11:30,Cochin,0,10262
Jet Airways,18/03/2019,Banglore,08:55,New Delhi,0,12284
Multiple carriers,6/06/2019,Delhi,15:05,Cochin,0,15965
Jet Airways,12/05/2019,Kolkata,08:25,Banglore,0,9663
Jet Airways,1/06/2019,Delhi,07:05,Cochin,0,15190
Multiple carriers,9/06/2019,Delhi,03:50,Cochin,0,7408
Jet Airways,9/05/2019,Kolkata,16:30,Banglore,0,8586
Jet Airways,6/05/2019,Kolkata,09:35,Banglore,0,12384
Air India,21/03/2019,Banglore,11:50,New Delhi,0,5092
Jet Airways,24/05/2019,Kolkata,16:30,Banglore,0,14178
Jet Airways,3/06/2019,Delhi,09:35,Cochin,0,11507
IndiGo,21/05/2019,Delhi,10:35,Cochin,0,6794
Multiple carriers,27/05/2019,Delhi,07:10,Cochin,0,7878
Jet Airways,21/05/2019,Kolkata,18:55,Banglore,0,10844
Jet Airways,6/06/2019,Delhi,17:30,Cochin,0,14714
Jet Airways,24/06/2019,Delhi,16:00,Cochin,0,10262
Jet Airways,9/05/2019,Delhi,19:30,Cochin,0,13029
Jet Airways,6/06/2019,Delhi,16:00,Cochin,0,10262
Air India,6/06/2019,Kolkata,09:50,Banglore,0,14960
Multiple carriers,21/05/2019,Delhi,08:45,Cochin,0,8266
Jet Airways,24/03/2019,Banglore,19:55,New Delhi,0,7229
SpiceJet,9/03/2019,Delhi,06:10,Cochin,0,8382
Air India,12/03/2019,Mumbai,06:00,Hyderabad,0,12854
IndiGo,21/05/2019,Mumbai,19:05,Hyderabad,0,2754
Jet Airways,21/05/2019,Delhi,09:35,Cochin,0,12719
IndiGo,6/06/2019,Kolkata,10:30,Banglore,0,6301
Multiple carriers,9/05/2019,Delhi,08:30,Cochin,0,9627
IndiGo,1/03/2019,Kolkata,22:10,Banglore,0,4778
IndiGo,3/05/2019,Banglore,07:10,Delhi,0,4823
Air Asia,18/04/2019,Kolkata,10:20,Banglore,0,4409
Vistara,21/05/2019,Banglore,19:30,Delhi,0,4878
Multiple carriers,15/06/2019,Delhi,15:00,Cochin,0,13377
Air Asia,15/05/2019,Kolkata,22:40,Banglore,0,5192
Air India,21/05/2019,Chennai,11:40,Kolkata,0,4667
IndiGo,6/05/2019,Kolkata,09:20,Banglore,0,11319
GoAir,15/06/2019,Delhi,07:25,Cochin,0,5842
Jet Airways,6/05/2019,Kolkata,18:55,Banglore,0,7757
Jet Airways,3/06/2019,Delhi,19:15,Cochin,0,10262
Jet Airways,09/03/2019,Banglore,08:00,New Delhi,0,11087
Jet Airways,12/06/2019,Delhi,12:15,Cochin,0,14300
Air Asia,3/06/2019,Delhi,16:45,Cochin,0,11410
GoAir,24/03/2019,Banglore,07:45,New Delhi,0,5048
Jet Airways,27/06/2019,Delhi,07:05,Cochin,0,14714
Jet Airways,9/06/2019,Kolkata,16:30,Banglore,0,10844
IndiGo,12/05/2019,Delhi,14:25,Cochin,0,5000
Air India,9/05/2019,Mumbai,21:05,Hyderabad,0,3100
Jet Airways,21/05/2019,Kolkata,21:10,Banglore,0,10844
Jet Airways,27/06/2019,Mumbai,10:20,Hyderabad,0,8040
Multiple carriers,3/03/2019,Delhi,09:10,Cochin,0,15135
Multiple carriers,27/05/2019,Delhi,15:00,Cochin,0,13377
Air Asia,9/05/2019,Kolkata,22:40,Banglore,0,5192
Air India,9/06/2019,Delhi,19:45,Cochin,0,9968
Multiple carriers,27/03/2019,Delhi,08:00,Cochin,0,11667
SpiceJet,27/06/2019,Chennai,09:45,Kolkata,0,3597
Jet Airways,27/03/2019,Delhi,15:05,Cochin,0,6017
Vistara,18/06/2019,Banglore,17:00,Delhi,0,4878
Air India,12/05/2019,Kolkata,10:00,Banglore,0,10203
IndiGo,12/03/2019,Kolkata,14:20,Banglore,0,4148
IndiGo,15/05/2019,Delhi,05:05,Cochin,0,6818
Jet Airways,9/04/2019,Delhi,23:05,Cochin,0,9483
Air India,9/04/2019,Delhi,20:40,Cochin,0,4487
SpiceJet,24/06/2019,Chennai,08:20,Kolkata,0,3597
Vistara,12/06/2019,Banglore,21:00,Delhi,0,4668
IndiGo,21/03/2019,Banglore,14:25,New Delhi,0,7708
IndiGo,1/06/2019,Kolkata,21:25,Banglore,0,4804
IndiGo,24/06/2019,Delhi,07:30,Cochin,0,6093
Air India,18/03/2019,Banglore,17:25,New Delhi,0,12568
Jet Airways,12/05/2019,Kolkata,21:10,Banglore,0,9663
Air Asia,15/06/2019,Banglore,11:10,Delhi,0,3383
Air India,12/06/2019,Kolkata,05:50,Banglore,0,12723
Air India,1/04/2019,Kolkata,12:00,Banglore,0,9258
IndiGo,27/03/2019,Delhi,05:35,Cochin,0,4729
IndiGo,24/06/2019,Delhi,17:05,Cochin,0,6147
Vistara,24/05/2019,Banglore,07:00,Delhi,0,4668
Air India,24/03/2019,Kolkata,07:00,Banglore,0,11491
Air India,6/06/2019,Delhi,12:55,Cochin,0,12646
Jet Airways,21/05/2019,Mumbai,19:35,Hyderabad,0,3210
Air Asia,24/05/2019,Kolkata,10:20,Banglore,0,4409
Jet Airways,9/06/2019,Kolkata,09:35,Banglore,0,14676
Air India,15/06/2019,Chennai,11:40,Kolkata,0,4667
Jet Airways,15/05/2019,Kolkata,09:35,Banglore,0,9314
IndiGo,18/06/2019,Chennai,13:15,Kolkata,0,3597
IndiGo,24/06/2019,Delhi,05:10,Cochin,0,6496
IndiGo,1/06/2019,Banglore,00:25,Delhi,0,4077
Air India,15/06/2019,Delhi,09:45,Cochin,0,10975
Air India,24/06/2019,Delhi,17:20,Cochin,0,7480
Air India,09/03/2019,Banglore,22:00,New Delhi,0,8425
Air India,09/03/2019,Banglore,22:00,New Delhi,0,8425
SpiceJet,1/04/2019,Banglore,05:55,Delhi,0,3971
Jet Airways,21/03/2019,Banglore,08:55,New Delhi,0,6992
Jet Airways,6/04/2019,Banglore,08:20,Delhi,0,4544
IndiGo,9/05/2019,Mumbai,12:00,Hyderabad,0,4392
Jet Airways,27/06/2019,Delhi,23:05,Cochin,0,12819
IndiGo,15/04/2019,Banglore,20:00,Delhi,0,4823
Jet Airways,15/05/2019,Kolkata,16:30,Banglore,0,10844
Jet Airways,9/05/2019,Delhi,09:40,Cochin,0,13029
Jet Airways,15/06/2019,Delhi,10:00,Cochin,0,14714
IndiGo,9/03/2019,Kolkata,05:30,Banglore,0,4148
Jet Airways,18/05/2019,Delhi,19:15,Cochin,0,12373
Air India,3/04/2019,Banglore,17:00,Delhi,0,5176
Air India,12/03/2019,Banglore,08:50,New Delhi,0,13303
SpiceJet,9/05/2019,Kolkata,08:35,Banglore,0,6171
IndiGo,3/04/2019,Banglore,08:30,Delhi,0,4823
Vistara,3/05/2019,Banglore,17:00,Delhi,0,5613
IndiGo,09/03/2019,Banglore,13:10,New Delhi,0,8033
Jet Airways,12/06/2019,Kolkata,18:55,Banglore,0,8529
IndiGo,24/06/2019,Delhi,10:35,Cochin,0,5894
IndiGo,27/06/2019,Kolkata,22:15,Banglore,0,4804
Jet Airways,9/05/2019,Kolkata,14:05,Banglore,0,14781
Jet Airways,9/03/2019,Delhi,19:45,Cochin,0,11848
Vistara,9/06/2019,Banglore,21:00,Delhi,0,4668
Jet Airways,27/03/2019,Delhi,18:15,Cochin,0,6540
Jet Airways,1/06/2019,Delhi,18:15,Cochin,0,14714
IndiGo,12/05/2019,Chennai,11:35,Kolkata,0,4332
Vistara,24/03/2019,Kolkata,07:10,Banglore,0,11682
IndiGo,3/03/2019,Kolkata,20:25,Banglore,0,6038
Multiple carriers,3/03/2019,Delhi,07:00,Cochin,0,15603
Vistara,24/03/2019,Banglore,11:30,New Delhi,0,5403
Jet Airways,24/05/2019,Kolkata,08:25,Banglore,0,10844
Jet Airways,9/05/2019,Delhi,19:15,Cochin,0,15554
IndiGo,18/03/2019,Mumbai,06:20,Hyderabad,0,3342
Multiple carriers,1/06/2019,Delhi,18:00,Cochin,0,7933
IndiGo,24/06/2019,Delhi,16:00,Cochin,0,6316
IndiGo,18/05/2019,Delhi,10:35,Cochin,0,7503
Vistara,6/06/2019,Kolkata,07:10,Banglore,0,8610
Jet Airways,12/05/2019,Kolkata,17:00,Banglore,0,14151
Multiple carriers,9/04/2019,Delhi,11:40,Cochin,0,6645
IndiGo,18/05/2019,Delhi,07:35,Cochin,0,6442
Jet Airways,24/03/2019,Kolkata,21:10,Banglore,0,14914
Air India,21/05/2019,Kolkata,09:25,Banglore,0,8891
Jet Airways,6/06/2019,Kolkata,16:30,Banglore,0,10844
IndiGo,18/05/2019,Mumbai,12:00,Hyderabad,0,2754
Jet Airways,27/06/2019,Delhi,11:30,Cochin,0,14714
Multiple carriers,15/05/2019,Delhi,18:00,Cochin,0,8073
SpiceJet,1/04/2019,Kolkata,22:20,Banglore,0,3873
IndiGo,15/06/2019,Delhi,16:00,Cochin,0,6316
IndiGo,3/03/2019,Delhi,06:40,Cochin,0,9304
Multiple carriers,1/06/2019,Delhi,11:40,Cochin,0,7740
IndiGo,27/05/2019,Mumbai,12:00,Hyderabad,0,2754
Jet Airways,15/05/2019,Kolkata,16:30,Banglore,0,14781
IndiGo,3/06/2019,Banglore,01:30,Delhi,0,3943
SpiceJet,18/06/2019,Banglore,05:55,Delhi,0,3625
Multiple carriers,1/06/2019,Delhi,09:00,Cochin,0,7933
IndiGo,18/03/2019,Banglore,16:55,New Delhi,0,4049
Jet Airways,12/05/2019,Kolkata,06:30,Banglore,0,13941
Vistara,1/04/2019,Kolkata,20:20,Banglore,0,7927
Multiple carriers,27/03/2019,Delhi,17:00,Cochin,0,6673
SpiceJet,1/05/2019,Chennai,09:45,Kolkata,0,3597
IndiGo,6/03/2019,Delhi,07:35,Cochin,0,7094
Jet Airways,24/05/2019,Kolkata,10:20,Banglore,0,8781
SpiceJet,3/04/2019,Kolkata,15:05,Banglore,0,4649
SpiceJet,27/03/2019,Chennai,09:30,Kolkata,0,3384
Multiple carriers,18/05/2019,Delhi,04:55,Cochin,0,7564
Jet Airways,12/05/2019,Kolkata,06:30,Banglore,0,14781
Jet Airways,6/05/2019,Kolkata,17:00,Banglore,0,12121
Air India,12/03/2019,Mumbai,05:05,Hyderabad,0,16172
SpiceJet,6/03/2019,Delhi,06:10,Cochin,0,9748
SpiceJet,1/06/2019,Banglore,21:10,Delhi,0,3573
Jet Airways,18/05/2019,Delhi,20:00,Cochin,0,15318
Jet Airways,24/06/2019,Delhi,23:05,Cochin,0,12819
Air India,3/03/2019,Delhi,21:30,Cochin,0,12497
Jet Airways,9/06/2019,Kolkata,20:25,Banglore,0,13469
Air India,15/06/2019,Delhi,13:15,Cochin,0,12182
Air India,6/06/2019,Kolkata,05:50,Banglore,0,10991
Multiple carriers,6/03/2019,Delhi,08:55,Cochin,0,15411
Jet Airways,24/05/2019,Kolkata,06:30,Banglore,0,14178
IndiGo,21/03/2019,Banglore,07:30,New Delhi,0,5694
Jet Airways,1/04/2019,Banglore,19:50,Delhi,0,4544
Jet Airways,12/03/2019,Banglore,22:55,New Delhi,0,13817
IndiGo,3/03/2019,Delhi,09:10,Cochin,0,14871
Jet Airways,9/03/2019,Delhi,10:45,Cochin,0,17282
Jet Airways,9/04/2019,Banglore,08:20,Delhi,0,4544
Vistara,12/06/2019,Banglore,07:00,Delhi,0,4668
Air India,1/06/2019,Delhi,09:00,Cochin,0,10454
Air India,27/05/2019,Delhi,21:00,Cochin,0,8372
Jet Airways,15/06/2019,Delhi,13:00,Cochin,0,10262
IndiGo,21/03/2019,Delhi,09:10,Cochin,0,9709
Jet Airways,27/06/2019,Delhi,18:20,Cochin,0,14300
IndiGo,09/03/2019,Banglore,01:30,New Delhi,0,4545
IndiGo,3/05/2019,Banglore,10:10,Delhi,0,3943
Jet Airways,6/05/2019,Kolkata,20:25,Banglore,0,11467
IndiGo,1/05/2019,Kolkata,15:30,Banglore,0,4804
IndiGo,24/04/2019,Delhi,06:50,Cochin,0,5298
Air India,6/06/2019,Kolkata,08:20,Banglore,0,10697
Air India,15/05/2019,Kolkata,19:00,Banglore,0,6117
Air Asia,9/06/2019,Kolkata,07:35,Banglore,0,7870
IndiGo,9/06/2019,Kolkata,21:00,Banglore,0,6911
IndiGo,18/04/2019,Banglore,04:00,Delhi,0,4423
IndiGo,15/05/2019,Delhi,06:50,Cochin,0,5298
Air India,21/05/2019,Delhi,06:05,Cochin,0,7480
IndiGo,18/05/2019,Banglore,16:55,Delhi,0,4823
IndiGo,6/06/2019,Kolkata,11:30,Banglore,0,5224
Jet Airways,12/06/2019,Kolkata,20:25,Banglore,0,10539
IndiGo,27/04/2019,Banglore,00:30,Delhi,0,4591
Air Asia,6/06/2019,Kolkata,19:55,Banglore,0,4508
Vistara,21/05/2019,Kolkata,17:00,Banglore,0,9345
Jet Airways,15/03/2019,Banglore,07:00,New Delhi,0,7832
IndiGo,18/03/2019,Mumbai,09:10,Hyderabad,0,4049
Jet Airways,9/05/2019,Kolkata,21:10,Banglore,0,14388
Multiple carriers,6/03/2019,Delhi,10:00,Cochin,0,16497
Multiple carriers,21/05/2019,Delhi,13:00,Cochin,0,14067
IndiGo,21/03/2019,Banglore,05:25,New Delhi,0,6208
Air India,9/05/2019,Kolkata,20:30,Banglore,0,10203
SpiceJet,21/03/2019,Delhi,08:45,Cochin,0,6356
Jet Airways,12/06/2019,Delhi,19:15,Cochin,0,10262
Jet Airways,6/06/2019,Delhi,09:40,Cochin,0,13014
Jet Airways,12/06/2019,Kolkata,06:30,Banglore,0,13626
Vistara,27/05/2019,Banglore,17:00,Delhi,0,4878
Jet Airways,9/03/2019,Delhi,02:15,Cochin,0,11848
GoAir,09/03/2019,Banglore,07:45,New Delhi,0,7631
Multiple carriers,12/06/2019,Delhi,13:00,Cochin,0,7198
Vistara,18/05/2019,Kolkata,20:20,Banglore,0,9555
Jet Airways,12/06/2019,Delhi,09:40,Cochin,0,10368
Jet Airways,27/06/2019,Delhi,05:30,Cochin,0,13292
Multiple carriers,27/03/2019,Delhi,14:35,Cochin,0,5883
IndiGo,6/05/2019,Banglore,01:30,Delhi,0,4284
Multiple carriers,1/06/2019,Delhi,11:40,Cochin,0,12524
IndiGo,1/04/2019,Delhi,20:25,Cochin,0,5073
Jet Airways,6/06/2019,Kolkata,20:25,Banglore,0,10539
Air India,21/05/2019,Delhi,17:15,Cochin,0,13039
Jet Airways,9/04/2019,Banglore,06:00,Delhi,0,7229
IndiGo,9/06/2019,Banglore,08:30,Delhi,0,4823
Jet Airways,27/06/2019,Mumbai,19:35,Hyderabad,0,5678
Air India,24/06/2019,Banglore,10:00,Delhi,0,6961
Multiple carriers,18/05/2019,Delhi,03:50,Cochin,0,10197
SpiceJet,21/04/2019,Banglore,09:30,Delhi,0,4991
Multiple carriers,27/05/2019,Delhi,11:30,Cochin,0,15898
Jet Airways,6/05/2019,Kolkata,20:25,Banglore,0,9314
Vistara,15/05/2019,Kolkata,20:20,Banglore,0,8452
Air India,01/03/2019,Banglore,13:20,New Delhi,0,12526
Air Asia,12/06/2019,Kolkata,15:10,Banglore,0,5192
Jet Airways,3/06/2019,Delhi,19:45,Cochin,0,14714
Jet Airways,27/03/2019,Delhi,06:20,Cochin,0,12273
Multiple carriers Premium economy,21/03/2019,Delhi,07:30,Cochin,0,14629
Vistara,3/06/2019,Delhi,14:40,Cochin,0,6216
Jet Airways,24/05/2019,Kolkata,09:35,Banglore,0,14151
Air India,21/05/2019,Delhi,22:00,Cochin,0,10231
Vistara,24/05/2019,Kolkata,07:10,Banglore,0,9502
IndiGo,12/05/2019,Chennai,19:35,Kolkata,0,3597
Jet Airways,9/05/2019,Banglore,19:50,Delhi,0,3502
SpiceJet,1/04/2019,Mumbai,05:45,Hyderabad,0,1965
Jet Airways,6/06/2019,Delhi,11:45,Cochin,0,11992
SpiceJet,1/05/2019,Chennai,09:45,Kolkata,0,3543
SpiceJet,24/06/2019,Kolkata,06:55,Banglore,0,3841
Multiple carriers,21/03/2019,Delhi,09:45,Cochin,0,7242
Air India,21/03/2019,Banglore,08:15,New Delhi,0,4943
Jet Airways,6/05/2019,Delhi,19:10,Cochin,0,15129
Vistara,12/05/2019,Kolkata,07:10,Banglore,0,9397
Jet Airways,15/05/2019,Kolkata,20:25,Banglore,0,13067
Air India,3/03/2019,Delhi,05:55,Cochin,0,15113
IndiGo,27/03/2019,Kolkata,22:10,Banglore,0,4148
GoAir,24/06/2019,Delhi,07:00,Cochin,0,5281
Jet Airways,12/03/2019,Banglore,22:55,New Delhi,0,11087
Air India,24/06/2019,Delhi,12:55,Cochin,0,12436
Jet Airways,24/05/2019,Kolkata,16:30,Banglore,0,14571
Multiple carriers,9/05/2019,Delhi,09:45,Cochin,0,8888
Jet Airways,24/06/2019,Delhi,20:55,Cochin,0,10262
SpiceJet,3/04/2019,Kolkata,17:10,Banglore,0,3841
Jet Airways,3/06/2019,Delhi,14:35,Cochin,0,10919
Air India,15/05/2019,Delhi,09:00,Cochin,0,8372
SpiceJet,9/06/2019,Mumbai,05:45,Hyderabad,0,2753
Jet Airways,6/05/2019,Kolkata,20:25,Banglore,0,8066
Jet Airways,15/04/2019,Banglore,15:15,Delhi,0,4544
Air India,18/05/2019,Delhi,08:00,Cochin,0,8879
Jet Airways,12/03/2019,Banglore,18:55,New Delhi,0,13817
Jet Airways,6/06/2019,Delhi,10:00,Cochin,0,14714
Jet Airways,1/05/2019,Kolkata,16:30,Banglore,0,8586
Jet Airways,24/03/2019,Kolkata,18:55,Banglore,0,14231
Air India,18/04/2019,Banglore,21:05,Delhi,0,5228
Jet Airways,18/03/2019,Banglore,11:40,New Delhi,0,11087
Jet Airways,6/06/2019,Kolkata,20:00,Banglore,0,14571
IndiGo,3/03/2019,Delhi,07:30,Cochin,0,13628
SpiceJet,3/06/2019,Kolkata,09:00,Banglore,0,3873
Multiple carriers,6/03/2019,Delhi,10:20,Cochin,0,15411
Jet Airways,24/06/2019,Delhi,18:15,Cochin,0,10262
IndiGo,15/06/2019,Delhi,23:30,Cochin,0,10112
Air India,27/06/2019,Delhi,05:55,Cochin,0,11386
IndiGo,18/05/2019,Mumbai,21:20,Hyderabad,0,2227
IndiGo,15/06/2019,Delhi,11:55,Cochin,0,6442
Air India,3/06/2019,Delhi,05:10,Cochin,0,5201
Jet Airways,6/06/2019,Kolkata,10:20,Banglore,0,9689
Air India,9/06/2019,Banglore,21:05,Delhi,0,5228
IndiGo,21/05/2019,Mumbai,12:00,Hyderabad,0,2754
SpiceJet,21/05/2019,Kolkata,17:10,Banglore,0,3873
Jet Airways,21/05/2019,Kolkata,14:05,Banglore,0,10844
IndiGo,1/03/2019,Mumbai,16:55,Hyderabad,0,8853
Air India,6/06/2019,Kolkata,12:00,Banglore,0,9626
Jet Airways,6/06/2019,Kolkata,09:35,Banglore,0,14151
GoAir,24/05/2019,Banglore,11:40,Delhi,0,3398
Jet Airways,1/04/2019,Kolkata,16:30,Banglore,0,7064
Air India,15/06/2019,Banglore,13:20,Delhi,0,6961
IndiGo,18/05/2019,Kolkata,06:20,Banglore,0,4226
SpiceJet,24/03/2019,Banglore,09:35,New Delhi,0,4273
Air India,12/03/2019,Chennai,11:40,Kolkata,0,7082
Multiple carriers,1/06/2019,Delhi,09:15,Cochin,0,12042
Jet Airways,9/05/2019,Kolkata,16:30,Banglore,0,13941
Air India,27/06/2019,Banglore,10:00,Delhi,0,6961
Jet Airways,1/05/2019,Kolkata,17:00,Banglore,0,9314
IndiGo,21/03/2019,Kolkata,17:15,Banglore,0,4148
Jet Airways,27/03/2019,Delhi,05:10,Cochin,0,9412
SpiceJet,6/06/2019,Mumbai,22:45,Hyderabad,0,1965
Multiple carriers,3/06/2019,Delhi,06:00,Cochin,0,9736
Jet Airways,15/06/2019,Delhi,14:35,Cochin,0,10919
Multiple carriers,12/06/2019,Delhi,17:45,Cochin,0,6795
Jet Airways,12/06/2019,Delhi,13:00,Cochin,0,14714
Vistara,9/05/2019,Kolkata,17:00,Banglore,0,8452
Jet Airways,27/06/2019,Delhi,19:45,Cochin,0,10262
Jet Airways,15/05/2019,Kolkata,18:55,Banglore,0,9663
Jet Airways,9/04/2019,Delhi,05:30,Cochin,0,10909
IndiGo,24/03/2019,Banglore,23:30,New Delhi,0,4944
Air India,15/06/2019,Delhi,20:40,Cochin,0,7480
Jet Airways,12/06/2019,Kolkata,14:05,Banglore,0,7594
Jet Airways,27/05/2019,Delhi,09:35,Cochin,0,14657
IndiGo,6/04/2019,Delhi,02:00,Cochin,0,5046
Jet Airways,9/05/2019,Banglore,15:15,Delhi,0,7229
SpiceJet,15/06/2019,Mumbai,22:45,Hyderabad,0,1965
Air Asia,15/05/2019,Delhi,16:45,Cochin,0,6752
Jet Airways,1/05/2019,Kolkata,17:00,Banglore,0,9314
Air India,21/03/2019,Delhi,17:15,Cochin,0,8245
Jet Airways,6/04/2019,Banglore,18:55,Delhi,0,4544
Jet Airways,24/03/2019,Kolkata,13:55,Banglore,0,11134
Multiple carriers,6/03/2019,Delhi,15:05,Cochin,0,21483
Jet Airways,21/06/2019,Banglore,07:10,Delhi,0,5769
Air India,6/03/2019,Delhi,12:30,Cochin,0,13832
Multiple carriers,9/05/2019,Delhi,07:30,Cochin,0,7670
Air Asia,27/03/2019,Kolkata,22:50,Banglore,0,3782
Jet Airways,27/03/2019,Delhi,16:00,Cochin,0,5963
IndiGo,3/06/2019,Delhi,06:40,Cochin,0,6093
Multiple carriers,27/03/2019,Delhi,06:40,Cochin,0,9100
Jet Airways,21/03/2019,Banglore,11:40,New Delhi,0,7832
Jet Airways,1/05/2019,Delhi,23:05,Cochin,0,16704
SpiceJet,27/06/2019,Kolkata,22:20,Banglore,0,3873
Air India,6/06/2019,Delhi,13:00,Cochin,0,8372
IndiGo,27/03/2019,Chennai,13:20,Kolkata,0,3384
Multiple carriers,21/05/2019,Delhi,07:05,Cochin,0,9930
Air India,18/05/2019,Delhi,17:40,Cochin,0,8361
IndiGo,27/06/2019,Delhi,23:30,Cochin,0,9165
IndiGo,21/06/2019,Banglore,18:15,Delhi,0,4990
Multiple carriers,21/03/2019,Delhi,09:45,Cochin,0,7178
SpiceJet,3/05/2019,Kolkata,17:10,Banglore,0,3841
IndiGo,21/05/2019,Delhi,08:35,Cochin,0,6442
IndiGo,9/04/2019,Banglore,20:00,Delhi,0,4823
Air Asia,15/06/2019,Delhi,16:45,Cochin,0,6853
Jet Airways,9/03/2019,Delhi,08:00,Cochin,0,17549
Vistara,9/05/2019,Kolkata,07:10,Banglore,0,7927
Jet Airways,9/05/2019,Delhi,21:50,Cochin,0,12373
Jet Airways,6/05/2019,Kolkata,16:30,Banglore,0,9663
Jet Airways,21/03/2019,Delhi,11:30,Cochin,0,13244
Jet Airways,9/06/2019,Kolkata,14:05,Banglore,0,14571
Air Asia,09/03/2019,Banglore,05:50,New Delhi,0,4284
Air India,21/05/2019,Delhi,05:10,Cochin,0,6094
SpiceJet,27/06/2019,Mumbai,13:15,Hyderabad,0,1965
Multiple carriers,27/05/2019,Delhi,09:00,Cochin,0,10407
IndiGo,12/06/2019,Delhi,17:05,Cochin,0,6147
IndiGo,27/03/2019,Chennai,19:35,Kolkata,0,3858
IndiGo,18/05/2019,Kolkata,18:05,Banglore,0,6704
IndiGo,15/06/2019,Mumbai,19:05,Hyderabad,0,2754
Jet Airways,3/03/2019,Delhi,09:55,Cochin,0,19828
Jet Airways,9/06/2019,Mumbai,02:55,Hyderabad,0,4050
Jet Airways,6/05/2019,Kolkata,06:30,Banglore,0,14781
Air India,6/05/2019,Banglore,06:10,Delhi,0,6121
SpiceJet,9/06/2019,Banglore,05:55,Delhi,0,3625
Jet Airways,12/05/2019,Kolkata,14:05,Banglore,0,14781
Vistara,9/06/2019,Kolkata,17:00,Banglore,0,9135
Jet Airways,6/03/2019,Delhi,07:05,Cochin,0,17234
IndiGo,09/03/2019,Banglore,06:25,New Delhi,0,8434
Multiple carriers,27/06/2019,Delhi,10:00,Cochin,0,7198
Jet Airways,27/03/2019,Delhi,19:15,Cochin,0,12032
IndiGo,12/06/2019,Delhi,10:35,Cochin,0,5883
Jet Airways,21/04/2019,Delhi,11:00,Cochin,0,7202
Air India,9/06/2019,Kolkata,14:35,Banglore,0,6528
Jet Airways,9/06/2019,Kolkata,20:00,Banglore,0,10844
Multiple carriers,27/06/2019,Delhi,07:05,Cochin,0,13587
Jet Airways,24/05/2019,Delhi,05:30,Cochin,0,15129
Air India,1/06/2019,Banglore,10:00,Delhi,0,6961
Air India,15/05/2019,Delhi,13:20,Cochin,0,13538
IndiGo,03/03/2019,Banglore,05:25,New Delhi,0,7774
Air India,21/05/2019,Delhi,13:20,Cochin,0,13538
Air Asia,15/04/2019,Kolkata,19:55,Banglore,0,4409
IndiGo,3/03/2019,Mumbai,19:05,Hyderabad,0,5755
GoAir,9/06/2019,Delhi,07:00,Cochin,0,5897
IndiGo,9/04/2019,Kolkata,21:25,Banglore,0,4174
IndiGo,21/05/2019,Delhi,17:30,Cochin,0,6794
SpiceJet,21/03/2019,Chennai,08:20,Kolkata,0,3332
Multiple carriers,6/03/2019,Delhi,11:30,Cochin,0,15135
Multiple carriers,6/03/2019,Delhi,02:15,Cochin,0,17057
Jet Airways,9/05/2019,Banglore,17:45,Delhi,0,5198
Air Asia,03/03/2019,Banglore,05:50,New Delhi,0,7074
Jet Airways,9/06/2019,Delhi,11:30,Cochin,0,10262
Jet Airways,1/06/2019,Delhi,19:15,Cochin,0,10262
Jet Airways,3/04/2019,Banglore,08:20,Delhi,0,4544
GoAir,03/03/2019,Banglore,20:55,New Delhi,0,6722
IndiGo,9/06/2019,Delhi,05:10,Cochin,0,6496
Jet Airways,21/03/2019,Delhi,20:50,Cochin,0,9212
Jet Airways,6/03/2019,Delhi,13:00,Cochin,0,15764
Multiple carriers,21/05/2019,Delhi,15:00,Cochin,0,14067
IndiGo,6/04/2019,Banglore,18:25,Delhi,0,4823
SpiceJet,9/05/2019,Kolkata,17:10,Banglore,0,3841
Jet Airways,21/05/2019,Kolkata,20:00,Banglore,0,10844
Jet Airways,12/03/2019,Banglore,05:50,New Delhi,0,11297
Jet Airways,24/03/2019,Banglore,08:55,New Delhi,0,8147
SpiceJet,1/04/2019,Banglore,21:10,Delhi,0,3573
GoAir,15/03/2019,Banglore,20:55,New Delhi,0,8722
Jet Airways,6/03/2019,Delhi,11:30,Cochin,0,15764
Multiple carriers,15/06/2019,Delhi,08:30,Cochin,0,11200
Jet Airways,18/05/2019,Kolkata,05:45,Banglore,0,14781
IndiGo,21/03/2019,Delhi,04:55,Cochin,0,6223
SpiceJet,1/06/2019,Kolkata,06:55,Banglore,0,3873
Jet Airways,9/06/2019,Kolkata,20:00,Banglore,0,14178
SpiceJet,6/06/2019,Banglore,05:55,Delhi,0,3573
Air India,21/05/2019,Kolkata,09:25,Banglore,0,8366
Jet Airways,6/06/2019,Kolkata,09:35,Banglore,0,14151
Air India,21/05/2019,Delhi,05:55,Cochin,0,10861
IndiGo,24/03/2019,Kolkata,11:55,Banglore,0,9806
Air India,15/05/2019,Kolkata,19:00,Banglore,0,6117
IndiGo,27/06/2019,Delhi,07:35,Cochin,0,5054
Multiple carriers,18/05/2019,Delhi,09:00,Cochin,0,10197
Jet Airways,3/06/2019,Mumbai,10:20,Hyderabad,0,4995
Jet Airways,6/06/2019,Kolkata,09:35,Banglore,0,12692
SpiceJet,9/06/2019,Banglore,09:30,Delhi,0,4423
IndiGo,12/06/2019,Mumbai,20:05,Hyderabad,0,2227
Multiple carriers,27/03/2019,Delhi,09:55,Cochin,0,12537
Multiple carriers,6/06/2019,Delhi,06:00,Cochin,0,8266
Jet Airways,6/03/2019,Delhi,19:10,Cochin,0,16809
IndiGo,6/05/2019,Banglore,08:30,Delhi,0,4823
Multiple carriers,3/06/2019,Delhi,10:00,Cochin,0,14502
Jet Airways,15/06/2019,Delhi,12:15,Cochin,0,14300
Jet Airways,1/06/2019,Delhi,05:30,Cochin,0,13344
IndiGo,15/03/2019,Mumbai,09:10,Hyderabad,0,4049
IndiGo,3/04/2019,Mumbai,12:00,Hyderabad,0,2754
Air India,24/03/2019,Kolkata,16:50,Banglore,0,14641
IndiGo,6/05/2019,Kolkata,15:15,Banglore,0,4775
Air India,15/03/2019,Banglore,06:45,New Delhi,0,8714
Air Asia,24/06/2019,Kolkata,19:55,Banglore,0,3807
Jet Airways,21/05/2019,Banglore,15:50,Delhi,0,3359
Air India,01/03/2019,Banglore,05:50,New Delhi,0,13081
Multiple carriers,15/05/2019,Delhi,09:15,Cochin,0,8099
IndiGo,18/05/2019,Delhi,16:00,Cochin,0,6069
Jet Airways,1/05/2019,Kolkata,08:25,Banglore,0,10844
Air India,24/04/2019,Kolkata,20:45,Banglore,0,4145
GoAir,15/06/2019,Delhi,10:35,Cochin,0,4959
Air India,1/04/2019,Kolkata,09:25,Banglore,0,12009
Jet Airways,15/03/2019,Banglore,07:00,New Delhi,0,9134
IndiGo,24/05/2019,Chennai,22:05,Kolkata,0,5277
Jet Airways,1/06/2019,Delhi,20:55,Cochin,0,10262
Jet Airways,01/03/2019,Banglore,07:00,New Delhi,0,26890
Multiple carriers,12/06/2019,Delhi,09:00,Cochin,0,14848
Multiple carriers,27/06/2019,Delhi,07:30,Cochin,0,11789
Jet Airways,27/04/2019,Banglore,15:15,Delhi,0,4544
Air India,15/06/2019,Delhi,05:10,Cochin,0,5201
Jet Airways,12/06/2019,Kolkata,09:35,Banglore,0,12692
Air India,3/04/2019,Delhi,06:05,Cochin,0,5117
Air India,03/03/2019,Banglore,08:15,New Delhi,0,6781
Air India,27/03/2019,Delhi,13:00,Cochin,0,6902
Jet Airways,6/06/2019,Delhi,14:00,Cochin,0,14714
Jet Airways,18/05/2019,Delhi,05:30,Cochin,0,15129
Air India,15/06/2019,Delhi,05:15,Cochin,0,10493
GoAir,9/04/2019,Banglore,20:55,Delhi,0,4239
Multiple carriers,27/03/2019,Delhi,13:00,Cochin,0,6673
Jet Airways,1/04/2019,Kolkata,08:25,Banglore,0,12996
IndiGo,15/06/2019,Chennai,11:35,Kolkata,0,3858
Jet Airways,27/05/2019,Delhi,10:00,Cochin,0,12898
IndiGo,15/05/2019,Delhi,21:05,Cochin,0,6834
SpiceJet,12/06/2019,Delhi,08:45,Cochin,0,5264
Vistara,1/05/2019,Kolkata,17:00,Banglore,0,8610
Jet Airways,27/03/2019,Delhi,02:15,Cochin,0,6017
IndiGo,21/05/2019,Banglore,21:15,Delhi,0,3943
Air India,9/05/2019,Kolkata,20:45,Banglore,0,4145
Jet Airways,9/05/2019,Delhi,09:40,Cochin,0,13029
Multiple carriers,3/03/2019,Delhi,11:35,Cochin,0,21829
Jet Airways,9/06/2019,Delhi,13:00,Cochin,0,10262
Jet Airways,9/06/2019,Delhi,11:00,Cochin,0,7202
Jet Airways,1/06/2019,Delhi,19:45,Cochin,0,14714
Air India,15/05/2019,Kolkata,09:10,Banglore,0,6117
IndiGo,6/05/2019,Chennai,22:05,Kolkata,0,5277
SpiceJet,18/05/2019,Chennai,17:45,Kolkata,0,3597
Air India,18/05/2019,Kolkata,08:20,Banglore,0,10697
Jet Airways,6/06/2019,Delhi,16:00,Cochin,0,14714
IndiGo,1/05/2019,Banglore,04:00,Delhi,0,3943
SpiceJet,27/03/2019,Chennai,08:20,Kolkata,0,3384
Air India,1/06/2019,Delhi,21:00,Cochin,0,8582
Jet Airways,27/05/2019,Delhi,15:00,Cochin,0,12898
IndiGo,6/04/2019,Banglore,10:10,Delhi,0,4423
Jet Airways,3/06/2019,Delhi,20:55,Cochin,0,14714
Jet Airways,21/05/2019,Kolkata,17:00,Banglore,0,14151
Jet Airways,3/06/2019,Delhi,07:05,Cochin,0,14924
Jet Airways,21/05/2019,Kolkata,10:20,Banglore,0,5608
SpiceJet,24/03/2019,Banglore,09:35,New Delhi,0,3873
Jet Airways,06/03/2019,Banglore,08:00,New Delhi,0,16736
Air India,15/06/2019,Delhi,12:55,Cochin,0,12646
Multiple carriers,27/05/2019,Delhi,07:30,Cochin,0,11264
SpiceJet,24/05/2019,Mumbai,22:45,Hyderabad,0,1965
Air India,01/03/2019,Banglore,11:50,New Delhi,0,26092
IndiGo,15/03/2019,Banglore,05:25,New Delhi,0,8021
IndiGo,24/04/2019,Delhi,05:05,Cochin,0,6171
Air India,15/05/2019,Delhi,07:05,Cochin,0,10975
IndiGo,12/06/2019,Kolkata,07:10,Banglore,0,4864
Air Asia,24/05/2019,Kolkata,15:10,Banglore,0,5192
Multiple carriers,21/03/2019,Delhi,08:25,Cochin,0,13069
Jet Airways,18/05/2019,Delhi,05:30,Cochin,0,13029
IndiGo,27/05/2019,Chennai,19:35,Kolkata,0,3597
Jet Airways,9/05/2019,Kolkata,10:20,Banglore,0,8355
IndiGo,27/03/2019,Delhi,07:35,Cochin,0,5073
Jet Airways,12/06/2019,Delhi,08:00,Cochin,0,14924
Air India,21/03/2019,Delhi,16:40,Cochin,0,8236
Jet Airways,9/05/2019,Banglore,07:10,Delhi,0,7229
Jet Airways,6/05/2019,Kolkata,17:00,Banglore,0,10953
Air India,24/06/2019,Delhi,13:15,Cochin,0,12497
SpiceJet,9/05/2019,Mumbai,13:15,Hyderabad,0,2175
Air Asia,24/03/2019,Kolkata,19:55,Banglore,0,5554
Jet Airways,01/03/2019,Banglore,11:40,New Delhi,0,25735
Jet Airways,27/05/2019,Mumbai,07:05,Hyderabad,0,4995
Jet Airways,9/06/2019,Delhi,19:15,Cochin,0,10577
SpiceJet,18/04/2019,Banglore,05:55,Delhi,0,4319
Jet Airways,3/06/2019,Delhi,05:30,Cochin,0,13014
Jet Airways,24/05/2019,Kolkata,14:05,Banglore,0,14571
Jet Airways,15/05/2019,Kolkata,18:55,Banglore,0,9663
Jet Airways,21/05/2019,Kolkata,21:10,Banglore,0,8586
Jet Airways,18/05/2019,Kolkata,16:30,Banglore,0,10844
Jet Airways,6/06/2019,Kolkata,08:25,Banglore,0,10844
Multiple carriers,15/05/2019,Delhi,08:45,Cochin,0,7670
Air India,1/04/2019,Kolkata,10:00,Banglore,0,12639
Air India,27/05/2019,Delhi,03:50,Cochin,0,9719
Air India,9/04/2019,Delhi,17:15,Cochin,0,8052
Air India,21/05/2019,Kolkata,12:00,Banglore,0,10676
Jet Airways,21/05/2019,Delhi,15:00,Cochin,0,12898
Jet Airways,3/06/2019,Delhi,19:45,Cochin,0,14714
Jet Airways,1/04/2019,Kolkata,06:30,Banglore,0,12996
Vistara,18/05/2019,Kolkata,20:20,Banglore,0,9187
Multiple carriers,15/05/2019,Delhi,06:40,Cochin,0,7787
IndiGo,21/05/2019,Delhi,14:25,Cochin,0,5601
Jet Airways,21/05/2019,Delhi,16:00,Cochin,0,16079
IndiGo,21/03/2019,Chennai,19:35,Kolkata,0,3384
IndiGo,24/03/2019,Banglore,07:10,New Delhi,0,6144
Jet Airways,27/03/2019,Delhi,19:10,Cochin,0,8882
Jet Airways,15/06/2019,Delhi,09:35,Cochin,0,11507
Jet Airways,6/06/2019,Kolkata,06:30,Banglore,0,14571
GoAir,9/06/2019,Kolkata,23:30,Banglore,0,6354
Multiple carriers Premium economy,21/03/2019,Delhi,06:00,Cochin,0,9845
IndiGo,18/06/2019,Banglore,22:10,Delhi,0,3419
Air India,21/05/2019,Delhi,09:30,Cochin,0,8907
Jet Airways,9/06/2019,Delhi,19:30,Cochin,0,13014
SpiceJet,15/06/2019,Mumbai,22:45,Hyderabad,0,2017
IndiGo,21/05/2019,Kolkata,19:20,Banglore,0,3574
Multiple carriers,18/05/2019,Delhi,08:30,Cochin,0,7887
Jet Airways,18/04/2019,Banglore,15:15,Delhi,0,5198
SpiceJet,9/04/2019,Banglore,21:10,Delhi,0,3971
Air India,27/05/2019,Delhi,12:55,Cochin,0,12436
IndiGo,27/06/2019,Delhi,18:35,Cochin,0,5883
IndiGo,24/06/2019,Delhi,18:35,Cochin,0,5883
Jet Airways,12/03/2019,Banglore,05:45,New Delhi,0,13817
Air India,1/05/2019,Banglore,06:10,Delhi,0,6121
Jet Airways,24/03/2019,Kolkata,21:10,Banglore,0,13759
Air India,21/03/2019,Banglore,08:50,New Delhi,0,6824
SpiceJet,15/03/2019,Chennai,08:20,Kolkata,0,6300
Jet Airways,1/06/2019,Delhi,06:45,Cochin,0,10919
Jet Airways,3/06/2019,Banglore,15:15,Delhi,0,5769
Jet Airways,21/03/2019,Delhi,17:30,Cochin,0,12557
Jet Airways,18/05/2019,Delhi,18:15,Cochin,0,12373
SpiceJet,9/05/2019,Mumbai,05:45,Hyderabad,0,2017
IndiGo,9/06/2019,Delhi,20:25,Cochin,0,5458
Air India,15/05/2019,Delhi,22:00,Cochin,0,11281
Jet Airways,15/05/2019,Kolkata,08:25,Banglore,0,14781
Air India,24/06/2019,Delhi,17:15,Cochin,0,11989
IndiGo,9/05/2019,Delhi,10:35,Cochin,0,8330
Air Asia,24/03/2019,Banglore,05:50,New Delhi,0,4284
IndiGo,1/06/2019,Delhi,05:10,Cochin,0,6842
SpiceJet,03/03/2019,Banglore,09:35,New Delhi,0,7648
Air Asia,6/03/2019,Kolkata,22:50,Banglore,0,4384
IndiGo,18/06/2019,Banglore,05:30,Delhi,0,3943
IndiGo,24/06/2019,Kolkata,17:15,Banglore,0,4804
Jet Airways,18/05/2019,Mumbai,02:55,Hyderabad,0,5678
Air India,18/03/2019,Kolkata,14:15,Banglore,0,5170
IndiGo,9/03/2019,Delhi,07:45,Cochin,0,6755
IndiGo,9/03/2019,Kolkata,10:10,Banglore,0,4462
IndiGo,1/03/2019,Chennai,07:55,Kolkata,0,8580
Jet Airways,27/03/2019,Mumbai,19:35,Hyderabad,0,5678
Multiple carriers,27/05/2019,Delhi,06:40,Cochin,0,8837
Jet Airways,21/03/2019,Delhi,10:45,Cochin,0,8367
Jet Airways,27/04/2019,Banglore,19:50,Delhi,0,4544
SpiceJet,21/06/2019,Mumbai,05:45,Hyderabad,0,2647
IndiGo,1/06/2019,Delhi,14:20,Cochin,0,6938
Air India,15/06/2019,Delhi,20:15,Cochin,0,13591
Multiple carriers,3/06/2019,Delhi,09:00,Cochin,0,8930
Jet Airways,06/03/2019,Banglore,16:55,New Delhi,0,17261
Vistara,1/06/2019,Banglore,11:30,Delhi,0,4668
IndiGo,12/05/2019,Chennai,22:05,Kolkata,0,5277
Air India,3/06/2019,Delhi,19:45,Cochin,0,10441
IndiGo,27/06/2019,Banglore,08:30,Delhi,0,4823
IndiGo,15/05/2019,Kolkata,09:35,Banglore,0,4804
Multiple carriers,6/03/2019,Delhi,10:20,Cochin,0,15147
Air India,12/06/2019,Kolkata,09:50,Banglore,0,14960
Jet Airways,1/06/2019,Mumbai,07:05,Hyderabad,0,5678
Vistara,24/03/2019,Kolkata,09:55,Banglore,0,16092
Air India,9/05/2019,Kolkata,12:00,Banglore,0,9416
Air India,24/03/2019,Kolkata,20:30,Banglore,0,12173
Jet Airways,6/03/2019,Delhi,13:55,Cochin,0,13843
Jet Airways,1/04/2019,Kolkata,16:30,Banglore,0,7064
IndiGo,24/04/2019,Kolkata,19:35,Banglore,0,4226
Jet Airways,27/03/2019,Delhi,17:35,Cochin,0,9412
Jet Airways,18/03/2019,Banglore,21:25,New Delhi,0,13555
Jet Airways,6/06/2019,Delhi,07:05,Cochin,0,10262
Air India,01/03/2019,Banglore,11:05,New Delhi,0,13576
IndiGo,12/06/2019,Kolkata,08:10,Banglore,0,5069
IndiGo,6/03/2019,Delhi,09:10,Cochin,0,14871
Jet Airways,24/03/2019,Kolkata,18:55,Banglore,0,14231
Jet Airways,6/05/2019,Banglore,19:50,Delhi,0,7229
SpiceJet,27/06/2019,Delhi,08:45,Cochin,0,4760
Multiple carriers,21/05/2019,Delhi,11:25,Cochin,0,9103
Jet Airways,12/06/2019,Kolkata,16:30,Banglore,0,12471
Jet Airways,27/05/2019,Delhi,09:00,Cochin,0,16079
IndiGo,9/03/2019,Delhi,04:55,Cochin,0,6171
Multiple carriers,21/03/2019,Delhi,04:45,Cochin,0,9838
Jet Airways,6/04/2019,Banglore,07:10,Delhi,0,4544
Vistara,18/04/2019,Banglore,17:00,Delhi,0,5613
Multiple carriers,1/06/2019,Delhi,04:55,Cochin,0,8835
Air India,15/05/2019,Kolkata,05:50,Banglore,0,12723
Air India,1/04/2019,Kolkata,09:50,Banglore,0,8030
Multiple carriers,27/06/2019,Delhi,14:00,Cochin,0,13587
Jet Airways,24/05/2019,Kolkata,20:25,Banglore,0,14151
Jet Airways,6/06/2019,Delhi,15:00,Cochin,0,10262
SpiceJet,15/05/2019,Delhi,08:45,Cochin,0,4760
Vistara,18/04/2019,Banglore,21:00,Delhi,0,5613
Jet Airways,24/06/2019,Delhi,09:35,Cochin,0,13292
Jet Airways,27/06/2019,Delhi,15:00,Cochin,0,10262
Air India,1/04/2019,Kolkata,16:45,Banglore,0,8607
GoAir,3/06/2019,Banglore,11:40,Delhi,0,3898
SpiceJet,3/04/2019,Banglore,21:10,Delhi,0,3919
Air India,9/03/2019,Delhi,05:15,Cochin,0,15586
Air India,1/06/2019,Delhi,13:30,Cochin,0,8907
Multiple carriers,27/03/2019,Delhi,06:00,Cochin,0,8371
Air India,3/03/2019,Delhi,21:30,Cochin,0,12287
IndiGo,18/06/2019,Kolkata,22:15,Banglore,0,4804
IndiGo,3/06/2019,Kolkata,15:30,Banglore,0,4804
Jet Airways,12/03/2019,Banglore,16:55,New Delhi,0,13817
Air India,3/06/2019,Delhi,07:10,Cochin,0,12698
Jet Airways,27/03/2019,Delhi,21:50,Cochin,0,7438
Multiple carriers Premium economy,21/03/2019,Delhi,06:00,Cochin,0,11269
IndiGo,24/06/2019,Mumbai,16:55,Hyderabad,0,3175
Air Asia,3/04/2019,Kolkata,19:55,Banglore,0,4107
Air India,01/03/2019,Banglore,05:50,New Delhi,0,15119
Jet Airways,12/05/2019,Banglore,15:15,Delhi,0,7229
Jet Airways,6/05/2019,Kolkata,20:25,Banglore,0,13067
SpiceJet,6/06/2019,Chennai,08:20,Kolkata,0,3597
IndiGo,21/06/2019,Chennai,22:05,Kolkata,0,5277
Air India,01/03/2019,Banglore,10:30,New Delhi,0,11213
Air India,21/03/2019,Delhi,05:15,Cochin,0,9128
Vistara,6/05/2019,Kolkata,07:10,Banglore,0,8452
Jet Airways,15/05/2019,Kolkata,16:30,Banglore,0,14781
IndiGo,15/05/2019,Delhi,06:50,Cochin,0,6442
Jet Airways,15/06/2019,Delhi,09:35,Cochin,0,10824
Jet Airways,9/05/2019,Banglore,06:00,Delhi,0,4030
Air India,9/03/2019,Delhi,18:30,Cochin,0,18211
Jet Airways,15/06/2019,Delhi,02:15,Cochin,0,10262
IndiGo,1/06/2019,Delhi,02:00,Cochin,0,5636
SpiceJet,21/04/2019,Kolkata,22:20,Banglore,0,4807
SpiceJet,27/05/2019,Banglore,21:10,Delhi,0,3257
Jet Airways,9/06/2019,Delhi,19:45,Cochin,0,14924
Jet Airways,01/03/2019,Banglore,14:05,New Delhi,0,20800
Jet Airways,1/05/2019,Kolkata,20:00,Banglore,0,14388
Air India,21/03/2019,Delhi,19:00,Cochin,0,6587
Air India,27/05/2019,Delhi,17:40,Cochin,0,7174
Vistara,24/03/2019,Kolkata,20:20,Banglore,0,11105
Jet Airways,21/05/2019,Kolkata,09:35,Banglore,0,13067
Air India,9/05/2019,Kolkata,14:30,Banglore,0,14214
Jet Airways,12/06/2019,Kolkata,20:25,Banglore,0,12692
Air Asia,9/04/2019,Delhi,20:45,Cochin,0,6451
IndiGo,24/06/2019,Banglore,13:00,Delhi,0,3943
IndiGo,3/05/2019,Kolkata,20:20,Banglore,0,4804
IndiGo,9/06/2019,Mumbai,12:00,Hyderabad,0,2754
Multiple carriers,18/05/2019,Delhi,09:45,Cochin,0,9646
Multiple carriers,12/06/2019,Delhi,09:00,Cochin,0,13587
Jet Airways,27/05/2019,Banglore,19:50,Delhi,0,7229
Jet Airways,6/05/2019,Banglore,06:00,Delhi,0,7229
Jet Airways,9/06/2019,Kolkata,17:00,Banglore,0,10539
Jet Airways,21/03/2019,Delhi,05:30,Cochin,0,12647
IndiGo,15/06/2019,Chennai,05:15,Kolkata,0,3540
Jet Airways,12/06/2019,Kolkata,18:55,Banglore,0,8529
Vistara,1/05/2019,Kolkata,17:00,Banglore,0,8610
Jet Airways,15/05/2019,Kolkata,06:30,Banglore,0,8586
IndiGo,21/03/2019,Delhi,16:00,Cochin,0,6232
Jet Airways,24/06/2019,Delhi,02:15,Cochin,0,18371
IndiGo,24/03/2019,Banglore,18:25,New Delhi,0,7303
Air India,24/05/2019,Kolkata,19:00,Banglore,0,6327
Jet Airways,21/05/2019,Kolkata,20:00,Banglore,0,10844
IndiGo,3/06/2019,Delhi,11:55,Cochin,0,6442
Jet Airways,1/04/2019,Kolkata,09:35,Banglore,0,11467
Jet Airways,24/06/2019,Delhi,15:00,Cochin,0,10262
Multiple carriers,27/03/2019,Delhi,07:30,Cochin,0,8055
IndiGo,24/03/2019,Kolkata,17:35,Banglore,0,6933
Jet Airways,06/03/2019,Banglore,20:35,New Delhi,0,17471
Jet Airways,18/05/2019,Delhi,09:40,Cochin,0,15129
Air Asia,12/06/2019,Banglore,23:55,Delhi,0,3383
Jet Airways,6/06/2019,Delhi,11:30,Cochin,0,10262
IndiGo,9/06/2019,Delhi,06:40,Cochin,0,6093
Multiple carriers,15/06/2019,Delhi,19:00,Cochin,0,6795
Jet Airways,9/05/2019,Kolkata,08:25,Banglore,0,9663
GoAir,12/06/2019,Delhi,07:00,Cochin,0,5281
SpiceJet,18/04/2019,Kolkata,22:20,Banglore,0,3841
GoAir,18/05/2019,Kolkata,23:30,Banglore,0,7335
Jet Airways,1/06/2019,Delhi,17:30,Cochin,0,10262
Air India,15/03/2019,Banglore,17:00,New Delhi,0,8534
IndiGo,6/03/2019,Delhi,02:00,Cochin,0,8025
Jet Airways,15/03/2019,Mumbai,15:50,Hyderabad,0,5678
IndiGo,21/03/2019,Delhi,10:45,Cochin,0,6218
IndiGo,21/03/2019,Banglore,06:00,New Delhi,0,5734
IndiGo,18/05/2019,Kolkata,15:15,Banglore,0,4804
Multiple carriers,6/03/2019,Delhi,09:00,Cochin,0,15078
Jet Airways,18/05/2019,Kolkata,05:45,Banglore,0,10844
IndiGo,21/03/2019,Delhi,04:45,Cochin,0,6314
SpiceJet,21/04/2019,Kolkata,06:55,Banglore,0,4174
IndiGo,09/03/2019,Banglore,10:30,New Delhi,0,6860
IndiGo,18/05/2019,Banglore,08:30,Delhi,0,4823
SpiceJet,24/05/2019,Chennai,09:45,Kolkata,0,3597
Jet Airways,21/05/2019,Delhi,13:25,Cochin,0,15129
Jet Airways,27/06/2019,Delhi,05:30,Cochin,0,13344
SpiceJet,18/04/2019,Kolkata,22:20,Banglore,0,4174
Jet Airways,06/03/2019,Banglore,09:45,New Delhi,0,16757
Multiple carriers,27/05/2019,Delhi,10:20,Cochin,0,7005
Vistara,21/05/2019,Kolkata,20:20,Banglore,0,9345
Multiple carriers,21/03/2019,Delhi,10:00,Cochin,0,8085
Air India,01/03/2019,Banglore,08:50,New Delhi,0,17345
Air India,18/05/2019,Delhi,12:55,Cochin,0,13696
Jet Airways,6/06/2019,Delhi,09:40,Cochin,0,10368
IndiGo,6/04/2019,Banglore,10:30,Delhi,0,4423
IndiGo,21/03/2019,Mumbai,12:00,Hyderabad,0,3342
Multiple carriers,15/05/2019,Delhi,13:05,Cochin,0,9646
IndiGo,24/06/2019,Mumbai,01:40,Hyderabad,0,2754
Jet Airways,9/03/2019,Delhi,00:20,Cochin,0,11848
Air India,9/03/2019,Delhi,22:00,Cochin,0,16373
Jet Airways,12/06/2019,Banglore,08:20,Delhi,0,8016
Jet Airways,18/03/2019,Banglore,14:05,New Delhi,0,13555
Jet Airways,15/06/2019,Delhi,14:35,Cochin,0,13376
Jet Airways,21/05/2019,Kolkata,06:30,Banglore,0,14781
Jet Airways,12/06/2019,Kolkata,17:00,Banglore,0,12692
Jet Airways,24/03/2019,Kolkata,08:25,Banglore,0,13759
SpiceJet,18/05/2019,Delhi,06:05,Cochin,0,6297
Jet Airways,15/05/2019,Kolkata,21:10,Banglore,0,10844
Jet Airways,6/04/2019,Delhi,07:05,Cochin,0,5406
Jet Airways,01/03/2019,Banglore,18:40,New Delhi,0,31825
Jet Airways,18/05/2019,Delhi,21:50,Cochin,0,12373
Jet Airways,21/06/2019,Banglore,19:50,Delhi,0,7754
Multiple carriers,18/05/2019,Delhi,08:45,Cochin,0,8476
Jet Airways,21/03/2019,Banglore,08:00,New Delhi,0,7832
SpiceJet,18/06/2019,Kolkata,09:00,Banglore,0,3841
IndiGo,3/04/2019,Delhi,10:35,Cochin,0,5073
Jet Airways,6/05/2019,Kolkata,16:30,Banglore,0,14781
Jet Airways,24/06/2019,Delhi,17:30,Cochin,0,10262
Jet Airways,01/03/2019,Banglore,05:45,New Delhi,0,26890
Air Asia,27/03/2019,Delhi,07:55,Cochin,0,6151
Air India,27/05/2019,Delhi,07:10,Cochin,0,14588
IndiGo,3/04/2019,Delhi,20:25,Cochin,0,5073
Jet Airways,18/05/2019,Delhi,19:45,Cochin,0,12373
Jet Airways,9/03/2019,Delhi,21:50,Cochin,0,15764
Air India,24/06/2019,Delhi,19:45,Cochin,0,9443
Air India,6/06/2019,Delhi,10:55,Cochin,0,11753
IndiGo,3/05/2019,Banglore,01:30,Delhi,0,3943
Jet Airways,24/06/2019,Delhi,06:45,Cochin,0,13376
Multiple carriers,3/03/2019,Delhi,08:00,Cochin,0,15078
Jet Airways,6/06/2019,Kolkata,20:25,Banglore,0,10539
Jet Airways,24/05/2019,Kolkata,16:30,Banglore,0,14571
GoAir,6/04/2019,Banglore,07:45,Delhi,0,4632
Jet Airways,3/06/2019,Delhi,09:35,Cochin,0,13292
IndiGo,6/05/2019,Kolkata,21:00,Banglore,0,7252
IndiGo,18/03/2019,Chennai,11:35,Kolkata,0,3858
Air India,15/05/2019,Kolkata,09:25,Banglore,0,15532
Vistara,1/06/2019,Banglore,19:30,Delhi,0,4878
Air India,18/05/2019,Kolkata,17:30,Banglore,0,10623
Multiple carriers,15/05/2019,Delhi,15:05,Cochin,0,16840
Air India,1/06/2019,Delhi,14:25,Cochin,0,13591
IndiGo,6/03/2019,Mumbai,02:30,Hyderabad,0,3175
Jet Airways,24/06/2019,Delhi,17:30,Cochin,0,10262
Vistara,12/06/2019,Banglore,09:45,Delhi,0,4668
Multiple carriers,21/05/2019,Delhi,08:45,Cochin,0,9794
Jet Airways,9/05/2019,Kolkata,09:35,Banglore,0,12121
Air India,9/05/2019,Delhi,13:00,Cochin,0,8372
Jet Airways,27/05/2019,Delhi,20:55,Cochin,0,12898
Multiple carriers,27/05/2019,Delhi,11:25,Cochin,0,9103
Jet Airways,24/06/2019,Banglore,15:15,Delhi,0,5769
Air India,12/03/2019,Mumbai,09:40,Hyderabad,0,18293
Air India,9/03/2019,Delhi,20:15,Cochin,0,19681
Vistara,3/06/2019,Banglore,19:30,Delhi,0,4878
Multiple carriers,15/05/2019,Delhi,13:00,Cochin,0,13727
Jet Airways,1/05/2019,Kolkata,17:00,Banglore,0,9314
Air India,12/04/2019,Kolkata,20:45,Banglore,0,4460
Multiple carriers,21/05/2019,Delhi,08:00,Cochin,0,14277
Jet Airways,9/06/2019,Delhi,17:30,Cochin,0,10262
SpiceJet,27/04/2019,Kolkata,22:20,Banglore,0,3873
Air Asia,9/05/2019,Banglore,11:10,Delhi,0,3383
Jet Airways,27/06/2019,Delhi,16:00,Cochin,0,10262
SpiceJet,3/04/2019,Kolkata,09:00,Banglore,0,3873
Multiple carriers,21/03/2019,Delhi,15:15,Cochin,0,7695
Air India,27/06/2019,Delhi,13:30,Cochin,0,8907
Jet Airways,01/03/2019,Banglore,22:50,New Delhi,0,25735
Jet Airways,6/04/2019,Banglore,19:50,Delhi,0,7229
IndiGo,9/03/2019,Delhi,04:45,Cochin,0,10518
Jet Airways,9/06/2019,Kolkata,06:30,Banglore,0,10844
IndiGo,3/06/2019,Banglore,18:25,Delhi,0,4823
Jet Airways,18/04/2019,Banglore,18:55,Delhi,0,7229
Air Asia,27/03/2019,Delhi,16:45,Cochin,0,6151
Air India,6/03/2019,Delhi,13:05,Cochin,0,12865
IndiGo,24/03/2019,Kolkata,04:15,Banglore,0,4150
Jet Airways,1/06/2019,Banglore,19:50,Delhi,0,8016
Multiple carriers,15/05/2019,Delhi,04:55,Cochin,0,9103
Multiple carriers,3/06/2019,Delhi,06:00,Cochin,0,13259
SpiceJet,3/06/2019,Banglore,21:10,Delhi,0,3257
Jet Airways,27/03/2019,Delhi,11:30,Cochin,0,6017
Air India,21/05/2019,Mumbai,21:05,Hyderabad,0,3100
Multiple carriers,24/06/2019,Delhi,17:45,Cochin,0,5797
Vistara,24/03/2019,Kolkata,07:10,Banglore,0,13152
IndiGo,15/06/2019,Delhi,18:35,Cochin,0,5883
Air India,03/03/2019,Banglore,05:50,New Delhi,0,12389
Air Asia,24/05/2019,Banglore,11:10,Delhi,0,3383
Air India,18/03/2019,Mumbai,06:20,Hyderabad,0,3100
Vistara,6/05/2019,Banglore,09:45,Delhi,0,4668
IndiGo,12/03/2019,Chennai,13:20,Kolkata,0,6297
Air India,27/05/2019,Delhi,13:30,Cochin,0,8907
Air India,21/03/2019,Delhi,13:30,Cochin,0,5704
IndiGo,12/04/2019,Kolkata,15:15,Banglore,0,4174
Jet Airways,1/05/2019,Kolkata,17:00,Banglore,0,11467
IndiGo,6/04/2019,Delhi,07:35,Cochin,0,5073
Multiple carriers,27/03/2019,Delhi,11:40,Cochin,0,6637
Jet Airways,27/05/2019,Delhi,07:05,Cochin,0,16289
Jet Airways,1/06/2019,Delhi,15:00,Cochin,0,14714
Jet Airways,01/03/2019,Banglore,11:40,New Delhi,0,20800
IndiGo,21/03/2019,Banglore,07:10,New Delhi,0,6860
Multiple carriers,9/06/2019,Delhi,18:15,Cochin,0,13587
Jet Airways,12/06/2019,Kolkata,08:25,Banglore,0,6224
Jet Airways,24/05/2019,Kolkata,09:35,Banglore,0,14151
Jet Airways,27/06/2019,Delhi,10:00,Cochin,0,10262
IndiGo,27/03/2019,Delhi,04:55,Cochin,0,6171
IndiGo,1/04/2019,Banglore,06:05,Delhi,0,3943
Jet Airways,21/03/2019,Delhi,16:00,Cochin,0,5963
Vistara,18/05/2019,Kolkata,20:20,Banglore,0,9345
Jet Airways,15/05/2019,Banglore,11:10,Delhi,0,4030
Air India,3/04/2019,Delhi,20:30,Cochin,0,5022
Jet Airways,6/03/2019,Delhi,16:00,Cochin,0,17024
IndiGo,15/04/2019,Delhi,06:50,Cochin,0,5761
Multiple carriers,12/06/2019,Delhi,08:45,Cochin,0,8266
Jet Airways,6/06/2019,Kolkata,17:00,Banglore,0,14151
IndiGo,6/05/2019,Kolkata,22:15,Banglore,0,4804
Jet Airways,9/05/2019,Kolkata,08:25,Banglore,0,14781
IndiGo,6/03/2019,Chennai,19:35,Kolkata,0,7295
Jet Airways,12/05/2019,Kolkata,20:25,Banglore,0,10953
Multiple carriers,1/06/2019,Delhi,10:00,Cochin,0,7198
IndiGo,21/05/2019,Delhi,20:25,Cochin,0,5054
Jet Airways,18/05/2019,Kolkata,16:30,Banglore,0,10844
Jet Airways,9/06/2019,Delhi,11:40,Cochin,0,18804
Jet Airways,27/06/2019,Delhi,14:35,Cochin,0,10919
Jet Airways,18/05/2019,Banglore,11:10,Delhi,0,5198
Air India,9/04/2019,Delhi,08:00,Cochin,0,6377
IndiGo,12/05/2019,Kolkata,04:50,Banglore,0,4176
IndiGo,27/04/2019,Kolkata,09:35,Banglore,0,4804
Air India,24/03/2019,Kolkata,16:45,Banglore,0,6535
SpiceJet,27/06/2019,Banglore,09:30,Delhi,0,3573
Air India,24/03/2019,Kolkata,07:00,Banglore,0,12173
Jet Airways,27/03/2019,Delhi,19:10,Cochin,0,9483
IndiGo,24/04/2019,Delhi,20:25,Cochin,0,5065
Jet Airways,6/06/2019,Kolkata,14:05,Banglore,0,10844
Jet Airways,12/03/2019,Banglore,21:25,New Delhi,0,13817
IndiGo,24/03/2019,Banglore,00:40,New Delhi,0,4238
Jet Airways,15/05/2019,Mumbai,19:35,Hyderabad,0,2228
Air Asia,12/05/2019,Banglore,04:55,Delhi,0,4282
Jet Airways,1/06/2019,Delhi,19:30,Cochin,0,13014
Air Asia,3/03/2019,Delhi,16:45,Cochin,0,13774
Vistara,6/05/2019,Kolkata,07:10,Banglore,0,8610
IndiGo,6/03/2019,Mumbai,06:20,Hyderabad,0,4784
Air India,15/04/2019,Banglore,10:00,Delhi,0,6121
IndiGo,21/03/2019,Kolkata,05:30,Banglore,0,4148
SpiceJet,12/05/2019,Mumbai,22:45,Hyderabad,0,1965
Air India,6/03/2019,Mumbai,16:00,Hyderabad,0,11678
SpiceJet,6/04/2019,Banglore,05:55,Delhi,0,4423
Air India,21/05/2019,Delhi,22:00,Cochin,0,10231
Multiple carriers,6/06/2019,Delhi,11:40,Cochin,0,11789
Air India,1/04/2019,Delhi,09:45,Cochin,0,5117
Jet Airways,18/05/2019,Kolkata,09:35,Banglore,0,14151
Air India,15/05/2019,Kolkata,10:00,Banglore,0,16057
Jet Airways,24/06/2019,Delhi,05:30,Cochin,0,13014
Jet Airways,21/03/2019,Banglore,07:00,New Delhi,0,7832
Multiple carriers,6/06/2019,Delhi,11:40,Cochin,0,7005
Jet Airways,06/03/2019,Banglore,08:00,New Delhi,0,19225
Multiple carriers,3/03/2019,Delhi,02:15,Cochin,0,17057
Multiple carriers,9/06/2019,Delhi,11:40,Cochin,0,6795
Vistara,21/05/2019,Kolkata,07:10,Banglore,0,8452
Jet Airways,6/05/2019,Kolkata,21:10,Banglore,0,14388
Jet Airways,21/05/2019,Delhi,13:00,Cochin,0,12898
IndiGo,27/04/2019,Delhi,14:20,Cochin,0,5021
Vistara,21/04/2019,Banglore,09:45,Delhi,0,5403
IndiGo,27/03/2019,Mumbai,19:05,Hyderabad,0,2754
Vistara,6/03/2019,Mumbai,21:55,Hyderabad,0,12395
IndiGo,27/03/2019,Delhi,04:45,Cochin,0,7048
SpiceJet,1/06/2019,Banglore,05:55,Delhi,0,3625
Jet Airways,1/05/2019,Kolkata,14:05,Banglore,0,14781
SpiceJet,18/05/2019,Mumbai,05:45,Hyderabad,0,1965
Jet Airways,15/06/2019,Delhi,17:30,Cochin,0,10262
Jet Airways,21/05/2019,Delhi,23:05,Cochin,0,15129
Air India,9/05/2019,Delhi,07:05,Cochin,0,9347
Jet Airways,15/05/2019,Banglore,15:15,Delhi,0,3502
Vistara,1/06/2019,Delhi,14:40,Cochin,0,6741
Jet Airways,06/03/2019,Banglore,14:05,New Delhi,0,14815
Jet Airways,12/06/2019,Banglore,19:50,Delhi,0,5769
IndiGo,1/06/2019,Banglore,13:00,Delhi,0,3943
Vistara,1/05/2019,Kolkata,07:10,Banglore,0,8452
Air India,27/03/2019,Delhi,20:40,Cochin,0,5117
Jet Airways,1/05/2019,Kolkata,09:35,Banglore,0,12121
IndiGo,27/06/2019,Delhi,07:15,Cochin,0,6582
Air India,24/05/2019,Mumbai,21:05,Hyderabad,0,3100
Air Asia,18/03/2019,Kolkata,10:20,Banglore,0,4384
Air India,18/05/2019,Kolkata,20:45,Banglore,0,4880
Jet Airways,1/05/2019,Banglore,08:20,Delhi,0,5198
IndiGo,27/04/2019,Kolkata,14:25,Banglore,0,4804
IndiGo,9/03/2019,Delhi,04:45,Cochin,0,16162
Air India,6/03/2019,Delhi,05:55,Cochin,0,15428
SpiceJet,27/04/2019,Banglore,05:55,Delhi,0,4423
Jet Airways,21/05/2019,Mumbai,07:05,Hyderabad,0,8040
Air India,06/03/2019,Banglore,11:50,New Delhi,0,14594
Jet Airways,18/05/2019,Kolkata,20:00,Banglore,0,14781
Jet Airways,9/06/2019,Delhi,13:00,Cochin,0,10262
Jet Airways,21/06/2019,Delhi,11:00,Cochin,0,4256
SpiceJet,15/03/2019,Banglore,09:35,New Delhi,0,6205
Air Asia,6/03/2019,Kolkata,10:20,Banglore,0,4384
Air India,18/05/2019,Delhi,22:00,Cochin,0,11228
Jet Airways,24/03/2019,Kolkata,16:55,Banglore,0,14231
Jet Airways,24/06/2019,Delhi,20:55,Cochin,0,10262
Air Asia,24/04/2019,Delhi,07:55,Cochin,0,6152
Air India,3/06/2019,Delhi,03:50,Cochin,0,8669
SpiceJet,24/03/2019,Chennai,08:20,Kolkata,0,3807
Jet Airways,3/06/2019,Delhi,05:30,Cochin,0,13292
Jet Airways,9/03/2019,Delhi,18:15,Cochin,0,14053
Multiple carriers,15/05/2019,Delhi,15:00,Cochin,0,13727
Air India,12/06/2019,Mumbai,13:55,Hyderabad,0,3100
Jet Airways,24/03/2019,Banglore,05:45,New Delhi,0,8147
Multiple carriers,27/06/2019,Delhi,10:20,Cochin,0,11264
Air India,24/06/2019,Delhi,22:00,Cochin,0,9181
Jet Airways,18/03/2019,Banglore,22:50,New Delhi,0,11087
Jet Airways,21/05/2019,Delhi,20:55,Cochin,0,12898
Jet Airways,27/06/2019,Banglore,08:20,Delhi,0,8016
Air India,3/03/2019,Delhi,12:30,Cochin,0,16142
Air Asia,3/05/2019,Banglore,23:55,Delhi,0,4483
IndiGo,12/04/2019,Kolkata,09:35,Banglore,0,4174
IndiGo,9/03/2019,Delhi,21:05,Cochin,0,6937
GoAir,3/06/2019,Delhi,07:00,Cochin,0,4959
Jet Airways,9/06/2019,Delhi,05:30,Cochin,0,14441
Air India,21/06/2019,Delhi,05:10,Cochin,0,5201
IndiGo,24/05/2019,Kolkata,14:25,Banglore,0,5224
Air Asia,6/06/2019,Kolkata,07:35,Banglore,0,6810
IndiGo,21/05/2019,Mumbai,21:20,Hyderabad,0,2227
Air India,6/06/2019,Kolkata,05:50,Banglore,0,12723
Jet Airways,18/03/2019,Banglore,11:40,New Delhi,0,12284
IndiGo,6/04/2019,Banglore,22:10,Delhi,0,3943
Jet Airways,9/06/2019,Kolkata,06:30,Banglore,0,10844
Jet Airways,15/06/2019,Delhi,18:15,Cochin,0,10262
Jet Airways,18/05/2019,Delhi,13:25,Cochin,0,15129
Air India,3/06/2019,Delhi,22:00,Cochin,0,10231
SpiceJet,9/06/2019,Kolkata,08:35,Banglore,0,6853
Multiple carriers,9/03/2019,Delhi,16:00,Cochin,0,14086
Jet Airways,9/03/2019,Delhi,08:20,Cochin,0,18909
Jet Airways,1/06/2019,Delhi,11:40,Cochin,0,15812
Multiple carriers,18/05/2019,Delhi,07:05,Cochin,0,13727
IndiGo,03/03/2019,Banglore,23:30,New Delhi,0,6144
Jet Airways,21/05/2019,Delhi,08:00,Cochin,0,12898
Jet Airways,24/05/2019,Banglore,17:45,Delhi,0,6144
Jet Airways,1/05/2019,Kolkata,20:25,Banglore,0,12121
Jet Airways,1/04/2019,Delhi,10:00,Cochin,0,5406
SpiceJet,15/04/2019,Delhi,15:45,Cochin,0,5899
SpiceJet,24/03/2019,Banglore,20:30,New Delhi,0,3873
IndiGo,3/05/2019,Kolkata,22:15,Banglore,0,4804
IndiGo,12/05/2019,Mumbai,06:25,Hyderabad,0,4049
SpiceJet,15/06/2019,Chennai,08:20,Kolkata,0,3597
Air India,12/03/2019,Mumbai,06:00,Hyderabad,0,12119
Jet Airways,27/05/2019,Delhi,22:50,Cochin,0,12898
IndiGo,1/06/2019,Kolkata,14:25,Banglore,0,6064
IndiGo,15/06/2019,Delhi,08:30,Cochin,0,6416
SpiceJet,1/04/2019,Delhi,17:55,Cochin,0,4957
Air Asia,9/03/2019,Delhi,16:45,Cochin,0,8327
Jet Airways,12/06/2019,Delhi,11:40,Cochin,0,15812
Jet Airways,9/05/2019,Kolkata,20:25,Banglore,0,10953
IndiGo,24/05/2019,Chennai,05:15,Kolkata,0,3850
Jet Airways,21/05/2019,Delhi,19:30,Cochin,0,13029
Jet Airways,6/06/2019,Kolkata,16:30,Banglore,0,10844
Vistara,1/04/2019,Kolkata,17:00,Banglore,0,8610
Jet Airways,21/05/2019,Delhi,07:05,Cochin,0,16289
Multiple carriers,21/05/2019,Delhi,12:50,Cochin,0,8266
IndiGo,3/06/2019,Chennai,19:35,Kolkata,0,3597
SpiceJet,1/06/2019,Chennai,17:45,Kolkata,0,3543
Multiple carriers,21/03/2019,Delhi,07:00,Cochin,0,9042
Jet Airways,21/03/2019,Delhi,19:10,Cochin,0,10929
Jet Airways,12/04/2019,Banglore,06:00,Delhi,0,5198
IndiGo,21/06/2019,Chennai,19:35,Kolkata,0,3597
Jet Airways,27/06/2019,Delhi,21:25,Cochin,0,13292
Jet Airways,6/04/2019,Delhi,08:00,Cochin,0,5406
IndiGo,3/05/2019,Mumbai,02:35,Hyderabad,0,2754
Jet Airways,6/03/2019,Delhi,19:45,Cochin,0,15764
Jet Airways,15/05/2019,Kolkata,09:35,Banglore,0,10703
Air India,3/03/2019,Delhi,05:10,Cochin,0,7931
Jet Airways,9/05/2019,Delhi,23:05,Cochin,0,15129
Air India,24/03/2019,Banglore,06:10,New Delhi,0,3758
Jet Airways,12/05/2019,Kolkata,08:25,Banglore,0,8586
IndiGo,24/06/2019,Mumbai,19:05,Hyderabad,0,2754
Air India,12/05/2019,Kolkata,05:50,Banglore,0,11411
Air India,21/03/2019,Delhi,09:00,Cochin,0,6902
Air Asia,21/03/2019,Kolkata,22:50,Banglore,0,3782
SpiceJet,9/05/2019,Kolkata,09:00,Banglore,0,3873
Jet Airways,1/06/2019,Mumbai,07:05,Hyderabad,0,4050
Air India,12/06/2019,Kolkata,09:50,Banglore,0,14960
Air India,12/05/2019,Kolkata,09:25,Banglore,0,8891
Multiple carriers,21/03/2019,Delhi,04:45,Cochin,0,6630
IndiGo,15/06/2019,Banglore,18:25,Delhi,0,4823
Multiple carriers,12/06/2019,Delhi,08:45,Cochin,0,11789
Jet Airways,6/05/2019,Kolkata,17:00,Banglore,0,13067
Air India,18/05/2019,Kolkata,16:50,Banglore,0,11642
Jet Airways,12/06/2019,Kolkata,14:05,Banglore,0,9899
Air India,6/06/2019,Kolkata,07:00,Banglore,0,10203
IndiGo,27/05/2019,Banglore,20:00,Delhi,0,4823
Multiple carriers,21/03/2019,Delhi,06:40,Cochin,0,13568
SpiceJet,27/03/2019,Kolkata,09:00,Banglore,0,3847
Jet Airways,3/06/2019,Delhi,20:55,Cochin,0,10262
IndiGo,9/03/2019,Delhi,02:05,Cochin,0,10482
Air Asia,18/05/2019,Kolkata,22:50,Banglore,0,4409
Air India,3/03/2019,Delhi,08:00,Cochin,0,15197
Air India,1/05/2019,Mumbai,21:05,Hyderabad,0,3625
IndiGo,15/05/2019,Banglore,13:00,Delhi,0,3943
Jet Airways,21/05/2019,Kolkata,20:00,Banglore,0,10844
SpiceJet,27/06/2019,Chennai,17:45,Kolkata,0,3597
IndiGo,12/06/2019,Delhi,15:00,Cochin,0,5684
Jet Airways,1/06/2019,Delhi,08:00,Cochin,0,10262
Jet Airways,27/06/2019,Delhi,20:00,Cochin,0,14300
Air India,9/06/2019,Mumbai,21:05,Hyderabad,0,3100
Jet Airways,24/03/2019,Mumbai,19:35,Hyderabad,0,2470
Jet Airways,9/06/2019,Delhi,21:50,Cochin,0,10262
Air India,21/05/2019,Banglore,21:05,Delhi,0,5228
Air India,15/03/2019,Banglore,06:55,New Delhi,0,6987
Air India,18/05/2019,Kolkata,05:50,Banglore,0,12723
Air India,24/06/2019,Delhi,10:00,Cochin,0,9194
Jet Airways,6/05/2019,Kolkata,14:05,Banglore,0,9663
Air India,03/03/2019,Banglore,06:45,New Delhi,0,10573
Jet Airways,9/03/2019,Delhi,10:45,Cochin,0,15654
Jet Airways,18/05/2019,Mumbai,07:05,Hyderabad,0,4050
Jet Airways,21/03/2019,Delhi,18:25,Cochin,0,9270
Jet Airways,18/05/2019,Delhi,05:30,Cochin,0,15129
Jet Airways,1/06/2019,Delhi,06:45,Cochin,0,13376
IndiGo,15/06/2019,Delhi,21:50,Cochin,0,6195
Air India,27/05/2019,Delhi,17:40,Cochin,0,7258
Jet Airways,24/05/2019,Banglore,15:15,Delhi,0,4544
IndiGo,03/03/2019,Banglore,20:00,New Delhi,0,7303
Multiple carriers,1/06/2019,Delhi,10:20,Cochin,0,9526
Air India,01/03/2019,Banglore,22:00,New Delhi,0,14305
IndiGo,15/05/2019,Banglore,18:55,Delhi,0,4823
IndiGo,3/03/2019,Delhi,07:30,Cochin,0,14871
Jet Airways,21/05/2019,Kolkata,08:25,Banglore,0,14781
Jet Airways,3/05/2019,Banglore,07:10,Delhi,0,7229
GoAir,21/05/2019,Banglore,07:45,Delhi,0,5048
Air India,15/05/2019,Kolkata,10:00,Banglore,0,16057
Multiple carriers,24/06/2019,Delhi,15:05,Cochin,0,15965
Air India,9/05/2019,Delhi,14:25,Cochin,0,13591
Jet Airways,27/06/2019,Delhi,21:25,Cochin,0,11507
Jet Airways,1/04/2019,Kolkata,14:05,Banglore,0,13364
Jet Airways,24/04/2019,Banglore,07:10,Delhi,0,6144
Jet Airways,6/06/2019,Kolkata,20:00,Banglore,0,10844
Multiple carriers,27/05/2019,Delhi,17:30,Cochin,0,13377
Multiple carriers,18/05/2019,Delhi,03:50,Cochin,0,10197
IndiGo,15/05/2019,Delhi,15:10,Cochin,0,6027
Jet Airways,06/03/2019,Banglore,16:55,New Delhi,0,17261
Jet Airways,24/03/2019,Kolkata,06:30,Banglore,0,8824
Jet Airways,6/06/2019,Mumbai,02:55,Hyderabad,0,5678
IndiGo,3/06/2019,Delhi,04:55,Cochin,0,6838
Jet Airways,9/06/2019,Kolkata,21:10,Banglore,0,14939
Jet Airways,24/06/2019,Delhi,13:00,Cochin,0,10262
IndiGo,24/03/2019,Kolkata,14:20,Banglore,0,5618
IndiGo,6/06/2019,Chennai,07:55,Kolkata,0,3850
Jet Airways,9/04/2019,Delhi,09:40,Cochin,0,10909
Jet Airways,21/06/2019,Mumbai,08:45,Hyderabad,0,8040
Vistara,24/06/2019,Chennai,07:45,Kolkata,0,3687
Air India,21/03/2019,Delhi,17:15,Cochin,0,8052
Jet Airways,18/03/2019,Banglore,11:40,New Delhi,0,11087
IndiGo,15/04/2019,Delhi,08:35,Cochin,0,6442
IndiGo,9/05/2019,Chennai,07:55,Kolkata,0,3850
IndiGo,03/03/2019,Banglore,07:30,New Delhi,0,6220
Jet Airways,12/06/2019,Delhi,08:10,Cochin,0,14300
Jet Airways,1/05/2019,Kolkata,16:30,Banglore,0,14781
Air India,03/03/2019,Banglore,06:45,New Delhi,0,12599
IndiGo,1/05/2019,Kolkata,04:40,Banglore,0,4804
Air Asia,09/03/2019,Banglore,23:25,New Delhi,0,4482
IndiGo,3/06/2019,Chennai,13:15,Kolkata,0,3597
Jet Airways,15/05/2019,Kolkata,21:10,Banglore,0,10844
SpiceJet,9/05/2019,Banglore,09:30,Delhi,0,4885
Air India,9/05/2019,Delhi,13:20,Cochin,0,13538
Jet Airways,6/06/2019,Kolkata,20:00,Banglore,0,14571
IndiGo,27/05/2019,Kolkata,20:20,Banglore,0,4804
SpiceJet,9/06/2019,Banglore,21:10,Delhi,0,3971
IndiGo,21/05/2019,Kolkata,16:35,Banglore,0,5268
Air India,9/04/2019,Delhi,05:55,Cochin,0,7711
Jet Airways,12/05/2019,Banglore,11:10,Delhi,0,5198
Jet Airways,12/03/2019,Banglore,21:25,New Delhi,0,13817
Air India,6/03/2019,Mumbai,13:30,Hyderabad,0,18797
Jet Airways,18/05/2019,Delhi,07:05,Cochin,0,12373
Jet Airways,9/05/2019,Kolkata,18:55,Banglore,0,9663
Jet Airways,24/05/2019,Kolkata,06:30,Banglore,0,14571
GoAir,15/04/2019,Delhi,07:25,Cochin,0,5052
SpiceJet,27/05/2019,Kolkata,17:10,Banglore,0,3841
Jet Airways,27/06/2019,Delhi,23:05,Cochin,0,15339
IndiGo,1/04/2019,Banglore,00:30,Delhi,0,4423
Jet Airways,9/06/2019,Kolkata,17:00,Banglore,0,14151
Multiple carriers,6/03/2019,Delhi,13:05,Cochin,0,10759
Vistara,9/06/2019,Kolkata,07:10,Banglore,0,9345
Jet Airways,24/03/2019,Kolkata,21:10,Banglore,0,10031
Vistara,21/05/2019,Kolkata,20:20,Banglore,0,9345
Jet Airways,24/06/2019,Delhi,17:35,Cochin,0,13922
Vistara,9/05/2019,Kolkata,17:00,Banglore,0,9187
SpiceJet,12/06/2019,Kolkata,06:55,Banglore,0,3841
IndiGo,1/06/2019,Delhi,21:50,Cochin,0,8238
Air India,3/03/2019,Delhi,04:00,Cochin,0,14462
SpiceJet,12/04/2019,Kolkata,17:10,Banglore,0,3873
SpiceJet,21/04/2019,Kolkata,09:00,Banglore,0,4491
Jet Airways,27/05/2019,Delhi,02:15,Cochin,0,16079
Air India,9/06/2019,Kolkata,14:15,Banglore,0,6245
IndiGo,9/05/2019,Delhi,06:50,Cochin,0,5298
Jet Airways,9/05/2019,Delhi,23:05,Cochin,0,16704
Vistara,21/04/2019,Delhi,14:40,Cochin,0,6741
Air India,27/04/2019,Delhi,18:05,Cochin,0,5411
Vistara,1/04/2019,Kolkata,20:20,Banglore,0,8452
Air Asia,27/04/2019,Delhi,16:45,Cochin,0,6451
Jet Airways,21/05/2019,Delhi,17:30,Cochin,0,12898
Jet Airways,12/05/2019,Kolkata,17:00,Banglore,0,13067
Vistara,21/05/2019,Kolkata,17:00,Banglore,0,9345
Air India,01/03/2019,Banglore,00:30,New Delhi,0,12599
GoAir,9/05/2019,Kolkata,23:30,Banglore,0,6095
Jet Airways,9/06/2019,Kolkata,06:30,Banglore,0,14571
IndiGo,1/03/2019,Chennai,05:15,Kolkata,0,7295
Jet Airways,27/05/2019,Delhi,22:50,Cochin,0,12898
Multiple carriers,3/03/2019,Delhi,08:00,Cochin,0,15342
IndiGo,1/05/2019,Kolkata,18:05,Banglore,0,6218
IndiGo,27/05/2019,Kolkata,09:35,Banglore,0,4804
Jet Airways,12/06/2019,Kolkata,16:30,Banglore,0,8529
Jet Airways,27/03/2019,Mumbai,07:10,Hyderabad,0,8040
Air India,3/03/2019,Delhi,19:45,Cochin,0,12856
Jet Airways,6/05/2019,Kolkata,09:35,Banglore,0,12384
Jet Airways,21/06/2019,Banglore,08:20,Delhi,0,5769
Jet Airways,12/05/2019,Kolkata,06:30,Banglore,0,10844
IndiGo,15/06/2019,Delhi,08:35,Cochin,0,6442
IndiGo,6/04/2019,Kolkata,21:25,Banglore,0,4174
IndiGo,1/06/2019,Delhi,11:25,Cochin,0,6206
SpiceJet,21/03/2019,Kolkata,22:20,Banglore,0,3847
IndiGo,9/04/2019,Kolkata,19:20,Banglore,0,3574
Jet Airways,21/03/2019,Delhi,16:10,Cochin,0,8728
Jet Airways,1/04/2019,Delhi,22:50,Cochin,0,5177
Jet Airways,21/05/2019,Kolkata,18:55,Banglore,0,9663
Multiple carriers,15/06/2019,Delhi,08:00,Cochin,0,12192
IndiGo,3/05/2019,Chennai,22:05,Kolkata,0,5277
GoAir,12/04/2019,Banglore,11:40,Delhi,0,4937
Jet Airways,21/03/2019,Mumbai,10:20,Hyderabad,0,8040
Multiple carriers,27/05/2019,Delhi,11:30,Cochin,0,6943
SpiceJet,6/04/2019,Banglore,09:30,Delhi,0,4319
Air India,12/06/2019,Delhi,09:45,Cochin,0,8991
Jet Airways,01/03/2019,Banglore,07:00,New Delhi,0,27992
IndiGo,12/03/2019,Chennai,07:55,Kolkata,0,6297
Jet Airways,24/06/2019,Delhi,09:40,Cochin,0,13014
Multiple carriers,1/06/2019,Delhi,13:00,Cochin,0,13587
Jet Airways,15/05/2019,Kolkata,08:25,Banglore,0,10844
Air India,21/05/2019,Kolkata,09:25,Banglore,0,11432
Jet Airways,27/05/2019,Delhi,19:30,Cochin,0,13029
Multiple carriers,15/05/2019,Delhi,12:50,Cochin,0,7670
Air India,3/05/2019,Mumbai,15:00,Hyderabad,0,3100
Jet Airways,12/06/2019,Kolkata,20:00,Banglore,0,8529
Jet Airways,15/06/2019,Delhi,11:30,Cochin,0,10262
IndiGo,21/03/2019,Mumbai,02:30,Hyderabad,0,3603
Multiple carriers,3/03/2019,Delhi,02:15,Cochin,0,17057
Air India,24/03/2019,Kolkata,09:10,Banglore,0,15187
IndiGo,27/06/2019,Delhi,05:05,Cochin,0,6442
IndiGo,9/06/2019,Chennai,05:15,Kolkata,0,3540
Jet Airways,9/06/2019,Kolkata,08:25,Banglore,0,10844
Jet Airways,15/06/2019,Delhi,06:45,Cochin,0,10919
Jet Airways,12/06/2019,Delhi,12:15,Cochin,0,14300
Vistara,6/05/2019,Chennai,17:45,Kolkata,0,11982
SpiceJet,9/05/2019,Kolkata,15:05,Banglore,0,4963
Jet Airways,3/04/2019,Mumbai,10:20,Hyderabad,0,8040
IndiGo,3/06/2019,Chennai,22:05,Kolkata,0,5277
Jet Airways,12/06/2019,Kolkata,20:00,Banglore,0,12576
Jet Airways,9/05/2019,Kolkata,21:10,Banglore,0,9663
IndiGo,27/05/2019,Delhi,20:25,Cochin,0,5054
IndiGo,24/06/2019,Delhi,07:35,Cochin,0,5054
Jet Airways,9/06/2019,Kolkata,08:25,Banglore,0,10844
Jet Airways,9/05/2019,Delhi,10:00,Cochin,0,15554
Air India,27/03/2019,Delhi,13:05,Cochin,0,8875
Air India,12/06/2019,Delhi,18:45,Cochin,0,11732
GoAir,9/06/2019,Kolkata,16:40,Banglore,0,9495
Jet Airways,3/06/2019,Delhi,14:35,Cochin,0,10919
Multiple carriers,9/05/2019,Delhi,11:30,Cochin,0,15078
Multiple carriers,27/03/2019,Delhi,07:00,Cochin,0,6148
IndiGo,3/04/2019,Delhi,05:35,Cochin,0,4729
Vistara,12/06/2019,Kolkata,20:20,Banglore,0,8610
Air India,24/06/2019,Delhi,12:00,Cochin,0,9548
Vistara,9/04/2019,Banglore,09:45,Delhi,0,5403
Jet Airways,15/06/2019,Delhi,02:15,Cochin,0,18371
Jet Airways,1/05/2019,Kolkata,09:35,Banglore,0,12121
IndiGo,6/05/2019,Kolkata,09:35,Banglore,0,4804
Air Asia,6/04/2019,Kolkata,10:20,Banglore,0,3807
SpiceJet,1/04/2019,Mumbai,13:15,Hyderabad,0,1965
Jet Airways,15/06/2019,Delhi,20:00,Cochin,0,14300
IndiGo,3/06/2019,Delhi,07:35,Cochin,0,6069
IndiGo,12/06/2019,Delhi,04:55,Cochin,0,5894
Jet Airways,18/03/2019,Banglore,07:00,New Delhi,0,12284
IndiGo,18/05/2019,Delhi,04:55,Cochin,0,6758
Jet Airways,1/05/2019,Kolkata,20:25,Banglore,0,9314
Jet Airways,1/06/2019,Delhi,17:30,Cochin,0,14714
Air India,12/06/2019,Delhi,20:30,Cochin,0,8991
SpiceJet,3/03/2019,Chennai,08:20,Kolkata,0,7050
Jet Airways,6/06/2019,Delhi,09:00,Cochin,0,14714
IndiGo,1/03/2019,Mumbai,06:20,Hyderabad,0,17501
IndiGo,03/03/2019,Banglore,01:30,New Delhi,0,6144
Jet Airways,6/06/2019,Kolkata,14:05,Banglore,0,14571
SpiceJet,21/05/2019,Mumbai,05:45,Hyderabad,0,1965
Jet Airways,6/03/2019,Delhi,19:10,Cochin,0,19329
IndiGo,12/06/2019,Delhi,09:15,Cochin,0,6838
Multiple carriers,18/05/2019,Delhi,17:00,Cochin,0,8283
Jet Airways,24/05/2019,Kolkata,14:05,Banglore,0,10844
IndiGo,3/03/2019,Mumbai,06:20,Hyderabad,0,4784
Air Asia,18/05/2019,Banglore,23:55,Delhi,0,4483
Multiple carriers,3/03/2019,Delhi,10:20,Cochin,0,15147
Jet Airways,15/05/2019,Banglore,08:20,Delhi,0,7229
Air India,27/06/2019,Delhi,17:15,Cochin,0,12199
Jet Airways,24/05/2019,Kolkata,06:30,Banglore,0,10844
IndiGo,27/05/2019,Delhi,06:50,Cochin,0,6674
Air India,6/04/2019,Delhi,06:05,Cochin,0,4487
Jet Airways,9/05/2019,Mumbai,07:05,Hyderabad,0,4995
Jet Airways,15/06/2019,Delhi,09:00,Cochin,0,10262
Air India,15/05/2019,Kolkata,05:50,Banglore,0,12723
Jet Airways,27/05/2019,Delhi,02:15,Cochin,0,12898
Multiple carriers,9/06/2019,Delhi,13:00,Cochin,0,7408
Air India,9/05/2019,Mumbai,13:55,Hyderabad,0,3100
IndiGo,18/05/2019,Kolkata,09:35,Banglore,0,4804
Air India,12/05/2019,Delhi,05:10,Cochin,0,6094
Air India,1/06/2019,Kolkata,14:15,Banglore,0,6245
Air India,12/03/2019,Banglore,06:50,New Delhi,0,12734
Jet Airways,15/06/2019,Delhi,18:25,Cochin,0,14237
Jet Airways,3/03/2019,Delhi,18:15,Cochin,0,17234
Jet Airways,12/06/2019,Kolkata,09:35,Banglore,0,12692
Jet Airways,15/05/2019,Kolkata,20:25,Banglore,0,11467
SpiceJet,21/05/2019,Kolkata,09:00,Banglore,0,4174
Jet Airways,18/05/2019,Kolkata,16:30,Banglore,0,10844
IndiGo,21/05/2019,Delhi,10:35,Cochin,0,6794
SpiceJet,24/06/2019,Delhi,06:05,Cochin,0,5583
Multiple carriers,21/03/2019,Delhi,07:05,Cochin,0,6717
Jet Airways,9/05/2019,Delhi,07:05,Cochin,0,15554
Multiple carriers,27/06/2019,Delhi,08:45,Cochin,0,8266
Air India,18/05/2019,Kolkata,09:50,Banglore,0,15957
Air India,9/05/2019,Delhi,07:05,Cochin,0,13547
IndiGo,12/04/2019,Banglore,01:30,Delhi,0,4591
Jet Airways,01/03/2019,Banglore,22:50,New Delhi,0,25735
Multiple carriers,21/05/2019,Delhi,11:40,Cochin,0,8266
Air India,15/03/2019,Banglore,11:50,New Delhi,0,7192
SpiceJet,21/05/2019,Kolkata,08:35,Banglore,0,6381
Air India,21/03/2019,Delhi,05:10,Cochin,0,5674
Jet Airways,3/06/2019,Delhi,14:35,Cochin,0,13376
Jet Airways,3/06/2019,Delhi,17:30,Cochin,0,14714
Multiple carriers,24/06/2019,Delhi,11:40,Cochin,0,5797
Jet Airways,15/06/2019,Banglore,19:50,Delhi,0,8016
IndiGo,6/05/2019,Kolkata,19:20,Banglore,0,3809
Jet Airways,18/03/2019,Banglore,08:00,New Delhi,0,12284
Jet Airways,9/05/2019,Delhi,05:30,Cochin,0,15544
Air India,1/04/2019,Kolkata,09:25,Banglore,0,12219
Vistara,24/05/2019,Kolkata,20:20,Banglore,0,9345
Jet Airways,21/03/2019,Banglore,20:35,New Delhi,0,7832
IndiGo,9/06/2019,Delhi,09:15,Cochin,0,6838
Jet Airways,3/05/2019,Banglore,11:10,Delhi,0,4030
Jet Airways,27/05/2019,Delhi,13:25,Cochin,0,16704
Air India,18/05/2019,Kolkata,07:00,Banglore,0,13873
Jet Airways,6/03/2019,Delhi,23:05,Cochin,0,15764
Jet Airways,1/06/2019,Delhi,05:30,Cochin,0,13014
Air India,15/03/2019,Banglore,06:45,New Delhi,0,8714
Air India,9/05/2019,Kolkata,08:20,Banglore,0,11222
Jet Airways,1/06/2019,Banglore,15:15,Delhi,0,7229
Jet Airways,24/06/2019,Delhi,19:30,Cochin,0,10368
Vistara,09/03/2019,Banglore,11:30,New Delhi,0,7240
SpiceJet,9/06/2019,Chennai,09:45,Kolkata,0,3543
Jet Airways,27/05/2019,Delhi,09:40,Cochin,0,15129
Jet Airways,12/06/2019,Delhi,19:45,Cochin,0,10262
Jet Airways,27/06/2019,Delhi,23:05,Cochin,0,11150
Jet Airways,27/05/2019,Delhi,09:40,Cochin,0,13029
Jet Airways,15/03/2019,Banglore,07:00,New Delhi,0,9134
IndiGo,15/05/2019,Delhi,05:10,Cochin,0,6496
Jet Airways,12/06/2019,Delhi,11:45,Cochin,0,13882
Jet Airways,1/04/2019,Kolkata,20:00,Banglore,0,7064
IndiGo,27/06/2019,Kolkata,21:25,Banglore,0,4804
GoAir,27/04/2019,Banglore,20:55,Delhi,0,3898
Air India,24/06/2019,Delhi,16:40,Cochin,0,9443
Jet Airways,24/03/2019,Banglore,22:50,New Delhi,0,7832
Air India,6/06/2019,Delhi,22:00,Cochin,0,10441
Jet Airways,27/06/2019,Delhi,13:25,Cochin,0,12819
SpiceJet,24/03/2019,Banglore,20:30,New Delhi,0,5575
Jet Airways,1/05/2019,Kolkata,08:25,Banglore,0,14781
Air India,9/06/2019,Delhi,20:00,Cochin,0,8372
Jet Airways,9/05/2019,Delhi,05:30,Cochin,0,13029
Jet Airways,3/06/2019,Delhi,15:00,Cochin,0,14714
Jet Airways,9/06/2019,Delhi,09:40,Cochin,0,10368
IndiGo,15/06/2019,Banglore,10:10,Delhi,0,3943
Air India,3/03/2019,Delhi,09:45,Cochin,0,12760
Jet Airways,9/05/2019,Kolkata,21:10,Banglore,0,9663
IndiGo,21/03/2019,Delhi,17:10,Cochin,0,7318
Jet Airways,3/06/2019,Delhi,19:45,Cochin,0,10262
Jet Airways,21/06/2019,Mumbai,10:20,Hyderabad,0,8040
Jet Airways,6/05/2019,Kolkata,09:35,Banglore,0,8066
Multiple carriers,15/06/2019,Delhi,06:00,Cochin,0,9526
IndiGo,01/03/2019,Banglore,16:15,New Delhi,0,7917
SpiceJet,21/05/2019,Banglore,21:10,Delhi,0,3625
Jet Airways,24/04/2019,Banglore,11:10,Delhi,0,4544
Jet Airways,15/06/2019,Delhi,09:00,Cochin,0,10262
IndiGo,24/03/2019,Kolkata,22:10,Banglore,0,6985
Multiple carriers,6/06/2019,Delhi,08:45,Cochin,0,7740
Jet Airways,12/06/2019,Delhi,09:40,Cochin,0,13014
IndiGo,09/03/2019,Banglore,06:00,New Delhi,0,7648
Air Asia,9/06/2019,Kolkata,15:10,Banglore,0,7870
Jet Airways,21/03/2019,Banglore,08:00,New Delhi,0,7832
IndiGo,12/04/2019,Banglore,18:25,Delhi,0,4990
Jet Airways,27/06/2019,Delhi,18:15,Cochin,0,10262
Air India,24/03/2019,Kolkata,09:25,Banglore,0,13349
Vistara,1/05/2019,Kolkata,20:20,Banglore,0,8452
Jet Airways,18/06/2019,Mumbai,19:35,Hyderabad,0,5678
SpiceJet,18/03/2019,Mumbai,13:10,Hyderabad,0,2437
Air India,9/05/2019,Delhi,22:00,Cochin,0,10441
Jet Airways,18/05/2019,Delhi,17:30,Cochin,0,12373
IndiGo,1/04/2019,Kolkata,11:30,Banglore,0,4174
Jet Airways,9/06/2019,Banglore,06:00,Delhi,0,7229
Jet Airways,9/04/2019,Delhi,09:25,Cochin,0,11546
Air India,15/04/2019,Delhi,05:10,Cochin,0,6094
Air Asia,6/06/2019,Kolkata,15:10,Banglore,0,6810
Jet Airways,21/05/2019,Kolkata,16:30,Banglore,0,9663
Jet Airways,9/05/2019,Delhi,21:25,Cochin,0,11507
Jet Airways,9/05/2019,Delhi,20:55,Cochin,0,15554
SpiceJet,18/06/2019,Mumbai,05:45,Hyderabad,0,2753
Air Asia,21/06/2019,Banglore,11:10,Delhi,0,3383
SpiceJet,1/04/2019,Kolkata,06:55,Banglore,0,3841
IndiGo,3/03/2019,Delhi,11:30,Cochin,0,14871
Air India,24/03/2019,Banglore,17:00,New Delhi,0,8114
Jet Airways,27/04/2019,Banglore,07:10,Delhi,0,4544
SpiceJet,3/05/2019,Kolkata,06:55,Banglore,0,3873
Air India,21/05/2019,Delhi,18:45,Cochin,0,12257
Air India,27/05/2019,Delhi,08:00,Cochin,0,9929
Air India,24/05/2019,Kolkata,05:50,Banglore,0,11201
Air India,9/03/2019,Delhi,05:55,Cochin,0,14483
IndiGo,24/06/2019,Delhi,07:15,Cochin,0,6582
Jet Airways,6/06/2019,Delhi,14:00,Cochin,0,14714
Jet Airways,6/05/2019,Kolkata,08:25,Banglore,0,10844
Jet Airways,9/06/2019,Kolkata,21:10,Banglore,0,10844
Multiple carriers,9/06/2019,Delhi,14:55,Cochin,0,6723
Jet Airways,18/06/2019,Banglore,18:55,Delhi,0,8016
IndiGo,18/04/2019,Banglore,16:55,Delhi,0,4990
Multiple carriers,24/06/2019,Delhi,07:05,Cochin,0,13797
Jet Airways,9/05/2019,Delhi,10:00,Cochin,0,12373
Jet Airways,18/03/2019,Banglore,14:05,New Delhi,0,13555
Jet Airways,6/03/2019,Delhi,05:25,Cochin,0,16914
Jet Airways,01/03/2019,Banglore,07:00,New Delhi,0,26890
Air India,1/06/2019,Mumbai,13:55,Hyderabad,0,3625
Jet Airways,18/05/2019,Mumbai,19:35,Hyderabad,0,3210
IndiGo,15/04/2019,Banglore,04:00,Delhi,0,4423
IndiGo,09/03/2019,Banglore,22:20,New Delhi,0,6144
SpiceJet,24/04/2019,Banglore,21:10,Delhi,0,3625
Vistara,12/06/2019,Kolkata,20:20,Banglore,0,8085
Multiple carriers,18/05/2019,Delhi,17:30,Cochin,0,13727
Air Asia,21/05/2019,Kolkata,15:10,Banglore,0,5192
Air India,24/05/2019,Kolkata,07:00,Banglore,0,14083
Jet Airways,21/03/2019,Delhi,10:45,Cochin,0,9270
Air India,12/06/2019,Delhi,20:40,Cochin,0,7480
Air Asia,15/05/2019,Kolkata,15:10,Banglore,0,5192
IndiGo,12/06/2019,Delhi,08:35,Cochin,0,6442
Air India,24/06/2019,Delhi,14:25,Cochin,0,13381
Jet Airways,1/05/2019,Kolkata,08:25,Banglore,0,14781
Jet Airways,1/05/2019,Kolkata,09:35,Banglore,0,11467
GoAir,6/05/2019,Banglore,11:40,Delhi,0,3398
Jet Airways,24/05/2019,Kolkata,08:25,Banglore,0,10844
Air India,6/05/2019,Kolkata,09:50,Banglore,0,14120
Jet Airways,27/06/2019,Delhi,09:25,Cochin,0,13882
SpiceJet,24/04/2019,Kolkata,06:55,Banglore,0,3841
SpiceJet,15/06/2019,Mumbai,13:15,Hyderabad,0,2017
Jet Airways,3/06/2019,Delhi,20:55,Cochin,0,14714
IndiGo,24/05/2019,Banglore,21:15,Delhi,0,3943
Jet Airways,24/06/2019,Delhi,15:00,Cochin,0,10262
Jet Airways,9/06/2019,Delhi,09:00,Cochin,0,10262
Jet Airways,1/06/2019,Delhi,19:30,Cochin,0,10368
Jet Airways,9/04/2019,Delhi,05:30,Cochin,0,10909
Vistara,6/06/2019,Banglore,17:00,Delhi,0,4878
Multiple carriers,1/06/2019,Delhi,06:40,Cochin,0,8937
Jet Airways,24/06/2019,Mumbai,07:05,Hyderabad,0,4995
SpiceJet,3/04/2019,Delhi,08:45,Cochin,0,4098
Vistara,9/04/2019,Delhi,06:00,Cochin,0,5586
Jet Airways,6/05/2019,Kolkata,14:05,Banglore,0,9663
SpiceJet,9/06/2019,Delhi,08:45,Cochin,0,5158
Jet Airways,21/05/2019,Kolkata,06:30,Banglore,0,14388
Jet Airways,1/05/2019,Kolkata,06:30,Banglore,0,14781
Air Asia,03/03/2019,Banglore,23:25,New Delhi,0,6477
IndiGo,3/04/2019,Banglore,22:10,Delhi,0,3943
Multiple carriers,24/06/2019,Delhi,13:15,Cochin,0,8018
IndiGo,24/03/2019,Banglore,07:10,New Delhi,0,6860
Jet Airways,12/06/2019,Kolkata,16:30,Banglore,0,13044
SpiceJet,21/06/2019,Chennai,08:20,Kolkata,0,3543
Vistara,15/03/2019,Banglore,06:40,New Delhi,0,6590
Air India,18/03/2019,Banglore,13:20,New Delhi,0,4441
SpiceJet,27/05/2019,Chennai,17:45,Kolkata,0,3543
GoAir,3/06/2019,Banglore,20:55,Delhi,0,3419
GoAir,1/06/2019,Banglore,07:45,Delhi,0,5048
IndiGo,3/03/2019,Chennai,11:35,Kolkata,0,7295
Multiple carriers,6/06/2019,Delhi,10:00,Cochin,0,12717
Jet Airways,24/06/2019,Mumbai,02:55,Hyderabad,0,4050
IndiGo,6/04/2019,Delhi,20:25,Cochin,0,5073
Multiple carriers,6/06/2019,Delhi,17:30,Cochin,0,13377
Vistara,18/05/2019,Kolkata,07:10,Banglore,0,9187
IndiGo,12/06/2019,Delhi,14:20,Cochin,0,6938
Air India,27/05/2019,Delhi,13:15,Cochin,0,10467
Vistara,24/04/2019,Banglore,09:45,Delhi,0,5403
Air India,12/06/2019,Delhi,12:55,Cochin,0,12436
IndiGo,15/05/2019,Mumbai,20:05,Hyderabad,0,2227
Jet Airways,21/05/2019,Delhi,19:45,Cochin,0,12898
Air Asia,27/03/2019,Delhi,07:55,Cochin,0,6151
SpiceJet,15/06/2019,Banglore,21:10,Delhi,0,3971
Jet Airways,12/06/2019,Delhi,09:00,Cochin,0,14714
Multiple carriers,6/03/2019,Delhi,11:40,Cochin,0,15353
Multiple carriers,1/06/2019,Delhi,04:55,Cochin,0,11098
IndiGo,18/05/2019,Kolkata,11:30,Banglore,0,4804
Jet Airways,6/03/2019,Mumbai,17:50,Hyderabad,0,20845
Jet Airways,9/06/2019,Delhi,18:15,Cochin,0,10577
Multiple carriers,21/05/2019,Delhi,10:00,Cochin,0,14848
Jet Airways,15/05/2019,Kolkata,18:55,Banglore,0,10844
IndiGo,6/06/2019,Delhi,09:15,Cochin,0,6838
Vistara,24/05/2019,Chennai,17:45,Kolkata,0,11982
Jet Airways,27/05/2019,Delhi,23:05,Cochin,0,15129
Jet Airways,3/04/2019,Banglore,08:20,Delhi,0,7229
SpiceJet,27/05/2019,Kolkata,06:55,Banglore,0,3841
Jet Airways,6/05/2019,Kolkata,06:30,Banglore,0,8586
Air India,18/05/2019,Kolkata,08:20,Banglore,0,12534
Jet Airways,9/03/2019,Delhi,00:20,Cochin,0,15029
Air India,9/06/2019,Kolkata,16:50,Banglore,0,11752
Multiple carriers,6/03/2019,Delhi,09:55,Cochin,0,15136
Jet Airways,24/05/2019,Kolkata,21:10,Banglore,0,9663
IndiGo,6/03/2019,Kolkata,15:20,Banglore,0,5618
Jet Airways,6/03/2019,Delhi,09:00,Cochin,0,15400
Air India,1/06/2019,Delhi,08:00,Cochin,0,9929
Air Asia,6/04/2019,Kolkata,19:55,Banglore,0,3807
Air India,9/04/2019,Delhi,12:55,Cochin,0,9968
SpiceJet,12/03/2019,Kolkata,09:00,Banglore,0,6982
Jet Airways,24/03/2019,Kolkata,19:45,Banglore,0,10031
Jet Airways,12/05/2019,Kolkata,06:30,Banglore,0,8586
Jet Airways,18/03/2019,Mumbai,15:50,Hyderabad,0,2228
Air India,15/05/2019,Mumbai,19:30,Hyderabad,0,3100
Air Asia,18/04/2019,Banglore,23:55,Delhi,0,4483
Jet Airways,3/05/2019,Mumbai,10:20,Hyderabad,0,4995
Air India,12/04/2019,Banglore,10:00,Delhi,0,5911
IndiGo,9/05/2019,Delhi,16:10,Cochin,0,6704
Air India,1/04/2019,Kolkata,10:00,Banglore,0,7893
Jet Airways,24/03/2019,Kolkata,08:25,Banglore,0,13759
Jet Airways,6/05/2019,Kolkata,20:25,Banglore,0,10953
IndiGo,24/03/2019,Banglore,21:20,New Delhi,0,6144
Air India,12/05/2019,Kolkata,07:00,Banglore,0,12140
Jet Airways,1/05/2019,Kolkata,20:25,Banglore,0,9314
Jet Airways,24/06/2019,Delhi,19:15,Cochin,0,10262
IndiGo,15/05/2019,Kolkata,15:30,Banglore,0,4804
Multiple carriers,1/06/2019,Delhi,09:00,Cochin,0,16108
Jet Airways,9/06/2019,Kolkata,21:10,Banglore,0,8586
Jet Airways,27/05/2019,Banglore,06:00,Delhi,0,7229
IndiGo,24/04/2019,Kolkata,21:25,Banglore,0,4804
Air Asia,9/05/2019,Kolkata,15:10,Banglore,0,5192
Jet Airways,3/06/2019,Banglore,11:10,Delhi,0,8016
Air India,6/06/2019,Kolkata,08:20,Banglore,0,11432
Multiple carriers,15/05/2019,Delhi,03:50,Cochin,0,10197
SpiceJet,01/03/2019,Banglore,15:35,New Delhi,0,7744
Air India,1/05/2019,Kolkata,05:50,Banglore,0,10991
Jet Airways,12/06/2019,Delhi,07:05,Cochin,0,16289
Air India,21/03/2019,Delhi,13:15,Cochin,0,7107
Jet Airways,9/05/2019,Delhi,13:00,Cochin,0,12373
Multiple carriers,27/03/2019,Delhi,12:50,Cochin,0,6953
Multiple carriers,15/05/2019,Delhi,07:05,Cochin,0,9646
Jet Airways,15/05/2019,Kolkata,18:55,Banglore,0,14781
Jet Airways,18/05/2019,Kolkata,05:45,Banglore,0,9663
Jet Airways,21/03/2019,Banglore,07:00,New Delhi,0,7832
Air India,24/03/2019,Kolkata,14:35,Banglore,0,6241
Multiple carriers,27/06/2019,Delhi,13:15,Cochin,0,8018
Jet Airways,9/05/2019,Kolkata,14:05,Banglore,0,14781
GoAir,15/05/2019,Delhi,07:00,Cochin,0,7682
Air India,9/03/2019,Delhi,21:40,Cochin,0,13832
SpiceJet,21/06/2019,Banglore,21:10,Delhi,0,3919
Jet Airways,12/06/2019,Kolkata,06:30,Banglore,0,9899
Jet Airways,1/06/2019,Mumbai,19:35,Hyderabad,0,3210
SpiceJet,24/03/2019,Chennai,08:20,Kolkata,0,3859
Jet Airways,9/06/2019,Delhi,14:00,Cochin,0,14714
IndiGo,15/04/2019,Kolkata,19:20,Banglore,0,3809
Jet Airways,15/05/2019,Kolkata,08:25,Banglore,0,10844
Multiple carriers,15/05/2019,Delhi,17:30,Cochin,0,13727
Jet Airways,9/06/2019,Kolkata,09:35,Banglore,0,14151
IndiGo,27/03/2019,Delhi,16:10,Cochin,0,6412
IndiGo,3/03/2019,Delhi,04:55,Cochin,0,8513
Jet Airways,9/06/2019,Kolkata,14:05,Banglore,0,10844
Air India,21/06/2019,Mumbai,21:05,Hyderabad,0,3100
Air Asia,9/04/2019,Banglore,23:55,Delhi,0,4483
IndiGo,15/05/2019,Delhi,17:05,Cochin,0,6027
Vistara,27/06/2019,Delhi,06:00,Cochin,0,6216
IndiGo,15/06/2019,Banglore,04:00,Delhi,0,4423
Multiple carriers,12/06/2019,Delhi,15:05,Cochin,0,15965
IndiGo,21/05/2019,Delhi,11:55,Cochin,0,6282
Jet Airways,3/04/2019,Mumbai,19:35,Hyderabad,0,5678
IndiGo,6/03/2019,Delhi,06:40,Cochin,0,6442
IndiGo,15/06/2019,Kolkata,17:15,Banglore,0,4804
Jet Airways,6/06/2019,Kolkata,14:05,Banglore,0,14571
Air India,12/06/2019,Delhi,10:55,Cochin,0,11753
Jet Airways,3/06/2019,Banglore,08:20,Delhi,0,5769
Jet Airways,21/05/2019,Kolkata,20:25,Banglore,0,13067
IndiGo,6/05/2019,Kolkata,15:30,Banglore,0,4804
Air India,24/05/2019,Mumbai,06:20,Hyderabad,0,3100
IndiGo,6/06/2019,Banglore,21:15,Delhi,0,3943
Jet Airways,6/05/2019,Kolkata,09:35,Banglore,0,10703
Jet Airways,21/05/2019,Kolkata,10:20,Banglore,0,8355
Vistara,12/06/2019,Kolkata,17:00,Banglore,0,8452
SpiceJet,24/05/2019,Banglore,09:30,Delhi,0,3573
Jet Airways,9/06/2019,Delhi,17:30,Cochin,0,10262
Multiple carriers,9/03/2019,Delhi,13:15,Cochin,0,11560
Multiple carriers,1/06/2019,Delhi,08:45,Cochin,0,12524
Multiple carriers,27/05/2019,Delhi,12:50,Cochin,0,6795
IndiGo,09/03/2019,Banglore,16:55,New Delhi,0,7648
IndiGo,24/06/2019,Delhi,23:30,Cochin,0,9165
Multiple carriers,18/05/2019,Delhi,08:45,Cochin,0,7670
Air India,9/05/2019,Delhi,05:15,Cochin,0,10703
IndiGo,27/05/2019,Banglore,21:15,Delhi,0,3943
Air India,27/05/2019,Delhi,14:10,Cochin,0,6934
Jet Airways,21/03/2019,Delhi,17:30,Cochin,0,5963
Air India,18/05/2019,Kolkata,09:25,Banglore,0,8366
Jet Airways,9/03/2019,Delhi,13:45,Cochin,0,18752
IndiGo,12/04/2019,Kolkata,04:40,Banglore,0,4174
Multiple carriers,1/06/2019,Delhi,09:00,Cochin,0,12717
Air India,1/05/2019,Kolkata,12:00,Banglore,0,11148
IndiGo,6/06/2019,Banglore,18:55,Delhi,0,4990
Jet Airways,21/03/2019,Delhi,22:00,Cochin,0,6017
Jet Airways,21/05/2019,Kolkata,20:25,Banglore,0,13067
Jet Airways,27/03/2019,Delhi,05:25,Cochin,0,9254
Air India,9/05/2019,Kolkata,10:00,Banglore,0,13033
Jet Airways,12/03/2019,Banglore,18:55,New Delhi,0,11087
Vistara,15/05/2019,Kolkata,17:00,Banglore,0,8452
Multiple carriers Premium economy,21/03/2019,Delhi,07:30,Cochin,0,11269
IndiGo,18/05/2019,Delhi,05:10,Cochin,0,7580
Air India,24/04/2019,Banglore,06:10,Delhi,0,5228
Jet Airways,9/05/2019,Kolkata,14:05,Banglore,0,9663
SpiceJet,3/06/2019,Mumbai,13:15,Hyderabad,0,1965
Jet Airways,21/03/2019,Banglore,14:05,New Delhi,0,7832
Jet Airways,6/06/2019,Delhi,14:35,Cochin,0,10919
Multiple carriers,18/05/2019,Delhi,10:35,Cochin,0,8309
Air India,27/06/2019,Delhi,05:15,Cochin,0,10703
Jet Airways,3/04/2019,Mumbai,07:05,Hyderabad,0,4160
Air India,9/03/2019,Delhi,04:00,Cochin,0,11050
Air India,24/05/2019,Kolkata,12:00,Banglore,0,9941
IndiGo,9/05/2019,Mumbai,19:05,Hyderabad,0,4392
SpiceJet,24/05/2019,Kolkata,06:55,Banglore,0,3841
Jet Airways,18/05/2019,Delhi,05:30,Cochin,0,15129
Air India,18/03/2019,Delhi,14:10,Cochin,0,5674
IndiGo,9/06/2019,Mumbai,16:55,Hyderabad,0,3175
IndiGo,15/06/2019,Banglore,08:30,Delhi,0,4823
Air India,6/03/2019,Mumbai,06:00,Hyderabad,0,14219
Jet Airways,27/05/2019,Delhi,13:00,Cochin,0,16079
Air India,21/03/2019,Delhi,17:45,Cochin,0,5704
Jet Airways,12/05/2019,Banglore,19:50,Delhi,0,3502
Multiple carriers,6/03/2019,Delhi,09:00,Cochin,0,15136
Air India,15/05/2019,Kolkata,07:00,Banglore,0,14424
Air India,9/05/2019,Delhi,05:55,Cochin,0,10861
Air India,21/05/2019,Banglore,05:45,Delhi,0,6961
Jet Airways,9/05/2019,Kolkata,08:25,Banglore,0,8586
Jet Airways,6/03/2019,Delhi,17:55,Cochin,0,17072
Jet Airways,21/06/2019,Mumbai,07:05,Hyderabad,0,8040
Multiple carriers,12/06/2019,Delhi,07:05,Cochin,0,9646
Air Asia,27/05/2019,Delhi,07:55,Cochin,0,6451
Jet Airways,9/05/2019,Delhi,13:25,Cochin,0,15129
Air India,9/03/2019,Delhi,21:30,Cochin,0,11762
IndiGo,6/03/2019,Delhi,06:40,Cochin,0,6610
IndiGo,12/05/2019,Banglore,18:25,Delhi,0,4823
Vistara,1/04/2019,Kolkata,07:10,Banglore,0,8295
Multiple carriers,18/05/2019,Delhi,08:30,Cochin,0,9205
IndiGo,15/05/2019,Banglore,10:10,Delhi,0,3943
Jet Airways,12/06/2019,Kolkata,14:05,Banglore,0,13626
IndiGo,6/05/2019,Banglore,10:10,Delhi,0,3943
SpiceJet,15/06/2019,Kolkata,14:55,Banglore,0,3841
Jet Airways,21/05/2019,Kolkata,06:30,Banglore,0,14388
Vistara,6/05/2019,Banglore,07:00,Delhi,0,4668
Air India,3/03/2019,Kolkata,14:15,Banglore,0,13885
Multiple carriers,9/05/2019,Delhi,07:05,Cochin,0,8018
IndiGo,12/03/2019,Kolkata,21:25,Banglore,0,4148
IndiGo,15/04/2019,Delhi,07:35,Cochin,0,6442
Air India,24/06/2019,Delhi,07:05,Cochin,0,11185
SpiceJet,15/05/2019,Delhi,06:05,Cochin,0,5583
Jet Airways,18/05/2019,Kolkata,09:35,Banglore,0,13067
Multiple carriers,6/06/2019,Delhi,13:00,Cochin,0,13587
IndiGo,6/05/2019,Kolkata,18:05,Banglore,0,6218
Jet Airways,15/05/2019,Kolkata,16:30,Banglore,0,10844
Jet Airways,9/05/2019,Delhi,14:00,Cochin,0,12373
IndiGo,15/03/2019,Chennai,11:35,Kolkata,0,6297
IndiGo,21/06/2019,Banglore,07:10,Delhi,0,4823
IndiGo,15/04/2019,Delhi,16:00,Cochin,0,5947
Jet Airways,1/04/2019,Delhi,16:00,Cochin,0,5406
IndiGo,18/05/2019,Kolkata,15:15,Banglore,0,4775
Air India,12/06/2019,Kolkata,07:00,Banglore,0,11936
Multiple carriers,6/06/2019,Delhi,07:05,Cochin,0,9646
Multiple carriers,21/05/2019,Delhi,11:25,Cochin,0,7575
IndiGo,18/03/2019,Mumbai,20:05,Hyderabad,0,2227
Jet Airways,9/06/2019,Delhi,11:30,Cochin,0,10262
Multiple carriers,3/06/2019,Delhi,10:20,Cochin,0,11789
Jet Airways,18/03/2019,Banglore,16:55,New Delhi,0,11087
Jet Airways,24/05/2019,Kolkata,20:00,Banglore,0,13731
IndiGo,24/05/2019,Banglore,04:00,Delhi,0,3943
Multiple carriers,21/03/2019,Delhi,09:00,Cochin,0,14486
IndiGo,24/03/2019,Banglore,22:20,New Delhi,0,7303
Jet Airways,9/06/2019,Delhi,21:35,Cochin,0,13882
Vistara,15/05/2019,Kolkata,07:10,Banglore,0,9345
Jet Airways,3/04/2019,Banglore,19:50,Delhi,0,4544
IndiGo,3/03/2019,Delhi,04:55,Cochin,0,9585
IndiGo,15/05/2019,Banglore,06:05,Delhi,0,4423
IndiGo,21/03/2019,Delhi,10:45,Cochin,0,7318
Multiple carriers,9/05/2019,Delhi,09:00,Cochin,0,10197
Vistara,9/06/2019,Kolkata,17:00,Banglore,0,9870
IndiGo,27/03/2019,Delhi,04:55,Cochin,0,6171
Jet Airways,24/03/2019,Kolkata,08:25,Banglore,0,13759
Air India,1/04/2019,Kolkata,14:35,Banglore,0,5006
Jet Airways,18/05/2019,Delhi,22:50,Cochin,0,15554
Air Asia,24/03/2019,Banglore,23:25,New Delhi,0,3383
Multiple carriers,9/05/2019,Delhi,13:00,Cochin,0,9424
IndiGo,12/06/2019,Kolkata,15:15,Banglore,0,4804
Multiple carriers,3/06/2019,Delhi,07:05,Cochin,0,10696
IndiGo,21/03/2019,Delhi,02:35,Cochin,0,8470
Air Asia,18/05/2019,Banglore,04:55,Delhi,0,4282
Vistara,6/05/2019,Kolkata,20:20,Banglore,0,8662
Air India,21/05/2019,Delhi,05:55,Cochin,0,11911
SpiceJet,24/06/2019,Kolkata,17:10,Banglore,0,3873
Multiple carriers,21/05/2019,Delhi,10:00,Cochin,0,7888
Air India,15/05/2019,Kolkata,16:45,Banglore,0,7452
Air India,9/06/2019,Kolkata,05:50,Banglore,0,12723
Jet Airways,27/05/2019,Delhi,11:30,Cochin,0,16079
SpiceJet,12/05/2019,Kolkata,11:15,Banglore,0,11468
SpiceJet,18/06/2019,Chennai,17:45,Kolkata,0,3543
Jet Airways,24/06/2019,Delhi,05:30,Cochin,0,13292
Jet Airways,1/05/2019,Kolkata,17:00,Banglore,0,12121
Jet Airways,9/03/2019,Delhi,02:15,Cochin,0,15764
Jet Airways,9/05/2019,Delhi,23:05,Cochin,0,16704
Jet Airways,3/06/2019,Banglore,17:45,Delhi,0,8016
IndiGo,21/05/2019,Kolkata,06:35,Banglore,0,6103
Air India,18/06/2019,Mumbai,13:55,Hyderabad,0,3100
Jet Airways,18/05/2019,Delhi,07:05,Cochin,0,12373
Vistara,18/06/2019,Banglore,09:45,Delhi,0,4668
Jet Airways,21/05/2019,Kolkata,20:25,Banglore,0,14151
IndiGo,24/06/2019,Delhi,11:55,Cochin,0,6442
GoAir,6/06/2019,Delhi,10:35,Cochin,0,4959
Multiple carriers,3/06/2019,Delhi,16:00,Cochin,0,13377
Jet Airways,24/03/2019,Kolkata,18:55,Banglore,0,11134
IndiGo,9/06/2019,Kolkata,19:20,Banglore,0,4205
Air India,6/03/2019,Delhi,10:00,Cochin,0,16439
Multiple carriers,6/03/2019,Delhi,07:30,Cochin,0,15135
IndiGo,15/06/2019,Delhi,16:00,Cochin,0,6069
Jet Airways,6/05/2019,Delhi,09:40,Cochin,0,15129
Multiple carriers,12/06/2019,Delhi,11:40,Cochin,0,7005
Air India,09/03/2019,Banglore,17:00,New Delhi,0,8767
Air India,18/05/2019,Kolkata,08:20,Banglore,0,10907
SpiceJet,27/03/2019,Kolkata,06:55,Banglore,0,3847
Jet Airways,06/03/2019,Banglore,14:05,New Delhi,0,19225
Jet Airways,01/03/2019,Banglore,07:00,New Delhi,0,26890
IndiGo,6/06/2019,Delhi,15:00,Cochin,0,5883
IndiGo,6/03/2019,Chennai,14:40,Kolkata,0,7295
Jet Airways,01/03/2019,Banglore,08:00,New Delhi,0,27992
Multiple carriers,21/03/2019,Delhi,10:20,Cochin,0,7695
IndiGo,24/03/2019,Chennai,13:20,Kolkata,0,4752
Multiple carriers,9/05/2019,Delhi,10:00,Cochin,0,14323
Jet Airways,6/05/2019,Kolkata,09:35,Banglore,0,12121
SpiceJet,9/05/2019,Delhi,17:55,Cochin,0,5975
Multiple carriers,6/06/2019,Delhi,14:55,Cochin,0,7038
SpiceJet,12/06/2019,Mumbai,13:15,Hyderabad,0,2017
Air India,15/03/2019,Mumbai,06:20,Hyderabad,0,3100
Air India,21/05/2019,Kolkata,10:00,Banglore,0,13033
Vistara,6/06/2019,Banglore,11:30,Delhi,0,4668
Jet Airways,1/05/2019,Mumbai,07:05,Hyderabad,0,8040
Jet Airways,27/06/2019,Delhi,05:30,Cochin,0,10368
IndiGo,6/06/2019,Delhi,07:30,Cochin,0,6093
Multiple carriers,21/05/2019,Delhi,14:55,Cochin,0,6878
Jet Airways,21/03/2019,Mumbai,19:35,Hyderabad,0,5678
Vistara,1/04/2019,Kolkata,07:10,Banglore,0,7927
Multiple carriers,3/06/2019,Delhi,11:25,Cochin,0,7354
Air India,9/03/2019,Delhi,07:05,Cochin,0,11762
Multiple carriers,15/06/2019,Delhi,04:55,Cochin,0,10678
Air India,1/05/2019,Kolkata,05:50,Banglore,0,10991
Jet Airways,18/05/2019,Kolkata,08:25,Banglore,0,10844
IndiGo,9/05/2019,Delhi,14:25,Cochin,0,6015
IndiGo,12/05/2019,Banglore,07:10,Delhi,0,4823
Air India,24/03/2019,Banglore,17:00,New Delhi,0,5176
IndiGo,6/04/2019,Kolkata,04:40,Banglore,0,4174
Multiple carriers,6/06/2019,Delhi,17:50,Cochin,0,18275
Air India,18/04/2019,Delhi,18:05,Cochin,0,8246
Jet Airways,21/03/2019,Delhi,05:40,Cochin,0,9181
IndiGo,9/03/2019,Kolkata,20:25,Banglore,0,4148
SpiceJet,3/05/2019,Kolkata,09:00,Banglore,0,3873
Air India,27/05/2019,Delhi,17:20,Cochin,0,7480
GoAir,3/04/2019,Delhi,07:00,Cochin,0,4725
Jet Airways,15/06/2019,Delhi,06:45,Cochin,0,13376
GoAir,27/06/2019,Kolkata,15:20,Banglore,0,3514
Jet Airways,6/03/2019,Delhi,09:55,Cochin,0,17024
IndiGo,9/05/2019,Banglore,23:30,Delhi,0,3943
IndiGo,27/06/2019,Delhi,05:10,Cochin,0,6496
IndiGo,3/06/2019,Delhi,18:35,Cochin,0,6628
Jet Airways,27/05/2019,Delhi,16:00,Cochin,0,12898
Jet Airways,21/03/2019,Banglore,05:50,New Delhi,0,6163
Air India,15/05/2019,Kolkata,09:25,Banglore,0,13616
Jet Airways,12/05/2019,Banglore,17:45,Delhi,0,5198
SpiceJet,9/05/2019,Banglore,09:30,Delhi,0,4991
Air India,9/05/2019,Kolkata,09:25,Banglore,0,11542
Jet Airways,27/06/2019,Delhi,20:00,Cochin,0,14300
SpiceJet,15/03/2019,Kolkata,22:20,Banglore,0,3815
Air India,24/03/2019,Kolkata,13:55,Banglore,0,15292
SpiceJet,24/03/2019,Chennai,09:30,Kolkata,0,3859
Air Asia,27/06/2019,Delhi,20:45,Cochin,0,6451
Jet Airways,24/03/2019,Mumbai,15:50,Hyderabad,0,2228
SpiceJet,15/06/2019,Kolkata,17:10,Banglore,0,3873
Jet Airways,01/03/2019,Banglore,08:55,New Delhi,0,27992
IndiGo,12/05/2019,Banglore,13:00,Delhi,0,4591
Jet Airways,6/05/2019,Kolkata,17:00,Banglore,0,11467
Jet Airways,18/03/2019,Banglore,18:40,New Delhi,0,12284
Jet Airways,1/05/2019,Kolkata,21:10,Banglore,0,14781
Jet Airways,9/05/2019,Kolkata,06:30,Banglore,0,8586
Multiple carriers,18/05/2019,Delhi,09:15,Cochin,0,8309
Jet Airways,12/06/2019,Delhi,22:50,Cochin,0,10262
IndiGo,3/03/2019,Delhi,04:45,Cochin,0,14871
Multiple carriers,3/06/2019,Delhi,10:35,Cochin,0,7354
Multiple carriers,27/06/2019,Delhi,18:00,Cochin,0,7198
Air India,1/04/2019,Kolkata,05:50,Banglore,0,11516
Jet Airways,9/05/2019,Delhi,02:15,Cochin,0,15554
SpiceJet,9/05/2019,Kolkata,09:00,Banglore,0,3841
Multiple carriers,18/05/2019,Delhi,07:10,Cochin,0,7038
Air India,15/03/2019,Delhi,14:10,Cochin,0,5674
IndiGo,9/04/2019,Kolkata,17:15,Banglore,0,4174
Jet Airways,24/06/2019,Delhi,23:05,Cochin,0,12819
Jet Airways,6/05/2019,Kolkata,09:35,Banglore,0,10703
Jet Airways,12/03/2019,Banglore,22:55,New Delhi,0,11087
Jet Airways,3/03/2019,Delhi,05:25,Cochin,0,18799
Jet Airways,27/03/2019,Delhi,13:00,Cochin,0,6960
IndiGo,9/05/2019,Chennai,05:15,Kolkata,0,3540
Vistara,24/03/2019,Chennai,07:05,Kolkata,0,4842
Jet Airways,9/05/2019,Kolkata,14:05,Banglore,0,7757
IndiGo,27/04/2019,Delhi,07:35,Cochin,0,6442
Jet Airways,24/03/2019,Kolkata,06:30,Banglore,0,10031
SpiceJet,15/04/2019,Kolkata,22:20,Banglore,0,3873
Jet Airways,6/06/2019,Kolkata,20:00,Banglore,0,10844
Jet Airways,18/03/2019,Banglore,22:50,New Delhi,0,13555
Jet Airways,12/06/2019,Kolkata,20:00,Banglore,0,13044
Air Asia,3/03/2019,Kolkata,19:35,Banglore,0,5964
Jet Airways,21/05/2019,Delhi,23:05,Cochin,0,15129
IndiGo,27/05/2019,Kolkata,17:15,Banglore,0,4804
Vistara,21/05/2019,Banglore,07:00,Delhi,0,4668
IndiGo,27/03/2019,Mumbai,20:05,Hyderabad,0,2227
SpiceJet,3/05/2019,Chennai,17:45,Kolkata,0,3597
Jet Airways,24/03/2019,Kolkata,13:55,Banglore,0,14231
Jet Airways,18/05/2019,Delhi,02:15,Cochin,0,12373
IndiGo,6/06/2019,Delhi,14:20,Cochin,0,6938
IndiGo,27/05/2019,Delhi,21:50,Cochin,0,6769
SpiceJet,3/06/2019,Delhi,08:45,Cochin,0,5726
GoAir,12/05/2019,Banglore,07:45,Delhi,0,3898
Air India,21/03/2019,Delhi,19:45,Cochin,0,8236
IndiGo,9/05/2019,Kolkata,11:30,Banglore,0,5224
IndiGo,15/05/2019,Kolkata,15:15,Banglore,0,5380
Jet Airways,21/03/2019,Banglore,08:00,New Delhi,0,7832
Air India,1/04/2019,Banglore,17:00,Delhi,0,5176
Air Asia,1/04/2019,Kolkata,22:40,Banglore,0,5192
Jet Airways,3/06/2019,Delhi,10:00,Cochin,0,10262
Jet Airways,27/06/2019,Delhi,21:50,Cochin,0,12898
IndiGo,6/06/2019,Delhi,05:35,Cochin,0,5601
Multiple carriers,1/03/2019,Delhi,00:20,Cochin,0,23170
IndiGo,12/04/2019,Banglore,13:00,Delhi,0,4823
Multiple carriers,27/05/2019,Delhi,10:00,Cochin,0,12507
IndiGo,3/04/2019,Banglore,00:30,Delhi,0,3419
Multiple carriers,9/05/2019,Delhi,06:40,Cochin,0,7787
Air India,27/05/2019,Mumbai,21:05,Hyderabad,0,3100
SpiceJet,12/06/2019,Chennai,09:45,Kolkata,0,3543
Jet Airways,9/03/2019,Delhi,06:50,Cochin,0,14053
Air India,15/05/2019,Delhi,17:15,Cochin,0,8839
IndiGo,9/04/2019,Kolkata,15:15,Banglore,0,4268
Jet Airways,6/06/2019,Delhi,18:15,Cochin,0,14714
IndiGo,9/06/2019,Kolkata,22:15,Banglore,0,5224
Jet Airways,9/06/2019,Delhi,09:25,Cochin,0,13882
IndiGo,3/03/2019,Kolkata,17:15,Banglore,0,6985
Jet Airways,24/04/2019,Banglore,15:15,Delhi,0,7229
Jet Airways,6/06/2019,Kolkata,20:00,Banglore,0,10844
IndiGo,27/06/2019,Delhi,09:15,Cochin,0,6628
Jet Airways,18/05/2019,Kolkata,05:45,Banglore,0,8586
SpiceJet,6/05/2019,Mumbai,05:45,Hyderabad,0,2017
Multiple carriers,27/05/2019,Delhi,13:00,Cochin,0,6943
IndiGo,27/06/2019,Banglore,22:10,Delhi,0,3419
IndiGo,21/03/2019,Delhi,11:30,Cochin,0,6838
Multiple carriers,21/03/2019,Delhi,10:00,Cochin,0,8565
Jet Airways,27/03/2019,Delhi,19:10,Cochin,0,10929
Jet Airways,9/05/2019,Mumbai,10:20,Hyderabad,0,8040
Multiple carriers,27/05/2019,Delhi,10:20,Cochin,0,9316
Jet Airways,12/06/2019,Kolkata,06:30,Banglore,0,9899
IndiGo,6/03/2019,Delhi,07:30,Cochin,0,14871
SpiceJet,9/05/2019,Kolkata,06:55,Banglore,0,3873
Air India,9/05/2019,Kolkata,09:25,Banglore,0,14687
Jet Airways,24/03/2019,Kolkata,08:25,Banglore,0,10031
Air India,6/06/2019,Delhi,16:55,Cochin,0,13591
SpiceJet,15/06/2019,Chennai,09:45,Kolkata,0,3597
IndiGo,1/06/2019,Mumbai,12:00,Hyderabad,0,2754
Jet Airways,6/06/2019,Kolkata,09:35,Banglore,0,10539
IndiGo,1/06/2019,Mumbai,20:05,Hyderabad,0,2227
IndiGo,21/03/2019,Mumbai,21:20,Hyderabad,0,2227
Jet Airways,9/06/2019,Kolkata,21:10,Banglore,0,11841
SpiceJet,6/05/2019,Kolkata,09:00,Banglore,0,3841
Multiple carriers,6/03/2019,Delhi,13:00,Cochin,0,15603
Jet Airways,21/05/2019,Delhi,11:30,Cochin,0,16079
IndiGo,21/06/2019,Kolkata,04:40,Banglore,0,4804
GoAir,1/06/2019,Delhi,07:25,Cochin,0,6393
IndiGo,1/04/2019,Delhi,06:50,Cochin,0,5298
Air India,6/04/2019,Delhi,20:40,Cochin,0,5117
IndiGo,1/06/2019,Delhi,07:15,Cochin,0,6582
Jet Airways,12/05/2019,Banglore,19:50,Delhi,0,7229
SpiceJet,9/05/2019,Mumbai,05:45,Hyderabad,0,1965
SpiceJet,27/04/2019,Kolkata,17:10,Banglore,0,4174
IndiGo,27/05/2019,Banglore,22:10,Delhi,0,3749
Air India,21/03/2019,Delhi,18:30,Cochin,0,10703
IndiGo,9/05/2019,Mumbai,02:35,Hyderabad,0,2754
IndiGo,9/06/2019,Delhi,17:10,Cochin,0,6206
Air India,6/05/2019,Kolkata,05:50,Banglore,0,10991
Jet Airways,1/05/2019,Kolkata,08:25,Banglore,0,10844
Multiple carriers,9/05/2019,Delhi,07:30,Cochin,0,9315
SpiceJet,1/04/2019,Delhi,08:45,Cochin,0,4812
Jet Airways,3/03/2019,Delhi,02:15,Cochin,0,17024
Jet Airways,06/03/2019,Banglore,21:25,New Delhi,0,19225
Jet Airways,6/05/2019,Kolkata,06:30,Banglore,0,8586
Air India,21/05/2019,Delhi,17:40,Cochin,0,8067
Jet Airways,18/05/2019,Delhi,23:05,Cochin,0,15129
Jet Airways,12/05/2019,Banglore,08:20,Delhi,0,7229
Jet Airways,3/06/2019,Delhi,09:40,Cochin,0,10368
Air India,21/06/2019,Mumbai,06:20,Hyderabad,0,3100
Multiple carriers,12/06/2019,Delhi,09:00,Cochin,0,12192
Multiple carriers,24/06/2019,Delhi,09:00,Cochin,0,8143
Jet Airways,18/03/2019,Banglore,11:40,New Delhi,0,14815
Jet Airways,27/05/2019,Delhi,05:30,Cochin,0,15129
Air India,18/05/2019,Kolkata,12:00,Banglore,0,10676
Jet Airways,9/05/2019,Kolkata,20:00,Banglore,0,8586
Multiple carriers,15/05/2019,Delhi,08:00,Cochin,0,13937
Jet Airways,24/04/2019,Banglore,08:20,Delhi,0,4544
SpiceJet,18/06/2019,Chennai,08:20,Kolkata,0,3543
Multiple carriers,3/03/2019,Delhi,16:00,Cochin,0,21226
Multiple carriers,6/06/2019,Delhi,10:20,Cochin,0,6795
Multiple carriers,3/06/2019,Delhi,08:45,Cochin,0,7740
Jet Airways,18/03/2019,Mumbai,10:20,Hyderabad,0,4160
IndiGo,15/05/2019,Delhi,07:15,Cochin,0,5636
Jet Airways,15/05/2019,Kolkata,14:05,Banglore,0,10844
IndiGo,3/03/2019,Kolkata,05:30,Banglore,0,4778
Air India,21/05/2019,Kolkata,14:30,Banglore,0,15107
Vistara,24/05/2019,Kolkata,07:10,Banglore,0,9555
Air India,18/05/2019,Kolkata,09:25,Banglore,0,13616
IndiGo,21/03/2019,Delhi,04:45,Cochin,0,7738
Jet Airways,9/06/2019,Kolkata,21:10,Banglore,0,10844
Air India,9/05/2019,Kolkata,09:25,Banglore,0,8366
Jet Airways,12/05/2019,Kolkata,09:35,Banglore,0,13067
IndiGo,27/06/2019,Chennai,13:15,Kolkata,0,3597
Multiple carriers,27/06/2019,Delhi,15:05,Cochin,0,15965
Air Asia,1/06/2019,Delhi,20:45,Cochin,0,11410
IndiGo,21/05/2019,Kolkata,19:55,Banglore,0,4226
Jet Airways,01/03/2019,Banglore,14:05,New Delhi,0,36235
Air Asia,18/06/2019,Banglore,23:55,Delhi,0,3383
IndiGo,1/03/2019,Mumbai,09:10,Hyderabad,0,13999
Jet Airways,06/03/2019,Banglore,05:45,New Delhi,0,19225
Jet Airways,3/04/2019,Delhi,14:00,Cochin,0,5177
Jet Airways,9/04/2019,Delhi,22:50,Cochin,0,12242
Multiple carriers,9/06/2019,Delhi,09:00,Cochin,0,13587
Air India,12/06/2019,Kolkata,12:00,Banglore,0,9416
IndiGo,21/03/2019,Banglore,00:40,New Delhi,0,4944
IndiGo,27/05/2019,Mumbai,20:05,Hyderabad,0,2227
Air India,1/06/2019,Delhi,10:00,Cochin,0,9929
Jet Airways,15/06/2019,Delhi,05:30,Cochin,0,10368
Air India,18/05/2019,Delhi,17:15,Cochin,0,12199
Jet Airways,6/06/2019,Kolkata,08:25,Banglore,0,14571
Air India,21/05/2019,Kolkata,12:00,Banglore,0,10151
IndiGo,18/05/2019,Delhi,18:35,Cochin,0,7503
Multiple carriers,27/03/2019,Delhi,17:45,Cochin,0,7845
Jet Airways,24/03/2019,Kolkata,16:55,Banglore,0,11134
Multiple carriers,6/06/2019,Delhi,09:00,Cochin,0,13587
Jet Airways,21/03/2019,Delhi,06:20,Cochin,0,8273
Jet Airways,24/05/2019,Kolkata,18:55,Banglore,0,13731
GoAir,03/03/2019,Banglore,20:55,New Delhi,0,7222
Vistara,1/04/2019,Kolkata,17:00,Banglore,0,8662
IndiGo,18/06/2019,Chennai,19:35,Kolkata,0,3597
Air India,1/06/2019,Delhi,12:00,Cochin,0,10966
Jet Airways,12/06/2019,Mumbai,02:55,Hyderabad,0,5678
Jet Airways,1/05/2019,Kolkata,18:55,Banglore,0,8586
Vistara,6/03/2019,Delhi,06:00,Cochin,0,12411
Multiple carriers,27/05/2019,Delhi,13:00,Cochin,0,13587
Jet Airways,18/05/2019,Kolkata,05:45,Banglore,0,14781
Vistara,15/05/2019,Kolkata,17:00,Banglore,0,9345
Jet Airways,21/05/2019,Kolkata,14:05,Banglore,0,14781
Multiple carriers,27/05/2019,Delhi,09:00,Cochin,0,15898
IndiGo,18/04/2019,Delhi,14:20,Cochin,0,6015
Multiple carriers,24/05/2019,Delhi,07:30,Cochin,0,10529
Jet Airways,1/04/2019,Mumbai,07:05,Hyderabad,0,8040
Jet Airways,21/05/2019,Kolkata,09:35,Banglore,0,9314
IndiGo,12/05/2019,Mumbai,16:55,Hyderabad,0,3603
IndiGo,27/05/2019,Kolkata,15:15,Banglore,0,4804
IndiGo,27/03/2019,Kolkata,21:25,Banglore,0,4148
Jet Airways,27/05/2019,Delhi,17:30,Cochin,0,16079
IndiGo,12/06/2019,Delhi,16:00,Cochin,0,6316
Jet Airways,06/03/2019,Banglore,08:55,New Delhi,0,14815
Air India,3/05/2019,Kolkata,14:15,Banglore,0,5510
Jet Airways,24/05/2019,Kolkata,16:30,Banglore,0,10844
SpiceJet,21/05/2019,Banglore,09:30,Delhi,0,3625
IndiGo,12/06/2019,Banglore,07:10,Delhi,0,4823
Jet Airways,15/05/2019,Kolkata,09:35,Banglore,0,10703
Air India,1/06/2019,Delhi,17:15,Cochin,0,12970
Multiple carriers,9/06/2019,Delhi,10:20,Cochin,0,11789
Jet Airways,12/06/2019,Delhi,14:35,Cochin,0,13376
Air India,18/05/2019,Delhi,17:40,Cochin,0,8277
Jet Airways,15/06/2019,Delhi,22:50,Cochin,0,10262
Jet Airways,12/06/2019,Banglore,18:55,Delhi,0,8016
Air Asia,24/06/2019,Delhi,16:45,Cochin,0,6752
Air India,6/04/2019,Delhi,06:10,Cochin,0,5022
Air Asia,24/05/2019,Kolkata,07:35,Banglore,0,5192
Multiple carriers,15/05/2019,Delhi,19:00,Cochin,0,7670
Jet Airways,15/05/2019,Kolkata,17:00,Banglore,0,14151
SpiceJet,1/06/2019,Kolkata,06:55,Banglore,0,3841
Air India,3/06/2019,Kolkata,20:45,Banglore,0,4145
Air India,6/05/2019,Mumbai,19:30,Hyderabad,0,3100
Jet Airways,09/03/2019,Banglore,08:55,New Delhi,0,11087
Air India,15/05/2019,Kolkata,17:30,Banglore,0,10203
Jet Airways,18/03/2019,Banglore,22:50,New Delhi,0,13555
Jet Airways,27/06/2019,Banglore,17:45,Delhi,0,8016
SpiceJet,18/04/2019,Kolkata,09:00,Banglore,0,4174
IndiGo,21/05/2019,Chennai,07:55,Kolkata,0,3850
IndiGo,3/05/2019,Banglore,00:30,Delhi,0,3943
Air India,3/06/2019,Delhi,12:00,Cochin,0,8603
SpiceJet,24/03/2019,Chennai,17:45,Kolkata,0,5418
SpiceJet,24/05/2019,Banglore,05:55,Delhi,0,3311
Jet Airways,12/06/2019,Delhi,19:15,Cochin,0,10262
IndiGo,1/06/2019,Mumbai,21:20,Hyderabad,0,2227
Air India,6/06/2019,Mumbai,19:30,Hyderabad,0,3100
SpiceJet,18/05/2019,Kolkata,14:55,Banglore,0,3841
Air India,12/06/2019,Delhi,18:30,Cochin,0,12488
SpiceJet,21/05/2019,Delhi,06:05,Cochin,0,6297
Jet Airways,9/06/2019,Delhi,11:30,Cochin,0,14714
Vistara,1/04/2019,Kolkata,17:00,Banglore,0,8610
IndiGo,12/06/2019,Banglore,00:30,Delhi,0,3419
Jet Airways,12/06/2019,Delhi,05:30,Cochin,0,13292
SpiceJet,12/06/2019,Banglore,09:30,Delhi,0,4423
IndiGo,27/05/2019,Banglore,23:30,Delhi,0,3943
Jet Airways,21/03/2019,Delhi,19:10,Cochin,0,10929
Vistara,24/03/2019,Kolkata,07:10,Banglore,0,16932
Multiple carriers,18/05/2019,Delhi,08:00,Cochin,0,13727
Jet Airways,9/03/2019,Delhi,11:00,Cochin,0,9564
Air India,15/05/2019,Kolkata,16:50,Banglore,0,8891
Multiple carriers,27/03/2019,Delhi,15:15,Cochin,0,6427
Jet Airways,1/04/2019,Kolkata,16:30,Banglore,0,7064
Jet Airways,18/05/2019,Banglore,19:50,Delhi,0,5198
Jet Airways,21/03/2019,Delhi,13:00,Cochin,0,12347
Jet Airways,6/03/2019,Delhi,09:00,Cochin,0,13843
SpiceJet,24/05/2019,Banglore,09:30,Delhi,0,3625
SpiceJet,24/05/2019,Kolkata,22:20,Banglore,0,3841
IndiGo,18/06/2019,Banglore,00:25,Delhi,0,3419
Multiple carriers,6/06/2019,Delhi,11:40,Cochin,0,8266
SpiceJet,6/06/2019,Kolkata,22:20,Banglore,0,3841
IndiGo,24/06/2019,Delhi,05:35,Cochin,0,5000
SpiceJet,15/03/2019,Banglore,15:35,New Delhi,0,5822
Jet Airways,9/06/2019,Kolkata,18:55,Banglore,0,10844
IndiGo,21/04/2019,Delhi,02:00,Cochin,0,5636
IndiGo,9/03/2019,Delhi,05:05,Cochin,0,8147
IndiGo,24/06/2019,Chennai,13:15,Kolkata,0,3597
IndiGo,27/04/2019,Kolkata,04:40,Banglore,0,4804
Jet Airways,9/03/2019,Delhi,10:45,Cochin,0,19329
Jet Airways,9/03/2019,Delhi,19:15,Cochin,0,16289
Air Asia,24/03/2019,Kolkata,22:50,Banglore,0,5620
Jet Airways,18/03/2019,Banglore,07:00,New Delhi,0,12284
IndiGo,24/06/2019,Delhi,02:00,Cochin,0,6016
IndiGo,9/05/2019,Mumbai,16:55,Hyderabad,0,4784
Multiple carriers,12/06/2019,Delhi,16:00,Cochin,0,13377
Jet Airways,9/06/2019,Delhi,09:00,Cochin,0,10262
Jet Airways,15/04/2019,Banglore,17:45,Delhi,0,4544
IndiGo,9/05/2019,Kolkata,15:30,Banglore,0,4804
Jet Airways,9/05/2019,Kolkata,06:30,Banglore,0,10844
IndiGo,24/03/2019,Mumbai,02:30,Hyderabad,0,2754
IndiGo,24/05/2019,Delhi,14:20,Cochin,0,7640
Jet Airways,9/05/2019,Kolkata,09:35,Banglore,0,9314
Air India,3/04/2019,Banglore,13:20,Delhi,0,5176
Air India,27/03/2019,Delhi,17:15,Cochin,0,6057
IndiGo,9/03/2019,Kolkata,21:25,Banglore,0,4148
Jet Airways,21/06/2019,Banglore,18:55,Delhi,0,7754
Multiple carriers,3/06/2019,Delhi,08:30,Cochin,0,11200
IndiGo,12/05/2019,Chennai,14:45,Kolkata,0,3858
Air India,27/03/2019,Chennai,11:40,Kolkata,0,3145
IndiGo,21/03/2019,Delhi,16:00,Cochin,0,9264
GoAir,27/03/2019,Delhi,14:10,Cochin,0,10188
Jet Airways,6/06/2019,Delhi,22:50,Cochin,0,10262
Air India,9/03/2019,Delhi,05:00,Cochin,0,10598
Air India,15/06/2019,Delhi,06:10,Cochin,0,8907
Multiple carriers,6/06/2019,Delhi,17:45,Cochin,0,6795
Air India,21/03/2019,Banglore,22:00,New Delhi,0,6010
Jet Airways,18/03/2019,Banglore,14:05,New Delhi,0,14815
Air India,18/05/2019,Delhi,18:45,Cochin,0,12940
SpiceJet,18/03/2019,Chennai,09:30,Kolkata,0,3859
Air India,15/03/2019,Banglore,08:15,New Delhi,0,5013
GoAir,18/05/2019,Banglore,20:55,Delhi,0,4632
Vistara,3/06/2019,Chennai,07:05,Kolkata,0,3687
IndiGo,18/05/2019,Banglore,18:55,Delhi,0,4823
Jet Airways,06/03/2019,Banglore,22:50,New Delhi,0,17471
Multiple carriers,6/03/2019,Delhi,13:00,Cochin,0,15136
Air India,6/05/2019,Kolkata,10:00,Banglore,0,17049
Air India,1/05/2019,Delhi,20:40,Cochin,0,7480
Jet Airways,18/03/2019,Banglore,22:50,New Delhi,0,13555
Multiple carriers,24/06/2019,Delhi,14:00,Cochin,0,13377
Jet Airways,9/06/2019,Mumbai,07:05,Hyderabad,0,5678
Jet Airways,21/04/2019,Banglore,06:00,Delhi,0,7229
Jet Airways,18/05/2019,Kolkata,20:25,Banglore,0,14151
Jet Airways,18/05/2019,Banglore,11:10,Delhi,0,7229
Multiple carriers,18/05/2019,Delhi,11:40,Cochin,0,10529
IndiGo,15/03/2019,Kolkata,09:35,Banglore,0,4148
SpiceJet,1/03/2019,Kolkata,06:55,Banglore,0,4622
Jet Airways,1/05/2019,Delhi,05:30,Cochin,0,15129
Jet Airways,27/06/2019,Banglore,15:15,Delhi,0,8016
Multiple carriers,18/05/2019,Delhi,08:00,Cochin,0,8073
Air India,6/04/2019,Banglore,13:20,Delhi,0,5176
Air India,24/05/2019,Kolkata,16:50,Banglore,0,12802
Air India,18/03/2019,Kolkata,20:45,Banglore,0,4435
IndiGo,21/04/2019,Delhi,07:35,Cochin,0,5703
Multiple carriers,21/03/2019,Delhi,08:00,Cochin,0,13378
SpiceJet,15/03/2019,Banglore,05:45,New Delhi,0,5575
IndiGo,15/05/2019,Banglore,21:15,Delhi,0,3943
IndiGo,24/05/2019,Banglore,07:10,Delhi,0,4823
Jet Airways,1/04/2019,Kolkata,08:25,Banglore,0,7064
Jet Airways,6/04/2019,Banglore,07:10,Delhi,0,7229
IndiGo,24/06/2019,Chennai,22:05,Kolkata,0,5277
Multiple carriers,9/05/2019,Delhi,14:00,Cochin,0,13727
IndiGo,15/05/2019,Delhi,06:40,Cochin,0,7191
Air India,27/03/2019,Delhi,20:30,Cochin,0,5022
SpiceJet,9/06/2019,Kolkata,11:15,Banglore,0,9946
Air India,3/03/2019,Delhi,16:40,Cochin,0,14011
IndiGo,9/06/2019,Delhi,07:35,Cochin,0,6442
Air India,21/05/2019,Kolkata,10:00,Banglore,0,11096
IndiGo,3/06/2019,Chennai,14:45,Kolkata,0,3597
SpiceJet,21/04/2019,Delhi,15:45,Cochin,0,6749
Vistara,18/05/2019,Chennai,17:45,Kolkata,0,11982
IndiGo,27/03/2019,Chennai,11:35,Kolkata,0,3858
Jet Airways Business,01/03/2019,Banglore,05:45,New Delhi,0,62427
Vistara,24/05/2019,Kolkata,17:00,Banglore,0,10027
Jet Airways,21/03/2019,Delhi,05:40,Cochin,0,11543
Air India,21/05/2019,Kolkata,09:25,Banglore,0,11432
Jet Airways,21/05/2019,Kolkata,17:00,Banglore,0,14151
Air India,12/05/2019,Kolkata,16:45,Banglore,0,13437
Jet Airways,24/05/2019,Delhi,23:05,Cochin,0,15129
IndiGo,21/05/2019,Kolkata,14:25,Banglore,0,5224
IndiGo,27/06/2019,Delhi,06:50,Cochin,0,6442
IndiGo,24/03/2019,Banglore,13:00,New Delhi,0,5694
Jet Airways,12/06/2019,Kolkata,18:55,Banglore,0,13044
SpiceJet,3/06/2019,Chennai,17:45,Kolkata,0,3543
Vistara,3/06/2019,Chennai,17:45,Kolkata,0,11982
Air India,27/06/2019,Delhi,13:15,Cochin,0,13547
Jet Airways,15/05/2019,Kolkata,20:00,Banglore,0,8586
Vistara,6/06/2019,Chennai,07:05,Kolkata,0,3687
Jet Airways,6/06/2019,Delhi,17:30,Cochin,0,10262
Air Asia,27/03/2019,Delhi,16:45,Cochin,0,6151
Jet Airways,3/06/2019,Delhi,21:25,Cochin,0,11507
GoAir,24/05/2019,Kolkata,16:40,Banglore,0,8855
Jet Airways,9/04/2019,Delhi,22:50,Cochin,0,11822
Air India,6/05/2019,Kolkata,12:00,Banglore,0,10151
SpiceJet,6/04/2019,Kolkata,09:00,Banglore,0,3873
Jet Airways,27/03/2019,Delhi,05:10,Cochin,0,8938
Jet Airways,9/06/2019,Kolkata,20:00,Banglore,0,11841
SpiceJet,18/06/2019,Mumbai,13:15,Hyderabad,0,1965
Jet Airways,24/05/2019,Kolkata,21:10,Banglore,0,14178
Multiple carriers,15/06/2019,Delhi,13:15,Cochin,0,8018
Jet Airways,6/06/2019,Delhi,15:00,Cochin,0,10262
Jet Airways,18/05/2019,Delhi,18:15,Cochin,0,12373
Multiple carriers,12/06/2019,Delhi,10:00,Cochin,0,14848
Jet Airways,24/03/2019,Banglore,11:10,New Delhi,0,7229
Jet Airways,9/06/2019,Kolkata,08:25,Banglore,0,14571
Multiple carriers,27/06/2019,Delhi,14:55,Cochin,0,6093
Jet Airways,9/05/2019,Kolkata,06:30,Banglore,0,13941
Air India,6/06/2019,Kolkata,14:30,Banglore,0,15894
Vistara,21/05/2019,Kolkata,20:20,Banglore,0,8452
Jet Airways,24/05/2019,Kolkata,09:35,Banglore,0,10703
Jet Airways,21/05/2019,Delhi,09:50,Cochin,0,7202
Jet Airways,24/05/2019,Kolkata,06:30,Banglore,0,14571
Jet Airways,24/06/2019,Delhi,22:50,Cochin,0,10262
Multiple carriers,21/03/2019,Delhi,09:00,Cochin,0,13062
Jet Airways,12/06/2019,Delhi,05:30,Cochin,0,13292
Jet Airways,21/03/2019,Delhi,02:15,Cochin,0,7438
SpiceJet,9/06/2019,Kolkata,09:00,Banglore,0,4174
IndiGo,9/03/2019,Chennai,05:15,Kolkata,0,6482
Jet Airways,9/06/2019,Kolkata,09:35,Banglore,0,14676
Multiple carriers,3/03/2019,Delhi,07:10,Cochin,0,11125
Jet Airways,21/05/2019,Mumbai,07:05,Hyderabad,0,4995
Air India,6/03/2019,Chennai,11:40,Kolkata,0,9340
Jet Airways,9/03/2019,Delhi,15:55,Cochin,0,19172
IndiGo,6/05/2019,Kolkata,21:25,Banglore,0,4804
Jet Airways,21/03/2019,Banglore,05:45,New Delhi,0,7832
Jet Airways,6/03/2019,Delhi,13:00,Cochin,0,17024
Jet Airways,15/06/2019,Delhi,07:05,Cochin,0,14714
Jet Airways,24/03/2019,Kolkata,06:30,Banglore,0,10031
Multiple carriers,6/03/2019,Delhi,14:35,Cochin,0,7563
Jet Airways,18/05/2019,Kolkata,18:55,Banglore,0,9663
Jet Airways,9/06/2019,Delhi,14:35,Cochin,0,13376
Multiple carriers,18/05/2019,Delhi,07:30,Cochin,0,7564
Jet Airways,18/05/2019,Delhi,10:00,Cochin,0,11399
Air India,24/05/2019,Kolkata,16:50,Banglore,0,8576
IndiGo,18/03/2019,Mumbai,19:05,Hyderabad,0,2754
Air India,27/03/2019,Delhi,13:30,Cochin,0,6681
IndiGo,3/06/2019,Banglore,18:55,Delhi,0,4823
Air India,6/03/2019,Delhi,07:05,Cochin,0,11552
Jet Airways,27/06/2019,Delhi,22:50,Cochin,0,16079
Jet Airways,6/03/2019,Delhi,16:50,Cochin,0,19907
Jet Airways,9/04/2019,Delhi,23:05,Cochin,0,9483
IndiGo,1/04/2019,Mumbai,20:05,Hyderabad,0,2227
Jet Airways,27/03/2019,Delhi,08:00,Cochin,0,12242
Jet Airways,24/06/2019,Delhi,17:30,Cochin,0,10262
Jet Airways,15/06/2019,Delhi,02:15,Cochin,0,10262
Vistara,1/06/2019,Banglore,09:45,Delhi,0,4878
Jet Airways,24/03/2019,Kolkata,13:55,Banglore,0,11134
IndiGo,21/04/2019,Delhi,02:00,Cochin,0,6258
GoAir,9/06/2019,Delhi,14:25,Cochin,0,9069
Jet Airways,21/05/2019,Kolkata,17:00,Banglore,0,14151
Air India,18/03/2019,Mumbai,21:05,Hyderabad,0,2050
Air Asia,27/05/2019,Banglore,04:55,Delhi,0,3383
IndiGo,27/05/2019,Kolkata,14:25,Banglore,0,5224
Jet Airways,27/06/2019,Delhi,13:00,Cochin,0,10262
Jet Airways,9/05/2019,Delhi,08:00,Cochin,0,15554
Jet Airways,9/05/2019,Kolkata,06:30,Banglore,0,10844
Jet Airways,1/04/2019,Kolkata,21:10,Banglore,0,8849
IndiGo,24/03/2019,Banglore,16:55,New Delhi,0,7303
Air India,24/05/2019,Kolkata,05:50,Banglore,0,7662
Jet Airways,6/05/2019,Kolkata,20:25,Banglore,0,13067
Jet Airways,24/03/2019,Kolkata,13:55,Banglore,0,14231
Jet Airways,21/05/2019,Delhi,09:00,Cochin,0,16079
Jet Airways,1/05/2019,Kolkata,06:30,Banglore,0,14388
Jet Airways,9/05/2019,Delhi,05:30,Cochin,0,16274
Jet Airways,9/06/2019,Delhi,14:05,Cochin,0,13882
IndiGo,18/04/2019,Banglore,18:25,Delhi,0,4990
Jet Airways,24/06/2019,Delhi,18:15,Cochin,0,10262
Vistara,09/03/2019,Banglore,09:50,New Delhi,0,7240
Multiple carriers,6/06/2019,Delhi,18:00,Cochin,0,7198
GoAir,15/05/2019,Delhi,10:35,Cochin,0,7378
Vistara,12/04/2019,Banglore,07:00,Delhi,0,5403
Jet Airways,18/03/2019,Banglore,14:05,New Delhi,0,16946
Air India,18/05/2019,Delhi,17:15,Cochin,0,12392
Jet Airways,15/03/2019,Banglore,11:40,New Delhi,0,9134
Air India,18/03/2019,Banglore,10:30,New Delhi,0,13261
Air India,3/03/2019,Delhi,14:10,Cochin,0,7931
Jet Airways,12/06/2019,Delhi,09:40,Cochin,0,10368
Jet Airways,6/06/2019,Delhi,21:50,Cochin,0,10262
Jet Airways,18/03/2019,Banglore,11:40,New Delhi,0,13555
IndiGo,1/06/2019,Delhi,16:10,Cochin,0,6938
Air Asia,1/06/2019,Delhi,07:55,Cochin,0,8759
Jet Airways,1/04/2019,Kolkata,21:10,Banglore,0,13364
Jet Airways,12/06/2019,Delhi,07:05,Cochin,0,15190
Jet Airways,9/05/2019,Kolkata,10:20,Banglore,0,5608
IndiGo,03/03/2019,Banglore,08:30,New Delhi,0,6860
IndiGo,27/05/2019,Delhi,04:55,Cochin,0,8784
IndiGo,24/04/2019,Banglore,22:10,Delhi,0,3625
Jet Airways,3/05/2019,Banglore,08:20,Delhi,0,7229
IndiGo,03/03/2019,Banglore,13:00,New Delhi,0,12649
SpiceJet,1/06/2019,Delhi,06:05,Cochin,0,5583
Jet Airways,21/03/2019,Banglore,08:55,New Delhi,0,7412
IndiGo,9/05/2019,Kolkata,04:40,Banglore,0,4804
IndiGo,1/04/2019,Kolkata,17:35,Banglore,0,5699
Air India,03/03/2019,Banglore,09:30,New Delhi,0,11654
Vistara,9/06/2019,Delhi,14:40,Cochin,0,6216
Air India,1/04/2019,Kolkata,20:30,Banglore,0,7893
Jet Airways,18/05/2019,Kolkata,08:25,Banglore,0,9663
SpiceJet,27/06/2019,Kolkata,09:00,Banglore,0,3841
Air India,27/06/2019,Delhi,16:55,Cochin,0,13591
Jet Airways,1/05/2019,Kolkata,08:25,Banglore,0,14781
Jet Airways,18/03/2019,Banglore,14:05,New Delhi,0,11087
Air India,6/04/2019,Delhi,05:10,Cochin,0,4729
Vistara,1/06/2019,Delhi,06:00,Cochin,0,6741
Multiple carriers,12/06/2019,Delhi,13:05,Cochin,0,9646
Jet Airways,9/06/2019,Kolkata,17:00,Banglore,0,10539
SpiceJet,18/05/2019,Mumbai,22:45,Hyderabad,0,1965
Multiple carriers,6/03/2019,Delhi,11:30,Cochin,0,15136
Air India,06/03/2019,Banglore,06:45,New Delhi,0,13912
Air India,27/06/2019,Mumbai,13:55,Hyderabad,0,3100
IndiGo,21/06/2019,Mumbai,09:10,Hyderabad,0,5755
Jet Airways,9/06/2019,Kolkata,09:35,Banglore,0,13994
Multiple carriers,6/03/2019,Delhi,13:55,Cochin,0,15136
IndiGo,12/05/2019,Chennai,05:15,Kolkata,0,3540
Jet Airways,21/05/2019,Kolkata,21:10,Banglore,0,8586
Jet Airways,6/06/2019,Delhi,14:35,Cochin,0,13376
Vistara,21/05/2019,Kolkata,17:00,Banglore,0,9345
Air India,12/06/2019,Banglore,13:20,Delhi,0,6961
Jet Airways,12/06/2019,Delhi,15:00,Cochin,0,10262
Air India,27/06/2019,Delhi,17:20,Cochin,0,7480
Jet Airways,1/06/2019,Delhi,09:40,Cochin,0,10368
Air India,12/05/2019,Kolkata,09:25,Banglore,0,8576
Air Asia,24/05/2019,Kolkata,06:50,Banglore,0,5162
Air India,1/05/2019,Kolkata,16:50,Banglore,0,16372
Vistara,15/05/2019,Chennai,17:45,Kolkata,0,11982
Jet Airways,21/03/2019,Banglore,05:45,New Delhi,0,7832
Multiple carriers,27/03/2019,Delhi,08:00,Cochin,0,12537
IndiGo,21/03/2019,Delhi,02:05,Cochin,0,4862
IndiGo,9/05/2019,Delhi,16:00,Cochin,0,9274
SpiceJet,18/03/2019,Banglore,20:30,New Delhi,0,4273
GoAir,18/05/2019,Kolkata,16:40,Banglore,0,10586
IndiGo,18/04/2019,Kolkata,17:15,Banglore,0,4174
Multiple carriers,21/05/2019,Delhi,16:00,Cochin,0,14067
Vistara,6/06/2019,Kolkata,17:00,Banglore,0,9187
Multiple carriers,18/05/2019,Delhi,10:00,Cochin,0,9275
Multiple carriers,12/06/2019,Delhi,11:35,Cochin,0,15419
Jet Airways,21/05/2019,Banglore,18:55,Delhi,0,7229
Multiple carriers,6/03/2019,Delhi,09:00,Cochin,0,15342
Jet Airways,15/03/2019,Banglore,08:00,New Delhi,0,9134
Jet Airways,15/05/2019,Kolkata,20:00,Banglore,0,8586
Jet Airways,12/05/2019,Kolkata,20:00,Banglore,0,13941
SpiceJet,24/03/2019,Mumbai,22:45,Hyderabad,0,2175
Multiple carriers,15/05/2019,Delhi,06:40,Cochin,0,9315
Jet Airways,12/06/2019,Delhi,06:45,Cochin,0,10919
Jet Airways,1/04/2019,Banglore,07:10,Delhi,0,7229
Air Asia,15/06/2019,Delhi,07:55,Cochin,0,6253
SpiceJet,18/05/2019,Chennai,09:45,Kolkata,0,3543
Jet Airways,18/03/2019,Banglore,05:45,New Delhi,0,12284
IndiGo,12/04/2019,Banglore,10:10,Delhi,0,4591
SpiceJet,18/05/2019,Banglore,05:55,Delhi,0,3625
Multiple carriers,27/06/2019,Delhi,10:20,Cochin,0,6480
Jet Airways,9/05/2019,Delhi,02:15,Cochin,0,15851
Jet Airways,15/05/2019,Kolkata,20:25,Banglore,0,14151
Jet Airways,1/04/2019,Kolkata,06:30,Banglore,0,7064
Jet Airways,24/06/2019,Delhi,09:00,Cochin,0,10262
Jet Airways,12/06/2019,Delhi,11:00,Cochin,0,9564
Jet Airways,06/03/2019,Banglore,16:55,New Delhi,0,17261
Jet Airways,24/05/2019,Kolkata,20:25,Banglore,0,13067
Vistara,3/03/2019,Chennai,07:05,Kolkata,0,5944
Air India,24/03/2019,Banglore,13:20,New Delhi,0,7276
Air India,12/06/2019,Delhi,05:00,Cochin,0,9443
SpiceJet,24/04/2019,Kolkata,06:55,Banglore,0,3873
IndiGo,18/04/2019,Delhi,05:35,Cochin,0,6015
Jet Airways,27/06/2019,Delhi,19:10,Cochin,0,15339
SpiceJet,9/03/2019,Mumbai,05:45,Hyderabad,0,4391
Jet Airways,24/05/2019,Kolkata,08:25,Banglore,0,10844
Jet Airways,9/05/2019,Delhi,19:45,Cochin,0,15554
Jet Airways,18/05/2019,Mumbai,10:20,Hyderabad,0,5678
Jet Airways,21/05/2019,Kolkata,09:35,Banglore,0,11467
IndiGo,3/06/2019,Mumbai,06:25,Hyderabad,0,4049
Jet Airways Business,01/03/2019,Banglore,05:45,New Delhi,0,52229
Jet Airways,24/03/2019,Banglore,11:40,New Delhi,0,8147
Jet Airways,15/03/2019,Banglore,05:45,New Delhi,0,9134
Jet Airways,6/06/2019,Delhi,05:30,Cochin,0,10368
Jet Airways,6/06/2019,Kolkata,09:35,Banglore,0,10539
Air India,27/03/2019,Delhi,17:20,Cochin,0,5117
SpiceJet,27/05/2019,Delhi,06:05,Cochin,0,6749
SpiceJet,15/05/2019,Chennai,09:45,Kolkata,0,3597
SpiceJet,01/03/2019,Banglore,09:35,New Delhi,0,11690
IndiGo,12/05/2019,Kolkata,15:15,Banglore,0,5170
Multiple carriers,3/03/2019,Delhi,13:55,Cochin,0,17057
Multiple carriers,27/05/2019,Delhi,03:50,Cochin,0,10197
IndiGo,9/03/2019,Chennai,17:05,Kolkata,0,6297
IndiGo,27/05/2019,Delhi,23:30,Cochin,0,9476
SpiceJet,24/06/2019,Mumbai,22:45,Hyderabad,0,1965
Vistara,15/03/2019,Banglore,09:50,New Delhi,0,6138
Multiple carriers,27/06/2019,Delhi,15:00,Cochin,0,13377
Jet Airways,15/06/2019,Delhi,05:30,Cochin,0,13014
Multiple carriers,27/03/2019,Delhi,08:25,Cochin,0,8601
Jet Airways,21/04/2019,Banglore,15:15,Delhi,0,4544
Air India,15/05/2019,Kolkata,05:50,Banglore,0,12723
Jet Airways,24/03/2019,Kolkata,21:10,Banglore,0,10031
IndiGo,9/05/2019,Delhi,20:25,Cochin,0,7255
SpiceJet,27/05/2019,Chennai,08:20,Kolkata,0,3597
Jet Airways,24/05/2019,Kolkata,20:00,Banglore,0,10844
Air India,27/03/2019,Delhi,07:00,Cochin,0,10913
Vistara,24/03/2019,Kolkata,07:10,Banglore,0,12732
IndiGo,12/06/2019,Kolkata,04:40,Banglore,0,4804
Air India,6/03/2019,Mumbai,21:10,Hyderabad,0,17327
Jet Airways,12/06/2019,Kolkata,14:05,Banglore,0,13044
Air India,1/05/2019,Kolkata,17:30,Banglore,0,15164
Air India,1/06/2019,Banglore,21:05,Delhi,0,5228
IndiGo,3/03/2019,Delhi,16:10,Cochin,0,11237
SpiceJet,18/06/2019,Mumbai,22:45,Hyderabad,0,1965
Air India,01/03/2019,Banglore,17:00,New Delhi,0,14887
Multiple carriers,18/05/2019,Delhi,06:00,Cochin,0,8476
Jet Airways,21/03/2019,Delhi,10:20,Cochin,0,9254
Multiple carriers,1/06/2019,Delhi,19:00,Cochin,0,7530
Vistara,21/06/2019,Banglore,21:00,Delhi,0,5613
Jet Airways,1/06/2019,Delhi,09:40,Cochin,0,10368
IndiGo,9/03/2019,Delhi,08:35,Cochin,0,8146
SpiceJet,12/05/2019,Mumbai,05:45,Hyderabad,0,1965
Air India,1/06/2019,Delhi,17:40,Cochin,0,7384
Jet Airways,1/06/2019,Delhi,14:35,Cochin,0,13376
Multiple carriers,6/06/2019,Delhi,14:00,Cochin,0,13587
SpiceJet,6/04/2019,Kolkata,06:55,Banglore,0,3841
Air India,27/04/2019,Delhi,05:10,Cochin,0,6094
Jet Airways,24/06/2019,Delhi,23:05,Cochin,0,12819
GoAir,6/06/2019,Banglore,07:45,Delhi,0,3898
Air India,18/06/2019,Mumbai,06:20,Hyderabad,0,3100
Jet Airways,9/06/2019,Kolkata,18:55,Banglore,0,14178
Jet Airways,12/03/2019,Banglore,09:45,New Delhi,0,12295
IndiGo,21/03/2019,Chennai,05:15,Kolkata,0,4326
Jet Airways,6/05/2019,Kolkata,21:10,Banglore,0,7757
Multiple carriers,9/05/2019,Delhi,17:30,Cochin,0,15078
IndiGo,27/05/2019,Delhi,17:10,Cochin,0,6206
Multiple carriers,15/06/2019,Delhi,07:00,Cochin,0,12192
SpiceJet,12/04/2019,Banglore,05:55,Delhi,0,4423
Air India,6/05/2019,Kolkata,07:00,Banglore,0,14083
Jet Airways,1/05/2019,Kolkata,20:25,Banglore,0,11467
Vistara,15/03/2019,Delhi,06:00,Cochin,0,6111
Jet Airways,21/05/2019,Kolkata,20:25,Banglore,0,14151
IndiGo,9/04/2019,Banglore,21:15,Delhi,0,3943
IndiGo,01/03/2019,Banglore,12:10,New Delhi,0,9694
Multiple carriers,3/06/2019,Delhi,15:00,Cochin,0,13377
Air India,21/06/2019,Kolkata,14:15,Banglore,0,5510
Vistara,15/06/2019,Banglore,17:00,Delhi,0,4878
IndiGo,6/06/2019,Banglore,13:00,Delhi,0,3943
Multiple carriers,9/03/2019,Delhi,00:20,Cochin,0,18260
Multiple carriers,21/05/2019,Delhi,11:40,Cochin,0,7485
IndiGo,27/03/2019,Delhi,06:40,Cochin,0,8784
IndiGo,15/04/2019,Kolkata,21:25,Banglore,0,4174
Air Asia,24/06/2019,Delhi,20:45,Cochin,0,6152
IndiGo,6/05/2019,Banglore,21:15,Delhi,0,3943
Air India,9/05/2019,Delhi,07:00,Cochin,0,8669
Jet Airways,21/05/2019,Mumbai,19:35,Hyderabad,0,5678
Jet Airways,27/05/2019,Delhi,07:05,Cochin,0,12898
Jet Airways,18/03/2019,Banglore,07:00,New Delhi,0,11455
Jet Airways,1/06/2019,Delhi,17:30,Cochin,0,10262
Air India,1/04/2019,Kolkata,07:00,Banglore,0,12849
Air India,1/03/2019,Chennai,11:40,Kolkata,0,19630
Air India,01/03/2019,Banglore,17:00,New Delhi,0,11628
Jet Airways,27/06/2019,Delhi,08:10,Cochin,0,14300
Jet Airways,18/06/2019,Mumbai,02:55,Hyderabad,0,5678
Jet Airways,27/06/2019,Delhi,13:25,Cochin,0,11150
Jet Airways,15/04/2019,Banglore,18:55,Delhi,0,4544
Jet Airways,9/05/2019,Banglore,15:15,Delhi,0,4544
Jet Airways,12/05/2019,Kolkata,20:00,Banglore,0,13941
Air India,15/03/2019,Banglore,08:15,New Delhi,0,7904
Jet Airways,15/03/2019,Banglore,05:45,New Delhi,0,9134
Jet Airways,18/05/2019,Mumbai,10:20,Hyderabad,0,4050
IndiGo,21/03/2019,Delhi,08:25,Cochin,0,9709
GoAir,21/05/2019,Delhi,07:00,Cochin,0,6633
SpiceJet,27/03/2019,Delhi,08:45,Cochin,0,4466
Jet Airways,9/03/2019,Mumbai,06:30,Hyderabad,0,8040
Vistara,6/06/2019,Kolkata,07:10,Banglore,0,8452
IndiGo,6/05/2019,Banglore,18:55,Delhi,0,4823
SpiceJet,3/06/2019,Chennai,08:20,Kolkata,0,3543
Air India,9/06/2019,Kolkata,09:25,Banglore,0,13007
Air India,12/06/2019,Kolkata,16:45,Banglore,0,14960
Vistara,18/06/2019,Delhi,06:00,Cochin,0,6216
Jet Airways,15/06/2019,Delhi,05:30,Cochin,0,13292
Vistara,12/06/2019,Kolkata,17:00,Banglore,0,8085
Jet Airways,27/06/2019,Delhi,21:50,Cochin,0,16079
SpiceJet,27/06/2019,Chennai,17:45,Kolkata,0,3543
Jet Airways,1/04/2019,Banglore,18:55,Delhi,0,7229
Jet Airways,15/06/2019,Delhi,09:35,Cochin,0,13292
Jet Airways,15/06/2019,Delhi,13:00,Cochin,0,14714
IndiGo,9/05/2019,Delhi,04:55,Cochin,0,6979
Air India,24/03/2019,Kolkata,20:30,Banglore,0,12173
Jet Airways,24/05/2019,Banglore,08:20,Delhi,0,7229
Air India,18/05/2019,Kolkata,08:20,Banglore,0,11222
IndiGo,3/04/2019,Kolkata,09:35,Banglore,0,4174
SpiceJet,27/05/2019,Delhi,17:55,Cochin,0,5673
Jet Airways,12/03/2019,Banglore,22:55,New Delhi,0,13817
Jet Airways,24/03/2019,Kolkata,13:55,Banglore,0,11134
Air India,27/05/2019,Delhi,14:25,Cochin,0,13381
SpiceJet,12/06/2019,Banglore,05:55,Delhi,0,4423
Jet Airways,9/06/2019,Delhi,08:00,Cochin,0,10262
GoAir,12/04/2019,Banglore,20:55,Delhi,0,6722
SpiceJet,27/03/2019,Chennai,09:30,Kolkata,0,3332
Multiple carriers,3/06/2019,Delhi,12:50,Cochin,0,7740
Jet Airways,21/03/2019,Banglore,07:00,New Delhi,0,7832
IndiGo,21/03/2019,Delhi,20:30,Cochin,0,6232
Multiple carriers,27/05/2019,Delhi,06:00,Cochin,0,10786
Jet Airways,15/05/2019,Kolkata,20:00,Banglore,0,13941
Jet Airways,12/06/2019,Kolkata,06:30,Banglore,0,13626
Jet Airways,18/03/2019,Banglore,14:05,New Delhi,0,12284
Multiple carriers,6/03/2019,Delhi,07:30,Cochin,0,15147
Jet Airways,15/05/2019,Kolkata,06:30,Banglore,0,13941
IndiGo,27/04/2019,Delhi,02:00,Cochin,0,7173
IndiGo,1/03/2019,Kolkata,15:20,Banglore,0,6565
Jet Airways,15/04/2019,Delhi,14:00,Cochin,0,6542
Air India,12/05/2019,Kolkata,05:50,Banglore,0,11411
Air Asia,6/03/2019,Delhi,20:10,Cochin,0,8627
Jet Airways,21/03/2019,Banglore,05:45,New Delhi,0,7832
IndiGo,27/05/2019,Delhi,08:35,Cochin,0,6442
Jet Airways,3/04/2019,Mumbai,02:55,Hyderabad,0,5678
Jet Airways,15/06/2019,Delhi,06:45,Cochin,0,10919
Multiple carriers,1/05/2019,Delhi,07:30,Cochin,0,9794
Air India,24/05/2019,Kolkata,09:25,Banglore,0,8891
Vistara,1/06/2019,Banglore,07:00,Delhi,0,4878
Jet Airways,21/03/2019,Delhi,10:45,Cochin,0,11869
Jet Airways,21/05/2019,Kolkata,20:00,Banglore,0,10844
Jet Airways,6/05/2019,Kolkata,17:00,Banglore,0,13067
Jet Airways,18/05/2019,Delhi,20:55,Cochin,0,12373
Multiple carriers,21/03/2019,Delhi,11:30,Cochin,0,13378
Jet Airways,24/06/2019,Delhi,19:45,Cochin,0,10262
IndiGo,01/03/2019,Banglore,07:10,New Delhi,0,11934
Jet Airways,21/05/2019,Kolkata,18:55,Banglore,0,10844
Jet Airways,6/06/2019,Delhi,20:00,Cochin,0,15318
Jet Airways,3/06/2019,Delhi,17:30,Cochin,0,10262
SpiceJet,24/05/2019,Chennai,09:45,Kolkata,0,3543
IndiGo,9/05/2019,Delhi,23:30,Cochin,0,8177
IndiGo,18/05/2019,Delhi,08:30,Cochin,0,7081
Vistara,6/03/2019,Mumbai,21:55,Hyderabad,0,12395
SpiceJet,27/05/2019,Chennai,08:20,Kolkata,0,3543
IndiGo,12/04/2019,Banglore,06:05,Delhi,0,4990
Jet Airways,12/05/2019,Mumbai,07:05,Hyderabad,0,4050
IndiGo,9/05/2019,Delhi,05:10,Cochin,0,6496
Air India,6/04/2019,Banglore,06:10,Delhi,0,5176
GoAir,27/03/2019,Delhi,10:25,Cochin,0,5281
Air Asia,18/06/2019,Kolkata,19:55,Banglore,0,3807
Jet Airways,24/05/2019,Kolkata,18:55,Banglore,0,10844
Multiple carriers,27/05/2019,Delhi,13:15,Cochin,0,9646
Jet Airways,1/05/2019,Kolkata,06:30,Banglore,0,14781
Jet Airways,01/03/2019,Banglore,14:05,New Delhi,0,27992
Jet Airways,18/05/2019,Kolkata,16:30,Banglore,0,14781
Multiple carriers,3/03/2019,Delhi,09:45,Cochin,0,11265
Air India,18/03/2019,Banglore,06:45,New Delhi,0,12305
Jet Airways,1/04/2019,Kolkata,16:30,Banglore,0,12681
Air India,9/06/2019,Kolkata,20:30,Banglore,0,10203
Air India,3/06/2019,Delhi,12:55,Cochin,0,12436
Air India,3/06/2019,Kolkata,14:15,Banglore,0,5510
Jet Airways,21/05/2019,Delhi,02:15,Cochin,0,16376
SpiceJet,6/06/2019,Kolkata,15:55,Banglore,0,8224
Air India,3/03/2019,Delhi,09:45,Cochin,0,27282
Jet Airways,24/05/2019,Mumbai,19:35,Hyderabad,0,3210
Vistara,9/05/2019,Chennai,07:05,Kolkata,0,3687
Air Asia,27/05/2019,Kolkata,22:50,Banglore,0,3807
Air India,3/05/2019,Mumbai,21:05,Hyderabad,0,3100
Jet Airways,21/05/2019,Delhi,09:50,Cochin,0,9564
Air India,15/03/2019,Kolkata,14:15,Banglore,0,5170
SpiceJet,18/03/2019,Chennai,17:45,Kolkata,0,3384
Jet Airways,9/04/2019,Delhi,05:30,Cochin,0,11664
Jet Airways,12/03/2019,Banglore,21:25,New Delhi,0,13817
Jet Airways,18/03/2019,Banglore,14:05,New Delhi,0,10972
IndiGo,27/06/2019,Banglore,23:30,Delhi,0,3943
IndiGo,18/05/2019,Delhi,11:55,Cochin,0,8216
Jet Airways,24/05/2019,Kolkata,08:25,Banglore,0,14571
Multiple carriers,6/03/2019,Delhi,08:00,Cochin,0,15078
Jet Airways,01/03/2019,Banglore,08:00,New Delhi,0,22270
Jet Airways,6/06/2019,Delhi,08:00,Cochin,0,10262
Jet Airways,1/05/2019,Kolkata,21:10,Banglore,0,14781
IndiGo,1/06/2019,Chennai,15:40,Kolkata,0,3540
IndiGo,24/06/2019,Banglore,04:00,Delhi,0,3943
Vistara,6/05/2019,Kolkata,17:00,Banglore,0,8662
IndiGo,27/06/2019,Delhi,05:35,Cochin,0,5000
Jet Airways,15/03/2019,Mumbai,10:20,Hyderabad,0,8040
Multiple carriers,9/06/2019,Delhi,07:10,Cochin,0,6513
Air India,9/05/2019,Delhi,16:55,Cochin,0,13591
Jet Airways,24/05/2019,Kolkata,17:00,Banglore,0,13067
Jet Airways,6/03/2019,Delhi,16:00,Cochin,0,15764
Jet Airways,27/06/2019,Delhi,11:30,Cochin,0,10262
Air India,21/05/2019,Kolkata,14:30,Banglore,0,15107
IndiGo,1/06/2019,Kolkata,09:35,Banglore,0,4804
IndiGo,27/06/2019,Kolkata,17:15,Banglore,0,4804
IndiGo,24/04/2019,Kolkata,09:35,Banglore,0,4804
Vistara,1/05/2019,Banglore,07:00,Delhi,0,4668
SpiceJet,9/06/2019,Kolkata,11:35,Banglore,0,8479
Jet Airways,9/05/2019,Delhi,18:15,Cochin,0,15554
Jet Airways,01/03/2019,Banglore,14:05,New Delhi,0,20800
Air India,21/05/2019,Kolkata,12:00,Banglore,0,10151
Air India,18/06/2019,Banglore,05:45,Delhi,0,6961
Jet Airways,3/06/2019,Delhi,20:55,Cochin,0,10262
SpiceJet,15/04/2019,Kolkata,09:00,Banglore,0,4174
Jet Airways,15/05/2019,Kolkata,21:10,Banglore,0,14388
Jet Airways,12/05/2019,Kolkata,06:30,Banglore,0,8586
Multiple carriers,24/06/2019,Delhi,08:00,Cochin,0,13797
IndiGo,3/06/2019,Delhi,08:30,Cochin,0,6416
Jet Airways,27/05/2019,Delhi,18:15,Cochin,0,12898
Multiple carriers,9/03/2019,Delhi,08:40,Cochin,0,18492
Air India,6/05/2019,Banglore,21:05,Delhi,0,5228
SpiceJet,1/05/2019,Mumbai,22:45,Hyderabad,0,2017
Jet Airways,6/05/2019,Kolkata,20:00,Banglore,0,9663
Jet Airways,21/05/2019,Kolkata,14:05,Banglore,0,9663
IndiGo,24/03/2019,Banglore,20:00,New Delhi,0,6144
Air Asia,12/03/2019,Kolkata,19:35,Banglore,0,4384
Multiple carriers,21/05/2019,Delhi,17:15,Cochin,0,7858
Multiple carriers,21/03/2019,Delhi,11:40,Cochin,0,7531
Air India,6/06/2019,Delhi,13:20,Cochin,0,12751
Vistara,6/03/2019,Mumbai,20:55,Hyderabad,0,12395
Jet Airways,3/06/2019,Delhi,02:15,Cochin,0,11627
Air India,1/06/2019,Mumbai,21:05,Hyderabad,0,3100
Multiple carriers,9/06/2019,Delhi,13:00,Cochin,0,7198
IndiGo,6/04/2019,Banglore,08:30,Delhi,0,4823
Multiple carriers,18/05/2019,Delhi,12:50,Cochin,0,7670
Jet Airways,6/05/2019,Banglore,17:45,Delhi,0,4030
Jet Airways,21/05/2019,Delhi,11:30,Cochin,0,12898
Multiple carriers,24/06/2019,Delhi,08:30,Cochin,0,10877
IndiGo,27/04/2019,Banglore,16:55,Delhi,0,4823
Air India,18/05/2019,Chennai,11:40,Kolkata,0,4667
Jet Airways,18/05/2019,Delhi,11:00,Cochin,0,7202
Jet Airways,3/05/2019,Mumbai,02:55,Hyderabad,0,5678
Jet Airways,1/05/2019,Banglore,07:10,Delhi,0,4030
Jet Airways,12/05/2019,Kolkata,06:30,Banglore,0,8586
Jet Airways,9/06/2019,Kolkata,18:55,Banglore,0,10844
Jet Airways,01/03/2019,Banglore,14:05,New Delhi,0,20800
Air Asia,1/06/2019,Kolkata,22:50,Banglore,0,4409
IndiGo,27/03/2019,Kolkata,05:30,Banglore,0,4148
Jet Airways,15/05/2019,Kolkata,06:30,Banglore,0,10844
Air India,27/03/2019,Kolkata,14:15,Banglore,0,5170
Air India,21/05/2019,Delhi,12:30,Cochin,0,7480
SpiceJet,9/04/2019,Kolkata,06:55,Banglore,0,3841
SpiceJet,27/04/2019,Banglore,09:30,Delhi,0,4991
Multiple carriers,27/05/2019,Delhi,08:00,Cochin,0,11761
IndiGo,1/05/2019,Chennai,14:45,Kolkata,0,3597
Jet Airways,1/04/2019,Kolkata,18:55,Banglore,0,7064
Jet Airways,21/03/2019,Banglore,11:40,New Delhi,0,6992
Multiple carriers,9/06/2019,Delhi,08:00,Cochin,0,12192
Jet Airways,27/05/2019,Banglore,15:15,Delhi,0,3502
Air India,1/04/2019,Kolkata,16:50,Banglore,0,7893
Jet Airways,9/06/2019,Delhi,16:00,Cochin,0,10577
Air India,1/06/2019,Delhi,07:00,Cochin,0,9929
SpiceJet,21/06/2019,Chennai,17:45,Kolkata,0,3543
Jet Airways,9/05/2019,Delhi,05:30,Cochin,0,15129
Multiple carriers,3/03/2019,Delhi,18:15,Cochin,0,18916
Vistara,9/06/2019,Kolkata,07:10,Banglore,0,9397
IndiGo,21/05/2019,Kolkata,17:35,Banglore,0,5386
IndiGo,1/06/2019,Delhi,11:55,Cochin,0,6674
Jet Airways,9/06/2019,Delhi,13:00,Cochin,0,10262
Air India,9/06/2019,Delhi,09:45,Cochin,0,11185
Jet Airways,21/05/2019,Kolkata,06:30,Banglore,0,8586
IndiGo,15/04/2019,Kolkata,22:15,Banglore,0,4174
Air India,15/03/2019,Banglore,10:30,New Delhi,0,6593
Jet Airways,27/06/2019,Delhi,08:00,Cochin,0,10262
Jet Airways,9/06/2019,Kolkata,20:25,Banglore,0,12692
SpiceJet,24/05/2019,Chennai,08:20,Kolkata,0,3543
Jet Airways,15/06/2019,Delhi,05:30,Cochin,0,13292
IndiGo,21/03/2019,Delhi,07:30,Cochin,0,9861
Jet Airways,18/05/2019,Kolkata,14:05,Banglore,0,9663
Air India,15/05/2019,Delhi,22:00,Cochin,0,11281
Vistara,1/04/2019,Banglore,11:30,Delhi,0,5403
Air India,24/06/2019,Delhi,18:45,Cochin,0,11732
Multiple carriers,9/05/2019,Delhi,17:00,Cochin,0,9424
GoAir,18/05/2019,Banglore,07:45,Delhi,0,4239
IndiGo,27/03/2019,Kolkata,15:20,Banglore,0,5198
Vistara,6/06/2019,Kolkata,17:00,Banglore,0,8610
Jet Airways,06/03/2019,Banglore,08:55,New Delhi,0,15025
IndiGo,1/06/2019,Delhi,17:30,Cochin,0,6628
SpiceJet,9/06/2019,Kolkata,17:10,Banglore,0,4174
SpiceJet,15/04/2019,Kolkata,15:05,Banglore,0,4649
Air India,24/03/2019,Kolkata,09:50,Banglore,0,14410
Air India,12/05/2019,Kolkata,09:10,Banglore,0,8996
Air India,18/05/2019,Delhi,13:20,Cochin,0,13801
Air India,15/06/2019,Delhi,20:00,Cochin,0,11071
Jet Airways,6/06/2019,Delhi,09:25,Cochin,0,13882
Air India,12/05/2019,Kolkata,05:50,Banglore,0,12513
Air India,21/03/2019,Delhi,06:10,Cochin,0,5704
Jet Airways,9/06/2019,Kolkata,18:55,Banglore,0,14571
IndiGo,21/06/2019,Banglore,20:00,Delhi,0,4823
Vistara,1/04/2019,Kolkata,17:00,Banglore,0,9187
Jet Airways,27/06/2019,Delhi,09:00,Cochin,0,10262
Jet Airways,9/06/2019,Delhi,09:40,Cochin,0,10368
Jet Airways,18/05/2019,Kolkata,05:45,Banglore,0,10844
Jet Airways,6/05/2019,Kolkata,08:25,Banglore,0,14781
Jet Airways,6/06/2019,Kolkata,20:00,Banglore,0,8586
Air India,21/06/2019,Banglore,17:00,Delhi,0,7171
IndiGo,9/06/2019,Banglore,01:30,Delhi,0,4077
Multiple carriers,9/03/2019,Delhi,00:20,Cochin,0,13977
SpiceJet,3/06/2019,Chennai,09:45,Kolkata,0,3859
Jet Airways,27/06/2019,Delhi,18:15,Cochin,0,10262
Jet Airways,21/05/2019,Kolkata,21:10,Banglore,0,14781
Jet Airways,24/05/2019,Banglore,07:10,Delhi,0,7229
IndiGo,18/05/2019,Delhi,14:20,Cochin,0,7640
Jet Airways,3/03/2019,Delhi,05:25,Cochin,0,20064
SpiceJet,24/06/2019,Delhi,15:45,Cochin,0,5583
Multiple carriers,15/06/2019,Delhi,08:30,Cochin,0,8937
GoAir,9/06/2019,Banglore,07:45,Delhi,0,3898
IndiGo,12/06/2019,Mumbai,12:00,Hyderabad,0,2754
Air India,21/04/2019,Delhi,20:30,Cochin,0,7258
IndiGo,9/06/2019,Kolkata,14:25,Banglore,0,5644
Jet Airways,27/05/2019,Delhi,16:00,Cochin,0,16079
SpiceJet,1/05/2019,Kolkata,17:10,Banglore,0,3841
Multiple carriers,6/06/2019,Delhi,06:00,Cochin,0,7005
Jet Airways,06/03/2019,Banglore,14:05,New Delhi,0,19225
Air India,9/05/2019,Delhi,05:00,Cochin,0,9653
IndiGo,15/06/2019,Delhi,02:00,Cochin,0,5636
Multiple carriers,15/06/2019,Delhi,09:15,Cochin,0,9359
Air India,9/05/2019,Kolkata,10:00,Banglore,0,14424
Vistara,6/06/2019,Kolkata,17:00,Banglore,0,8452
Air India,9/05/2019,Kolkata,16:50,Banglore,0,11432
IndiGo,1/05/2019,Kolkata,22:15,Banglore,0,4804
Multiple carriers,6/03/2019,Delhi,07:10,Cochin,0,7563
IndiGo,24/03/2019,Banglore,23:30,New Delhi,0,6860
Air Asia,24/03/2019,Banglore,05:50,New Delhi,0,3383
Air India,15/05/2019,Delhi,13:05,Cochin,0,10975
Jet Airways,1/04/2019,Delhi,10:00,Cochin,0,5406
Air India,6/03/2019,Mumbai,12:45,Hyderabad,0,13253
Multiple carriers,21/03/2019,Delhi,13:00,Cochin,0,7618
Multiple carriers,9/05/2019,Delhi,18:15,Cochin,0,15078
IndiGo,21/05/2019,Kolkata,17:15,Banglore,0,4804
Multiple carriers,15/06/2019,Delhi,07:30,Cochin,0,10877
Vistara,27/06/2019,Chennai,07:05,Kolkata,0,3687
IndiGo,27/04/2019,Delhi,21:50,Cochin,0,6307
Jet Airways,27/06/2019,Delhi,22:50,Cochin,0,10262
Vistara,6/06/2019,Delhi,06:00,Cochin,0,6216
Jet Airways,1/06/2019,Delhi,22:50,Cochin,0,14714
IndiGo,09/03/2019,Banglore,11:20,New Delhi,0,5746
IndiGo,9/04/2019,Delhi,06:40,Cochin,0,6093
Air India,9/05/2019,Delhi,22:00,Cochin,0,10441
Jet Airways,9/05/2019,Kolkata,08:25,Banglore,0,9663
Multiple carriers,18/05/2019,Delhi,15:05,Cochin,0,16840
Jet Airways,1/06/2019,Delhi,13:00,Cochin,0,10262
Multiple carriers,6/06/2019,Delhi,08:00,Cochin,0,13587
IndiGo,6/03/2019,Chennai,13:20,Kolkata,0,7295
Multiple carriers Premium economy,21/03/2019,Delhi,07:30,Cochin,0,9845
Multiple carriers,6/03/2019,Delhi,07:30,Cochin,0,15353
Vistara,24/04/2019,Banglore,17:00,Delhi,0,5613
Jet Airways,21/04/2019,Banglore,18:55,Delhi,0,4544
Jet Airways,15/06/2019,Delhi,09:35,Cochin,0,13292
IndiGo,24/06/2019,Delhi,07:35,Cochin,0,6442
Jet Airways,15/03/2019,Banglore,11:40,New Delhi,0,9134
IndiGo,6/06/2019,Banglore,07:10,Delhi,0,4823
Air India,18/05/2019,Kolkata,19:00,Banglore,0,6327
Air India,12/06/2019,Delhi,07:10,Cochin,0,12488
SpiceJet,24/06/2019,Kolkata,06:55,Banglore,0,3873
Air India,12/03/2019,Banglore,08:50,New Delhi,0,12725
Jet Airways,9/04/2019,Delhi,13:25,Cochin,0,9483
IndiGo,18/04/2019,Banglore,21:15,Delhi,0,4591
Multiple carriers,15/05/2019,Delhi,03:50,Cochin,0,10197
IndiGo,15/03/2019,Mumbai,21:20,Hyderabad,0,2754
Air India,9/03/2019,Delhi,19:45,Cochin,0,11701
Jet Airways,1/04/2019,Mumbai,02:55,Hyderabad,0,5678
IndiGo,21/05/2019,Banglore,10:10,Delhi,0,3943
Air India,21/04/2019,Banglore,13:20,Delhi,0,6121
Air Asia,12/06/2019,Kolkata,10:20,Banglore,0,3807
Vistara,9/06/2019,Kolkata,17:00,Banglore,0,9187
Air India,9/06/2019,Kolkata,05:50,Banglore,0,11201
Jet Airways,12/05/2019,Kolkata,20:25,Banglore,0,13067
Vistara,1/05/2019,Kolkata,20:20,Banglore,0,8610
Jet Airways,12/06/2019,Delhi,14:35,Cochin,0,10919
Jet Airways,12/06/2019,Delhi,20:55,Cochin,0,10262
Jet Airways,15/06/2019,Delhi,09:40,Cochin,0,10368
Jet Airways,27/05/2019,Delhi,02:15,Cochin,0,10152
Air India,6/06/2019,Delhi,13:15,Cochin,0,10939
Jet Airways,6/05/2019,Kolkata,20:25,Banglore,0,8066
Multiple carriers,1/06/2019,Delhi,03:50,Cochin,0,12192
Air India,9/06/2019,Kolkata,09:25,Banglore,0,11542
Jet Airways,01/03/2019,Banglore,05:45,New Delhi,0,26890
Jet Airways,1/04/2019,Kolkata,18:55,Banglore,0,7064
IndiGo,27/04/2019,Kolkata,17:15,Banglore,0,4804
Jet Airways,3/06/2019,Delhi,16:00,Cochin,0,14714
Jet Airways,12/05/2019,Kolkata,09:35,Banglore,0,14151
IndiGo,18/05/2019,Kolkata,14:25,Banglore,0,5224
GoAir,15/05/2019,Delhi,14:25,Cochin,0,10188
IndiGo,12/06/2019,Kolkata,06:20,Banglore,0,4226
IndiGo,21/03/2019,Delhi,08:25,Cochin,0,8285
Jet Airways,09/03/2019,Banglore,05:45,New Delhi,0,9134
Jet Airways,27/05/2019,Delhi,23:05,Cochin,0,15129
Vistara,6/04/2019,Banglore,17:00,Delhi,0,5613
Multiple carriers,6/05/2019,Delhi,10:20,Cochin,0,9794
Jet Airways,12/06/2019,Kolkata,06:30,Banglore,0,8529
Multiple carriers,3/03/2019,Delhi,06:40,Cochin,0,15135
Jet Airways,21/04/2019,Banglore,17:45,Delhi,0,4544
Jet Airways,27/03/2019,Mumbai,10:20,Hyderabad,0,8040
Multiple carriers,15/05/2019,Delhi,10:00,Cochin,0,13727
SpiceJet,24/03/2019,Kolkata,11:15,Banglore,0,12287
Multiple carriers,9/05/2019,Delhi,13:00,Cochin,0,13727
Jet Airways,6/05/2019,Kolkata,09:35,Banglore,0,13067
Multiple carriers,15/06/2019,Delhi,07:10,Cochin,0,6093
Air India,6/03/2019,Mumbai,19:00,Hyderabad,0,12308
IndiGo,21/03/2019,Delhi,14:30,Cochin,0,5406
Jet Airways,21/05/2019,Delhi,18:15,Cochin,0,12898
Air India,27/04/2019,Kolkata,20:45,Banglore,0,4145
Air Asia,6/06/2019,Kolkata,19:55,Banglore,0,6857
SpiceJet,9/03/2019,Kolkata,09:00,Banglore,0,5515
Air India,9/05/2019,Delhi,05:15,Cochin,0,6587
Air India,1/05/2019,Chennai,11:40,Kolkata,0,4667
Multiple carriers,27/05/2019,Delhi,08:30,Cochin,0,9149
SpiceJet,27/06/2019,Kolkata,09:00,Banglore,0,3873
IndiGo,15/06/2019,Banglore,07:10,Delhi,0,4823
Jet Airways,15/03/2019,Mumbai,19:35,Hyderabad,0,5678
Vistara,3/04/2019,Banglore,07:00,Delhi,0,5403
Vistara,09/03/2019,Banglore,06:40,New Delhi,0,10008
Air Asia,6/06/2019,Delhi,16:45,Cochin,0,11410
SpiceJet,24/05/2019,Mumbai,05:45,Hyderabad,0,2017
Air India,15/05/2019,Kolkata,09:25,Banglore,0,14687
Air Asia,12/03/2019,Kolkata,22:50,Banglore,0,4082
Air India,21/06/2019,Banglore,13:20,Delhi,0,6961
Vistara,12/06/2019,Kolkata,07:10,Banglore,0,8452
Jet Airways,1/04/2019,Banglore,18:55,Delhi,0,4544
IndiGo,27/06/2019,Delhi,21:50,Cochin,0,5775
Jet Airways,24/03/2019,Kolkata,06:30,Banglore,0,13339
Jet Airways,24/05/2019,Kolkata,14:05,Banglore,0,13731
Vistara,1/04/2019,Banglore,21:00,Delhi,0,5403
IndiGo,24/05/2019,Banglore,01:30,Delhi,0,3419
Multiple carriers,27/06/2019,Delhi,11:40,Cochin,0,5797
Multiple carriers,9/03/2019,Delhi,06:00,Cochin,0,14408
Air India,06/03/2019,Banglore,12:00,New Delhi,0,14195
Jet Airways,18/05/2019,Delhi,14:00,Cochin,0,15554
IndiGo,15/03/2019,Banglore,16:55,New Delhi,0,5397
Jet Airways,21/05/2019,Delhi,19:15,Cochin,0,16079
Air India,24/06/2019,Delhi,16:55,Cochin,0,13381
Air India,24/05/2019,Mumbai,19:30,Hyderabad,0,3625
Air India,27/05/2019,Delhi,20:15,Cochin,0,13381
Air India,18/03/2019,Banglore,08:50,New Delhi,0,10783
Air India,09/03/2019,Banglore,13:20,New Delhi,0,8851
Air India,24/05/2019,Kolkata,20:45,Banglore,0,4145
Jet Airways,21/03/2019,Delhi,13:55,Cochin,0,8728
Vistara,9/04/2019,Banglore,07:00,Delhi,0,5403
IndiGo,18/03/2019,Kolkata,17:15,Banglore,0,4462
Jet Airways,3/06/2019,Banglore,19:50,Delhi,0,8016
Air India,6/06/2019,Kolkata,17:30,Banglore,0,10413
Air India,18/04/2019,Delhi,05:10,Cochin,0,6094
IndiGo,18/06/2019,Kolkata,04:40,Banglore,0,4804
IndiGo,24/06/2019,Chennai,19:35,Kolkata,0,3597
Jet Airways,21/03/2019,Banglore,18:40,New Delhi,0,7832
Multiple carriers,1/06/2019,Delhi,12:50,Cochin,0,6795
IndiGo,1/06/2019,Chennai,14:45,Kolkata,0,3597
Multiple carriers,27/06/2019,Delhi,11:40,Cochin,0,6007
Jet Airways,9/05/2019,Kolkata,09:35,Banglore,0,14151
Jet Airways,27/03/2019,Delhi,19:10,Cochin,0,8456
Vistara,24/04/2019,Delhi,14:40,Cochin,0,6216
GoAir,03/03/2019,Banglore,07:45,New Delhi,0,7222
Jet Airways,18/05/2019,Delhi,20:55,Cochin,0,15554
SpiceJet,15/04/2019,Delhi,17:55,Cochin,0,5221
Jet Airways,21/05/2019,Delhi,05:30,Cochin,0,15129
Multiple carriers,21/03/2019,Delhi,07:10,Cochin,0,5999
Air India,9/04/2019,Delhi,07:00,Cochin,0,6674
Air India,9/04/2019,Delhi,20:30,Cochin,0,5683
SpiceJet,12/05/2019,Chennai,08:20,Kolkata,0,3597
SpiceJet,18/03/2019,Banglore,05:45,New Delhi,0,4273
Jet Airways,15/06/2019,Delhi,09:40,Cochin,0,10368
Multiple carriers,9/05/2019,Delhi,15:05,Cochin,0,18191
Air India,6/06/2019,Kolkata,14:30,Banglore,0,15894
Jet Airways,27/03/2019,Mumbai,15:50,Hyderabad,0,5678
Jet Airways,12/06/2019,Mumbai,10:20,Hyderabad,0,4995
Jet Airways,21/03/2019,Delhi,19:10,Cochin,0,8834
Multiple carriers,24/06/2019,Delhi,03:50,Cochin,0,12192
SpiceJet,24/04/2019,Kolkata,22:20,Banglore,0,3873
GoAir,3/03/2019,Delhi,14:10,Cochin,0,22794
Multiple carriers,21/03/2019,Delhi,13:00,Cochin,0,13062
Multiple carriers,15/05/2019,Delhi,07:10,Cochin,0,6513
IndiGo,09/03/2019,Banglore,20:00,New Delhi,0,6144
Vistara,9/06/2019,Kolkata,20:20,Banglore,0,8610
Jet Airways,06/03/2019,Banglore,05:45,New Delhi,0,16736
Air Asia,1/06/2019,Banglore,11:10,Delhi,0,4483
Air India,6/06/2019,Delhi,05:00,Cochin,0,9653
Jet Airways,27/06/2019,Delhi,09:40,Cochin,0,13014
SpiceJet,21/05/2019,Mumbai,13:15,Hyderabad,0,2017
Jet Airways,1/05/2019,Kolkata,06:30,Banglore,0,9663
Jet Airways,24/03/2019,Kolkata,13:55,Banglore,0,11134
IndiGo,24/03/2019,Kolkata,05:35,Banglore,0,9319
SpiceJet,09/03/2019,Banglore,10:20,New Delhi,0,7294
Multiple carriers,6/03/2019,Delhi,13:00,Cochin,0,15136
Jet Airways,15/04/2019,Delhi,11:30,Cochin,0,6542
Vistara,15/05/2019,Delhi,06:00,Cochin,0,6216
Jet Airways,27/05/2019,Delhi,09:40,Cochin,0,13029
Air India,15/03/2019,Banglore,06:55,New Delhi,0,7932
Jet Airways,21/03/2019,Delhi,19:45,Cochin,0,5406
Air India,21/05/2019,Delhi,14:05,Cochin,0,6094
IndiGo,18/04/2019,Banglore,08:30,Delhi,0,5740
SpiceJet,3/06/2019,Chennai,08:20,Kolkata,0,3597
Jet Airways,27/06/2019,Delhi,13:25,Cochin,0,12819
IndiGo,27/04/2019,Delhi,05:35,Cochin,0,6015
Multiple carriers,21/03/2019,Delhi,10:45,Cochin,0,11622
Jet Airways,1/06/2019,Delhi,02:15,Cochin,0,10262
Air India,27/03/2019,Delhi,05:15,Cochin,0,7165
Jet Airways,24/05/2019,Delhi,23:05,Cochin,0,15129
Jet Airways,1/06/2019,Delhi,22:50,Cochin,0,10262
Jet Airways,1/03/2019,Mumbai,07:10,Hyderabad,0,17501
Jet Airways,27/06/2019,Delhi,05:30,Cochin,0,13014
Air India,24/05/2019,Kolkata,09:50,Banglore,0,7662
IndiGo,24/06/2019,Delhi,14:20,Cochin,0,5000
Jet Airways,6/05/2019,Kolkata,21:10,Banglore,0,13584
Air India,9/04/2019,Delhi,22:00,Cochin,0,8341
Jet Airways,01/03/2019,Banglore,07:00,New Delhi,0,27992
Air India,6/06/2019,Delhi,05:15,Cochin,0,10703
Air India,6/05/2019,Kolkata,09:25,Banglore,0,8891
Air India,6/03/2019,Mumbai,06:00,Hyderabad,0,14219
Jet Airways,9/06/2019,Kolkata,08:25,Banglore,0,13731
SpiceJet,12/06/2019,Banglore,09:30,Delhi,0,4319
Multiple carriers,15/06/2019,Delhi,11:25,Cochin,0,8614
IndiGo,12/06/2019,Delhi,17:30,Cochin,0,6104
Multiple carriers,24/06/2019,Delhi,10:20,Cochin,0,10791
Jet Airways,27/05/2019,Delhi,21:50,Cochin,0,16079
Jet Airways,24/03/2019,Kolkata,13:55,Banglore,0,11134
IndiGo,6/03/2019,Kolkata,20:25,Banglore,0,4778
Jet Airways,06/03/2019,Banglore,05:45,New Delhi,0,22270
Vistara,24/05/2019,Banglore,21:00,Delhi,0,5613
Jet Airways,1/05/2019,Kolkata,06:30,Banglore,0,9663
IndiGo,03/03/2019,Banglore,10:05,New Delhi,0,7648
IndiGo,21/06/2019,Banglore,08:30,Delhi,0,4823
Vistara,6/05/2019,Kolkata,17:00,Banglore,0,8085
Air India,01/03/2019,Banglore,08:50,New Delhi,0,17135
Multiple carriers,27/05/2019,Delhi,17:00,Cochin,0,7198
Jet Airways,24/06/2019,Delhi,05:30,Cochin,0,13292
Multiple carriers,9/05/2019,Delhi,07:30,Cochin,0,9794
Jet Airways,6/03/2019,Delhi,05:30,Cochin,0,15864
Jet Airways,6/06/2019,Kolkata,06:30,Banglore,0,13731
Jet Airways,3/04/2019,Banglore,18:55,Delhi,0,4544
IndiGo,15/05/2019,Kolkata,04:40,Banglore,0,4804
SpiceJet,15/06/2019,Kolkata,14:55,Banglore,0,3873
Multiple carriers,9/06/2019,Delhi,11:35,Cochin,0,15629
Jet Airways,06/03/2019,Banglore,05:45,New Delhi,0,16736
Jet Airways,1/05/2019,Mumbai,02:55,Hyderabad,0,5678
Jet Airways,27/06/2019,Mumbai,02:55,Hyderabad,0,5678
Jet Airways,12/05/2019,Kolkata,09:35,Banglore,0,14151
Air India,18/05/2019,Delhi,05:00,Cochin,0,11228
Air India,9/05/2019,Kolkata,16:45,Banglore,0,7662
IndiGo,21/05/2019,Banglore,22:10,Delhi,0,3625
Air India,6/06/2019,Kolkata,16:45,Banglore,0,7662
Multiple carriers,27/03/2019,Delhi,07:05,Cochin,0,12537
IndiGo,15/06/2019,Delhi,06:50,Cochin,0,5298
Air India,9/06/2019,Delhi,17:40,Cochin,0,7384
IndiGo,27/05/2019,Banglore,16:55,Delhi,0,4823
Jet Airways,01/03/2019,Banglore,22:50,New Delhi,0,26890
Jet Airways,1/05/2019,Mumbai,10:20,Hyderabad,0,8040
Air India,24/05/2019,Kolkata,20:30,Banglore,0,10413
Vistara,18/05/2019,Kolkata,07:10,Banglore,0,9345
Jet Airways,9/06/2019,Delhi,15:00,Cochin,0,10262
Jet Airways,15/06/2019,Banglore,18:55,Delhi,0,8016
Jet Airways,21/03/2019,Banglore,14:05,New Delhi,0,7832
Multiple carriers,27/06/2019,Delhi,19:00,Cochin,0,6795
Jet Airways,15/06/2019,Delhi,23:05,Cochin,0,15339
Multiple carriers,12/06/2019,Delhi,14:00,Cochin,0,13587
GoAir,27/05/2019,Banglore,07:45,Delhi,0,3419
Air India,15/06/2019,Delhi,03:50,Cochin,0,9929
IndiGo,6/04/2019,Kolkata,06:15,Banglore,0,4226
Air India,24/03/2019,Kolkata,09:25,Banglore,0,11774
IndiGo,1/06/2019,Banglore,10:30,Delhi,0,3943
Air India,18/05/2019,Kolkata,09:25,Banglore,0,8576
Vistara,03/03/2019,Banglore,21:10,New Delhi,0,7608
Jet Airways,21/03/2019,Delhi,10:20,Cochin,0,11664
IndiGo,21/04/2019,Kolkata,09:35,Banglore,0,4804
IndiGo,15/05/2019,Banglore,01:30,Delhi,0,3419
Jet Airways,18/05/2019,Kolkata,09:35,Banglore,0,13067
Air Asia,21/06/2019,Kolkata,19:55,Banglore,0,4107
Air India,21/05/2019,Kolkata,14:35,Banglore,0,6528
Air India,24/03/2019,Kolkata,09:10,Banglore,0,15187
IndiGo,3/04/2019,Banglore,18:55,Delhi,0,4823
IndiGo,3/05/2019,Mumbai,20:05,Hyderabad,0,2754
Air Asia,1/06/2019,Delhi,16:45,Cochin,0,11410
Vistara,6/05/2019,Kolkata,17:00,Banglore,0,8137
Multiple carriers Premium economy,21/03/2019,Delhi,08:55,Cochin,0,10161
Jet Airways,1/05/2019,Banglore,18:55,Delhi,0,7229
Jet Airways,24/05/2019,Kolkata,20:25,Banglore,0,14151
Jet Airways,06/03/2019,Banglore,14:05,New Delhi,0,13502
Jet Airways,6/06/2019,Delhi,05:30,Cochin,0,10368
Vistara,01/03/2019,Banglore,21:10,New Delhi,0,21730
Jet Airways,6/03/2019,Delhi,11:30,Cochin,0,17024
Jet Airways,6/03/2019,Delhi,09:55,Cochin,0,15764
Air India,18/04/2019,Banglore,17:00,Delhi,0,6121
IndiGo,24/06/2019,Delhi,09:15,Cochin,0,6628
Jet Airways,18/05/2019,Kolkata,08:25,Banglore,0,10844
SpiceJet,15/05/2019,Mumbai,22:45,Hyderabad,0,1965
IndiGo,18/06/2019,Chennai,22:05,Kolkata,0,5277
IndiGo,9/06/2019,Delhi,07:35,Cochin,0,6442
IndiGo,21/03/2019,Kolkata,15:10,Banglore,0,4148
Jet Airways,21/05/2019,Delhi,13:25,Cochin,0,15129
Multiple carriers,15/06/2019,Delhi,13:00,Cochin,0,7198
Jet Airways,24/03/2019,Kolkata,06:30,Banglore,0,8824
Jet Airways,9/05/2019,Kolkata,17:00,Banglore,0,8066
Multiple carriers,6/03/2019,Delhi,07:05,Cochin,0,17267
Jet Airways,21/05/2019,Kolkata,21:10,Banglore,0,10844
Jet Airways,12/03/2019,Banglore,20:35,New Delhi,0,11087
IndiGo,12/06/2019,Delhi,14:25,Cochin,0,5601
SpiceJet,21/06/2019,Kolkata,17:10,Banglore,0,3873
IndiGo,3/06/2019,Delhi,15:00,Cochin,0,6104
Jet Airways,15/06/2019,Delhi,17:30,Cochin,0,10262
Jet Airways,6/06/2019,Kolkata,18:55,Banglore,0,13374
Jet Airways,18/05/2019,Kolkata,17:00,Banglore,0,14151
Multiple carriers,24/06/2019,Delhi,09:00,Cochin,0,12927
SpiceJet,18/05/2019,Kolkata,11:15,Banglore,0,10944
Vistara,12/05/2019,Banglore,09:45,Delhi,0,4668
IndiGo,15/03/2019,Mumbai,12:00,Hyderabad,0,3175
Air India,6/05/2019,Kolkata,16:50,Banglore,0,12434
Jet Airways,9/05/2019,Kolkata,17:00,Banglore,0,10624
Air India,15/03/2019,Banglore,08:15,New Delhi,0,8534
IndiGo,3/03/2019,Chennai,13:20,Kolkata,0,7295
IndiGo,24/06/2019,Kolkata,15:30,Banglore,0,4804
Air India,15/03/2019,Banglore,11:50,New Delhi,0,6982
Jet Airways,3/06/2019,Delhi,19:45,Cochin,0,14714
Vistara,21/03/2019,Banglore,09:50,New Delhi,0,4878
SpiceJet,24/03/2019,Kolkata,09:00,Banglore,0,5201
Air Asia,3/06/2019,Kolkata,22:50,Banglore,0,4409
Jet Airways,12/06/2019,Kolkata,14:05,Banglore,0,13626
IndiGo,3/06/2019,Delhi,10:35,Cochin,0,5883
Air India,21/06/2019,Mumbai,15:00,Hyderabad,0,3100
IndiGo,27/06/2019,Delhi,11:25,Cochin,0,5684
IndiGo,6/06/2019,Delhi,18:35,Cochin,0,6628
Air India,9/03/2019,Kolkata,14:15,Banglore,0,4960
Air Asia,15/03/2019,Kolkata,22:50,Banglore,0,3782
Jet Airways,12/05/2019,Kolkata,21:10,Banglore,0,14388
Vistara,09/03/2019,Banglore,07:00,New Delhi,0,7975
Multiple carriers,15/06/2019,Delhi,18:15,Cochin,0,13377
IndiGo,24/05/2019,Banglore,08:30,Delhi,0,4823
IndiGo,3/06/2019,Mumbai,21:20,Hyderabad,0,2227
IndiGo,24/06/2019,Banglore,16:55,Delhi,0,4823
Jet Airways,1/04/2019,Kolkata,20:25,Banglore,0,11467
SpiceJet,27/05/2019,Banglore,05:55,Delhi,0,3257
IndiGo,9/04/2019,Kolkata,19:55,Banglore,0,4226
Air India,24/06/2019,Delhi,10:55,Cochin,0,11753
Jet Airways,18/03/2019,Banglore,08:00,New Delhi,0,12284
Jet Airways,12/06/2019,Delhi,17:30,Cochin,0,10262
IndiGo,24/04/2019,Delhi,05:05,Cochin,0,6171
Jet Airways,12/03/2019,Banglore,08:55,New Delhi,0,13817
Jet Airways,24/03/2019,Kolkata,13:55,Banglore,0,10661
IndiGo,3/06/2019,Delhi,16:00,Cochin,0,6628
IndiGo,27/06/2019,Delhi,08:35,Cochin,0,6442
Air India,12/04/2019,Banglore,21:05,Delhi,0,5911
SpiceJet,12/06/2019,Kolkata,08:35,Banglore,0,7189
Multiple carriers,3/06/2019,Delhi,08:45,Cochin,0,9001
Jet Airways,6/03/2019,Mumbai,14:00,Hyderabad,0,19595
IndiGo,27/05/2019,Delhi,14:25,Cochin,0,6015
IndiGo,21/04/2019,Banglore,21:15,Delhi,0,4423
Air Asia,6/03/2019,Kolkata,19:35,Banglore,0,4384
SpiceJet,3/04/2019,Mumbai,05:45,Hyderabad,0,1965
Jet Airways,9/06/2019,Delhi,09:40,Cochin,0,13014
Vistara,1/04/2019,Kolkata,20:20,Banglore,0,7927
IndiGo,21/03/2019,Delhi,06:40,Cochin,0,6558
Jet Airways,21/03/2019,Delhi,05:30,Cochin,0,9328
IndiGo,27/04/2019,Kolkata,11:30,Banglore,0,4804
Air India,03/03/2019,Banglore,11:05,New Delhi,0,11791
Jet Airways,9/05/2019,Delhi,22:50,Cochin,0,15554
Jet Airways,6/03/2019,Delhi,18:15,Cochin,0,17024
Air India,12/05/2019,Kolkata,12:00,Banglore,0,10991
Multiple carriers,6/05/2019,Delhi,09:00,Cochin,0,10407
IndiGo,24/03/2019,Chennai,22:05,Kolkata,0,5277
Jet Airways,27/05/2019,Delhi,13:00,Cochin,0,12898
SpiceJet,6/05/2019,Mumbai,22:45,Hyderabad,0,2175
GoAir,3/04/2019,Banglore,20:55,Delhi,0,4239
Air India,1/05/2019,Kolkata,10:00,Banglore,0,15164
Jet Airways,12/05/2019,Kolkata,18:55,Banglore,0,10844
IndiGo,6/04/2019,Banglore,16:55,Delhi,0,4823
Multiple carriers,21/03/2019,Delhi,08:25,Cochin,0,8601
Jet Airways,6/06/2019,Delhi,21:50,Cochin,0,14714
IndiGo,27/05/2019,Delhi,06:40,Cochin,0,6526
IndiGo,21/03/2019,Delhi,06:40,Cochin,0,6494
Jet Airways,6/06/2019,Delhi,02:15,Cochin,0,14714
IndiGo,21/05/2019,Kolkata,22:15,Banglore,0,4804
Jet Airways,21/05/2019,Kolkata,21:10,Banglore,0,13941
Jet Airways,6/06/2019,Kolkata,09:35,Banglore,0,14151
Jet Airways,21/03/2019,Banglore,08:55,New Delhi,0,7832
Multiple carriers,21/03/2019,Delhi,09:10,Cochin,0,8601
Jet Airways,3/06/2019,Delhi,18:15,Cochin,0,10262
IndiGo,3/03/2019,Delhi,08:35,Cochin,0,8049
Air India,24/03/2019,Banglore,21:10,New Delhi,0,4441
Air India,12/06/2019,Delhi,21:00,Cochin,0,8372
Air India,3/05/2019,Banglore,06:10,Delhi,0,5228
Jet Airways,27/03/2019,Delhi,05:10,Cochin,0,9412
Multiple carriers,6/06/2019,Delhi,07:30,Cochin,0,9001
Jet Airways,12/03/2019,Banglore,08:55,New Delhi,0,13817
IndiGo,3/05/2019,Banglore,18:25,Delhi,0,4823
Air India,12/05/2019,Kolkata,12:00,Banglore,0,10676
IndiGo,3/06/2019,Kolkata,20:25,Banglore,0,4804
Jet Airways,21/05/2019,Delhi,23:05,Cochin,0,15129
Air India,6/06/2019,Kolkata,10:00,Banglore,0,12009
IndiGo,6/06/2019,Banglore,04:00,Delhi,0,3943
SpiceJet,1/05/2019,Kolkata,09:00,Banglore,0,4174
IndiGo,27/06/2019,Delhi,06:40,Cochin,0,6093
Multiple carriers,18/05/2019,Delhi,11:25,Cochin,0,7997
Jet Airways,9/06/2019,Delhi,11:40,Cochin,0,15812
SpiceJet,12/05/2019,Kolkata,15:05,Banglore,0,4649
SpiceJet,6/05/2019,Kolkata,11:15,Banglore,0,9736
Jet Airways,06/03/2019,Banglore,08:55,New Delhi,0,16736
Jet Airways,21/03/2019,Mumbai,19:35,Hyderabad,0,2228
Jet Airways,3/06/2019,Delhi,19:30,Cochin,0,10368
Multiple carriers,24/06/2019,Delhi,10:00,Cochin,0,12717
Jet Airways,24/06/2019,Delhi,06:45,Cochin,0,13376
Air Asia,18/04/2019,Kolkata,22:50,Banglore,0,4409
Vistara,3/06/2019,Banglore,17:00,Delhi,0,4878
IndiGo,18/04/2019,Banglore,00:30,Delhi,0,4423
Air India,09/03/2019,Banglore,17:00,New Delhi,0,9292
IndiGo,9/05/2019,Kolkata,15:15,Banglore,0,4565
GoAir,9/06/2019,Delhi,05:55,Cochin,0,5199
IndiGo,21/04/2019,Banglore,18:25,Delhi,0,4823
Jet Airways,01/03/2019,Banglore,08:55,New Delhi,0,26890
Air Asia,1/04/2019,Kolkata,19:55,Banglore,0,3807
Jet Airways,12/03/2019,Banglore,05:45,New Delhi,0,13817
Jet Airways,15/06/2019,Mumbai,19:35,Hyderabad,0,3210
SpiceJet,27/05/2019,Mumbai,22:45,Hyderabad,0,2017
Air India,12/05/2019,Kolkata,19:00,Banglore,0,6327
Jet Airways,12/03/2019,Banglore,21:25,New Delhi,0,13817
Jet Airways,12/06/2019,Kolkata,16:30,Banglore,0,13626
Jet Airways,1/05/2019,Kolkata,09:35,Banglore,0,9314
Air India,18/05/2019,Delhi,05:10,Cochin,0,6934
Air India,6/05/2019,Kolkata,20:30,Banglore,0,10203
Air India,24/03/2019,Chennai,11:40,Kolkata,0,4405
Air India,12/06/2019,Mumbai,21:05,Hyderabad,0,3100
Jet Airways,6/06/2019,Kolkata,08:25,Banglore,0,14571
Multiple carriers,9/06/2019,Delhi,19:00,Cochin,0,7530
Jet Airways,15/06/2019,Delhi,19:15,Cochin,0,10262
Jet Airways,9/06/2019,Kolkata,06:30,Banglore,0,14571
Air India,15/05/2019,Chennai,11:40,Kolkata,0,4667
IndiGo,21/04/2019,Delhi,05:35,Cochin,0,6015
SpiceJet,3/05/2019,Kolkata,22:20,Banglore,0,3873
Air India,9/06/2019,Kolkata,09:50,Banglore,0,7662
IndiGo,21/05/2019,Mumbai,02:35,Hyderabad,0,2754
Vistara,15/04/2019,Banglore,19:30,Delhi,0,5613
Air India,3/03/2019,Delhi,05:55,Cochin,0,13748
Air India,9/06/2019,Delhi,05:00,Cochin,0,10756
IndiGo,9/05/2019,Delhi,17:05,Cochin,0,6027
Vistara,12/05/2019,Kolkata,07:10,Banglore,0,8820
Jet Airways,9/06/2019,Delhi,02:15,Cochin,0,10262
GoAir,21/06/2019,Banglore,20:55,Delhi,0,3898
Jet Airways,21/05/2019,Delhi,20:55,Cochin,0,16079
IndiGo,21/03/2019,Delhi,06:40,Cochin,0,10208
IndiGo,24/06/2019,Kolkata,09:35,Banglore,0,4804
IndiGo,6/06/2019,Chennai,05:15,Kolkata,0,3540
Multiple carriers,9/06/2019,Delhi,07:10,Cochin,0,6513
Jet Airways,9/03/2019,Delhi,17:25,Cochin,0,11848
Jet Airways,24/03/2019,Banglore,19:55,New Delhi,0,8016
SpiceJet,15/03/2019,Mumbai,22:45,Hyderabad,0,2647
SpiceJet,15/03/2019,Banglore,05:45,New Delhi,0,5469
Jet Airways,24/03/2019,Kolkata,13:55,Banglore,0,14231
IndiGo,24/03/2019,Banglore,21:20,New Delhi,0,5694
Vistara,15/04/2019,Delhi,06:00,Cochin,0,6216
SpiceJet,6/04/2019,Kolkata,14:55,Banglore,0,3841
Jet Airways,9/05/2019,Delhi,11:00,Cochin,0,9564
Multiple carriers,12/06/2019,Delhi,10:00,Cochin,0,12192
Jet Airways,27/05/2019,Delhi,23:05,Cochin,0,16704
Jet Airways,27/06/2019,Banglore,17:45,Delhi,0,7229
Jet Airways,21/05/2019,Kolkata,20:00,Banglore,0,10844
Air India,9/05/2019,Delhi,05:10,Cochin,0,5201
Multiple carriers,27/05/2019,Delhi,07:05,Cochin,0,12717
Air India,12/06/2019,Chennai,11:40,Kolkata,0,4667
IndiGo,3/06/2019,Banglore,06:05,Delhi,0,3943
SpiceJet,15/03/2019,Kolkata,22:20,Banglore,0,3847
Jet Airways,15/03/2019,Mumbai,02:55,Hyderabad,0,2071
Air Asia,9/05/2019,Kolkata,19:55,Banglore,0,5162
Jet Airways,15/03/2019,Banglore,07:00,New Delhi,0,17524
Multiple carriers Premium economy,21/03/2019,Delhi,06:00,Cochin,0,13369
Jet Airways,9/05/2019,Delhi,21:50,Cochin,0,15554
Air Asia,21/05/2019,Kolkata,22:50,Banglore,0,4107
Jet Airways,9/05/2019,Delhi,11:30,Cochin,0,12373
IndiGo,18/06/2019,Banglore,21:15,Delhi,0,3943
Jet Airways,24/05/2019,Kolkata,18:55,Banglore,0,10844
IndiGo,09/03/2019,Banglore,18:55,New Delhi,0,6860
Multiple carriers,27/03/2019,Delhi,11:40,Cochin,0,6953
Jet Airways,9/06/2019,Banglore,17:45,Delhi,0,7229
IndiGo,12/06/2019,Kolkata,14:25,Banglore,0,4804
Jet Airways,21/05/2019,Delhi,19:45,Cochin,0,16079
Jet Airways,15/06/2019,Delhi,18:25,Cochin,0,14237
Multiple carriers,6/06/2019,Delhi,10:35,Cochin,0,10877
Jet Airways,01/03/2019,Banglore,19:55,New Delhi,0,18308
Air India,15/03/2019,Banglore,05:50,New Delhi,0,9796
Jet Airways,18/03/2019,Banglore,16:55,New Delhi,0,13555
Multiple carriers,15/06/2019,Delhi,11:40,Cochin,0,6795
IndiGo,21/03/2019,Banglore,13:40,New Delhi,0,7166
Multiple carriers,15/06/2019,Delhi,15:05,Cochin,0,15965
Jet Airways,24/05/2019,Kolkata,09:35,Banglore,0,14151
GoAir,15/05/2019,Kolkata,23:30,Banglore,0,6945
Jet Airways,24/05/2019,Kolkata,14:05,Banglore,0,9663
Jet Airways,1/04/2019,Kolkata,16:30,Banglore,0,12681
Air India,12/05/2019,Kolkata,20:45,Banglore,0,4880
IndiGo,21/05/2019,Kolkata,21:25,Banglore,0,4804
Multiple carriers,9/06/2019,Delhi,09:00,Cochin,0,12192
IndiGo,24/06/2019,Banglore,18:15,Delhi,0,4823
Jet Airways,18/05/2019,Kolkata,14:05,Banglore,0,10844
Air India,24/05/2019,Kolkata,09:25,Banglore,0,12797
Jet Airways,21/05/2019,Delhi,05:30,Cochin,0,15129
Jet Airways,18/03/2019,Banglore,22:50,New Delhi,0,54826
Multiple carriers,24/06/2019,Delhi,07:30,Cochin,0,10877
Air Asia,6/05/2019,Banglore,11:10,Delhi,0,3383
Jet Airways,27/05/2019,Delhi,05:30,Cochin,0,15129
Jet Airways,6/06/2019,Delhi,09:40,Cochin,0,11733
Jet Airways,9/04/2019,Banglore,11:10,Delhi,0,4544
Air India,15/06/2019,Delhi,09:45,Cochin,0,8907
Air India,24/03/2019,Kolkata,09:25,Banglore,0,12352
IndiGo,12/05/2019,Chennai,13:15,Kolkata,0,3597
Jet Airways,3/06/2019,Delhi,16:00,Cochin,0,14714
Jet Airways,9/05/2019,Kolkata,14:05,Banglore,0,7757
Jet Airways,6/03/2019,Delhi,02:15,Cochin,0,17024
Multiple carriers,12/06/2019,Delhi,17:50,Cochin,0,18275
Air India,21/05/2019,Delhi,05:55,Cochin,0,11543
Air India,1/06/2019,Delhi,20:40,Cochin,0,7480
IndiGo,15/04/2019,Kolkata,09:35,Banglore,0,4174
Jet Airways,3/04/2019,Banglore,17:45,Delhi,0,7229
Air India,9/05/2019,Chennai,11:40,Kolkata,0,4667
Multiple carriers,3/03/2019,Delhi,02:15,Cochin,0,17057
Multiple carriers,12/06/2019,Delhi,07:05,Cochin,0,9646
Jet Airways,3/06/2019,Delhi,19:45,Cochin,0,10262
Jet Airways,1/04/2019,Kolkata,21:10,Banglore,0,13364
Air India,27/03/2019,Delhi,13:20,Cochin,0,10178
Jet Airways,24/05/2019,Kolkata,20:00,Banglore,0,10844
Air India,6/05/2019,Kolkata,05:50,Banglore,0,7662
Air India,01/03/2019,Banglore,05:50,New Delhi,0,13439
SpiceJet,15/04/2019,Kolkata,06:55,Banglore,0,3873
IndiGo,27/04/2019,Banglore,07:10,Delhi,0,4823
Jet Airways,9/06/2019,Delhi,09:40,Cochin,0,13014
Multiple carriers,21/05/2019,Delhi,04:55,Cochin,0,9103
Multiple carriers,3/03/2019,Delhi,08:00,Cochin,0,17057
Jet Airways,12/03/2019,Banglore,18:55,New Delhi,0,13817
Multiple carriers,15/06/2019,Delhi,06:00,Cochin,0,7005
SpiceJet,27/03/2019,Delhi,08:45,Cochin,0,4414
IndiGo,24/04/2019,Delhi,04:55,Cochin,0,6162
SpiceJet,24/06/2019,Chennai,09:45,Kolkata,0,3859
IndiGo,27/05/2019,Banglore,10:10,Delhi,0,3943
Jet Airways,9/06/2019,Delhi,09:25,Cochin,0,13882
IndiGo,1/04/2019,Kolkata,20:20,Banglore,0,4488
Jet Airways,9/06/2019,Kolkata,20:25,Banglore,0,14151
Multiple carriers,15/06/2019,Delhi,07:30,Cochin,0,8614
Air India,15/06/2019,Delhi,21:00,Cochin,0,8372
SpiceJet,1/04/2019,Banglore,09:30,Delhi,0,3971
Air Asia,3/06/2019,Delhi,07:55,Cochin,0,8759
Jet Airways,15/05/2019,Kolkata,16:30,Banglore,0,10844
Air India,15/06/2019,Delhi,17:40,Cochin,0,7384
Jet Airways,9/06/2019,Delhi,05:30,Cochin,0,13292
Jet Airways,9/05/2019,Kolkata,06:30,Banglore,0,13941
GoAir,9/05/2019,Kolkata,16:40,Banglore,0,8777
Jet Airways,21/05/2019,Kolkata,16:30,Banglore,0,14781
Jet Airways,9/06/2019,Kolkata,06:30,Banglore,0,14571
Jet Airways,3/06/2019,Mumbai,07:05,Hyderabad,0,8040
Jet Airways,3/04/2019,Banglore,15:15,Delhi,0,4544
Vistara,24/05/2019,Kolkata,17:00,Banglore,0,9870
Jet Airways,9/05/2019,Delhi,09:00,Cochin,0,15554
IndiGo,24/04/2019,Kolkata,19:35,Banglore,0,4860
IndiGo,24/04/2019,Banglore,00:30,Delhi,0,3419
IndiGo,15/06/2019,Delhi,05:35,Cochin,0,5601
Air India,6/05/2019,Kolkata,16:45,Banglore,0,14120
Air India,01/03/2019,Banglore,06:10,New Delhi,0,15676
Jet Airways,18/05/2019,Delhi,02:15,Cochin,0,15554
IndiGo,24/04/2019,Kolkata,15:15,Banglore,0,4804
IndiGo,21/03/2019,Banglore,10:10,New Delhi,0,4777
Jet Airways,01/03/2019,Banglore,11:40,New Delhi,0,25735
Air India,03/03/2019,Banglore,11:05,New Delhi,0,11444
SpiceJet,3/05/2019,Mumbai,22:45,Hyderabad,0,2227
Jet Airways,9/05/2019,Kolkata,18:55,Banglore,0,13941
IndiGo,3/06/2019,Delhi,14:25,Cochin,0,6015
IndiGo,21/06/2019,Banglore,23:30,Delhi,0,4077
Jet Airways,24/06/2019,Delhi,09:25,Cochin,0,13882
Jet Airways,1/05/2019,Kolkata,09:35,Banglore,0,12384
Multiple carriers,3/06/2019,Delhi,07:00,Cochin,0,7618
Jet Airways,3/06/2019,Delhi,21:25,Cochin,0,13292
Jet Airways,27/06/2019,Delhi,19:30,Cochin,0,13764
Air Asia,9/06/2019,Kolkata,10:20,Banglore,0,5645
IndiGo,15/06/2019,Delhi,08:35,Cochin,0,6442
Jet Airways,18/05/2019,Kolkata,17:00,Banglore,0,14151
IndiGo,1/04/2019,Mumbai,16:55,Hyderabad,0,3175
Multiple carriers,18/05/2019,Delhi,08:00,Cochin,0,10197
GoAir,24/04/2019,Banglore,11:40,Delhi,0,3898
Air India,27/06/2019,Delhi,20:15,Cochin,0,13591
Jet Airways,1/05/2019,Kolkata,20:00,Banglore,0,9663
Jet Airways,21/03/2019,Banglore,14:05,New Delhi,0,7832
Jet Airways,24/06/2019,Delhi,21:25,Cochin,0,10199
Multiple carriers,9/04/2019,Delhi,13:00,Cochin,0,12537
IndiGo,24/05/2019,Kolkata,15:30,Banglore,0,4804
SpiceJet,15/05/2019,Banglore,09:30,Delhi,0,4319
Jet Airways,24/06/2019,Delhi,05:30,Cochin,0,13014
Jet Airways,24/05/2019,Kolkata,18:55,Banglore,0,8586
IndiGo,18/05/2019,Delhi,05:35,Cochin,0,6015
Jet Airways,12/06/2019,Banglore,15:15,Delhi,0,8016
Vistara,24/05/2019,Kolkata,20:20,Banglore,0,9187
IndiGo,24/03/2019,Mumbai,20:05,Hyderabad,0,2227
IndiGo,15/05/2019,Kolkata,18:05,Banglore,0,6218
IndiGo,15/05/2019,Delhi,21:50,Cochin,0,7189
Jet Airways,6/03/2019,Delhi,22:20,Cochin,0,17024
Vistara,27/04/2019,Banglore,17:00,Delhi,0,5613
IndiGo,9/05/2019,Chennai,19:35,Kolkata,0,3597
Jet Airways,01/03/2019,Banglore,22:50,New Delhi,0,31825
Jet Airways,18/05/2019,Kolkata,14:05,Banglore,0,10844
Vistara,3/03/2019,Delhi,06:00,Cochin,0,8001
Jet Airways,18/06/2019,Mumbai,19:35,Hyderabad,0,3210
Jet Airways,24/06/2019,Delhi,14:35,Cochin,0,13376
Air India,21/06/2019,Banglore,21:05,Delhi,0,5228
IndiGo,24/06/2019,Delhi,16:10,Cochin,0,6412
Jet Airways,21/06/2019,Banglore,15:15,Delhi,0,8016
SpiceJet,3/06/2019,Delhi,17:55,Cochin,0,5409
GoAir,12/05/2019,Banglore,20:55,Delhi,0,3419
Multiple carriers,3/06/2019,Delhi,09:45,Cochin,0,9646
Multiple carriers,15/05/2019,Delhi,10:35,Cochin,0,9103
Multiple carriers,9/05/2019,Delhi,17:45,Cochin,0,9021
IndiGo,27/06/2019,Delhi,10:35,Cochin,0,5684
IndiGo,1/03/2019,Mumbai,02:30,Hyderabad,0,16000
IndiGo,15/03/2019,Banglore,07:30,New Delhi,0,6114
IndiGo,27/05/2019,Banglore,00:30,Delhi,0,3419
Air India,6/05/2019,Banglore,17:00,Delhi,0,5228
Multiple carriers,1/06/2019,Delhi,13:00,Cochin,0,7933
Jet Airways,18/03/2019,Banglore,07:00,New Delhi,0,12284
SpiceJet,1/06/2019,Kolkata,17:10,Banglore,0,4174
SpiceJet,18/05/2019,Mumbai,13:15,Hyderabad,0,2227
Jet Airways,9/05/2019,Delhi,09:35,Cochin,0,14657
Jet Airways,9/05/2019,Kolkata,09:35,Banglore,0,13067
IndiGo,3/06/2019,Kolkata,15:15,Banglore,0,4804
IndiGo,21/04/2019,Delhi,05:10,Cochin,0,7074
Jet Airways,24/06/2019,Delhi,07:05,Cochin,0,14924
IndiGo,15/03/2019,Banglore,18:25,New Delhi,0,8855
Air India,27/06/2019,Delhi,17:15,Cochin,0,13039
Jet Airways,3/06/2019,Mumbai,02:55,Hyderabad,0,4050
Vistara,09/03/2019,Banglore,19:40,New Delhi,0,7450
Air India,12/03/2019,Kolkata,14:15,Banglore,0,5747
Air India,21/05/2019,Delhi,20:15,Cochin,0,13381
Jet Airways,12/03/2019,Banglore,22:55,New Delhi,0,13817
IndiGo,15/05/2019,Delhi,17:10,Cochin,0,6979
IndiGo,15/03/2019,Banglore,21:20,New Delhi,0,8033
Jet Airways,24/06/2019,Banglore,11:10,Delhi,0,5769
IndiGo,27/04/2019,Banglore,18:25,Delhi,0,4823
Air India,6/05/2019,Kolkata,05:50,Banglore,0,11883
Jet Airways,9/04/2019,Banglore,11:10,Delhi,0,7229
IndiGo,18/05/2019,Delhi,23:30,Cochin,0,10958
Vistara,21/05/2019,Kolkata,17:00,Banglore,0,9187
Jet Airways,24/06/2019,Delhi,14:35,Cochin,0,13376
Jet Airways,12/05/2019,Kolkata,08:25,Banglore,0,13941
Jet Airways,15/05/2019,Kolkata,09:35,Banglore,0,12384
IndiGo,9/06/2019,Delhi,07:35,Cochin,0,5054
Air India,3/04/2019,Banglore,06:10,Delhi,0,4441
Jet Airways,24/06/2019,Delhi,08:00,Cochin,0,18581
Jet Airways,06/03/2019,Banglore,20:35,New Delhi,0,16736
Air India,27/06/2019,Delhi,12:30,Cochin,0,7480
IndiGo,1/03/2019,Kolkata,20:25,Banglore,0,4778
IndiGo,3/05/2019,Chennai,19:35,Kolkata,0,3597
IndiGo,15/05/2019,Delhi,07:30,Cochin,0,7191
Air India,6/03/2019,Mumbai,20:15,Hyderabad,0,9535
Jet Airways,3/06/2019,Delhi,20:00,Cochin,0,15318
Vistara,6/05/2019,Kolkata,07:10,Banglore,0,8137
IndiGo,21/05/2019,Delhi,08:30,Cochin,0,7318
SpiceJet,27/06/2019,Mumbai,13:15,Hyderabad,0,2017
Jet Airways,24/06/2019,Banglore,07:10,Delhi,0,5769
Air India,1/06/2019,Mumbai,06:20,Hyderabad,0,3100
Jet Airways,1/06/2019,Delhi,14:00,Cochin,0,14714
Air Asia,9/06/2019,Delhi,20:45,Cochin,0,10794
Air India,15/06/2019,Delhi,09:00,Cochin,0,10454
GoAir,27/06/2019,Delhi,07:00,Cochin,0,5281
Jet Airways,6/06/2019,Mumbai,19:35,Hyderabad,0,3210
Jet Airways,21/03/2019,Delhi,19:10,Cochin,0,8834
GoAir,24/06/2019,Banglore,20:55,Delhi,0,3419
Multiple carriers,27/05/2019,Delhi,03:50,Cochin,0,10197
Vistara,15/05/2019,Kolkata,20:20,Banglore,0,8610
Air India,6/06/2019,Delhi,16:40,Cochin,0,9653
Jet Airways,21/03/2019,Delhi,18:20,Cochin,0,12604
Multiple carriers,12/06/2019,Delhi,19:00,Cochin,0,7198
IndiGo,12/03/2019,Mumbai,06:20,Hyderabad,0,4049
Air India,6/05/2019,Kolkata,09:10,Banglore,0,6117
IndiGo,6/04/2019,Kolkata,20:20,Banglore,0,4174
Jet Airways,6/06/2019,Delhi,09:25,Cochin,0,11992
Jet Airways,24/06/2019,Delhi,14:00,Cochin,0,14714
SpiceJet,21/04/2019,Kolkata,22:20,Banglore,0,4911
Jet Airways,9/05/2019,Delhi,20:55,Cochin,0,12373
SpiceJet,21/03/2019,Banglore,10:20,New Delhi,0,7139
Air India,18/05/2019,Delhi,09:45,Cochin,0,10975
SpiceJet,3/06/2019,Banglore,09:30,Delhi,0,3971
Jet Airways,21/05/2019,Delhi,19:45,Cochin,0,12898
Air India,1/05/2019,Kolkata,12:00,Banglore,0,10151
Jet Airways,6/06/2019,Kolkata,09:35,Banglore,0,10539
GoAir,6/04/2019,Delhi,10:35,Cochin,0,5135
GoAir,6/06/2019,Delhi,14:25,Cochin,0,7870
Jet Airways,9/06/2019,Kolkata,06:30,Banglore,0,10844
Air India,12/03/2019,Banglore,06:45,New Delhi,0,12127
Air India,18/05/2019,Mumbai,13:55,Hyderabad,0,3100
Multiple carriers,27/05/2019,Delhi,15:00,Cochin,0,6943
Multiple carriers,27/06/2019,Delhi,07:10,Cochin,0,6093
IndiGo,03/03/2019,Banglore,18:25,New Delhi,0,8855
SpiceJet,18/06/2019,Chennai,17:45,Kolkata,0,3597
Jet Airways,24/05/2019,Kolkata,18:55,Banglore,0,13731
Jet Airways,06/03/2019,Banglore,11:40,New Delhi,0,17261
Jet Airways,12/03/2019,Banglore,20:35,New Delhi,0,11087
Air India,24/03/2019,Kolkata,07:00,Banglore,0,13428
IndiGo,24/06/2019,Delhi,02:00,Cochin,0,5636
Air India,27/06/2019,Delhi,05:10,Cochin,0,5201
Jet Airways,9/06/2019,Delhi,05:30,Cochin,0,13014
Air India,18/05/2019,Kolkata,16:50,Banglore,0,11642
SpiceJet,15/04/2019,Banglore,09:30,Delhi,0,4319
Multiple carriers,24/06/2019,Delhi,06:40,Cochin,0,10877
Jet Airways,24/05/2019,Kolkata,17:00,Banglore,0,12121
Jet Airways,1/05/2019,Mumbai,19:35,Hyderabad,0,5678
Jet Airways,6/06/2019,Delhi,06:45,Cochin,0,13376
Air India,15/06/2019,Delhi,13:30,Cochin,0,8907
Multiple carriers,21/03/2019,Delhi,08:00,Cochin,0,11667
IndiGo,9/05/2019,Kolkata,07:10,Banglore,0,4864
IndiGo,21/04/2019,Kolkata,20:20,Banglore,0,4804
IndiGo,27/05/2019,Mumbai,09:10,Hyderabad,0,4049
Air Asia,21/05/2019,Kolkata,09:45,Banglore,0,4409
SpiceJet,12/06/2019,Kolkata,06:55,Banglore,0,3873
IndiGo,9/05/2019,Delhi,05:35,Cochin,0,5000
Jet Airways,15/06/2019,Delhi,18:15,Cochin,0,10262
Air India,6/05/2019,Kolkata,07:00,Banglore,0,13007
Multiple carriers,6/03/2019,Delhi,07:30,Cochin,0,15411
SpiceJet,1/05/2019,Kolkata,06:55,Banglore,0,3873
Air India,9/05/2019,Delhi,05:00,Cochin,0,10441
IndiGo,3/05/2019,Banglore,06:05,Delhi,0,3943
Jet Airways,1/04/2019,Mumbai,10:20,Hyderabad,0,3205
IndiGo,21/03/2019,Chennai,13:20,Kolkata,0,3384
Multiple carriers,27/06/2019,Delhi,09:15,Cochin,0,8099
Air India,1/05/2019,Mumbai,13:55,Hyderabad,0,3625
Multiple carriers,27/06/2019,Delhi,08:00,Cochin,0,12192
Jet Airways,18/05/2019,Delhi,13:00,Cochin,0,12373
SpiceJet,21/03/2019,Kolkata,06:55,Banglore,0,4148
Air Asia,9/06/2019,Kolkata,19:55,Banglore,0,4409
Jet Airways,18/05/2019,Kolkata,20:00,Banglore,0,13941
Air Asia,12/05/2019,Kolkata,06:50,Banglore,0,5162
Air India,21/03/2019,Banglore,08:15,New Delhi,0,4943
IndiGo,9/05/2019,Delhi,09:15,Cochin,0,8854
IndiGo,1/06/2019,Banglore,07:10,Delhi,0,4823
Jet Airways,12/06/2019,Delhi,05:30,Cochin,0,10368
GoAir,21/03/2019,Delhi,07:00,Cochin,0,9385
SpiceJet,27/06/2019,Chennai,09:45,Kolkata,0,3543
Jet Airways,21/03/2019,Delhi,19:10,Cochin,0,10929
IndiGo,3/04/2019,Delhi,21:05,Cochin,0,5021
Air India,15/05/2019,Delhi,12:55,Cochin,0,13486
Vistara,12/06/2019,Kolkata,20:20,Banglore,0,7927
Air India,1/05/2019,Kolkata,10:00,Banglore,0,10203
Air India,9/05/2019,Kolkata,10:00,Banglore,0,10203
Jet Airways,6/06/2019,Kolkata,06:30,Banglore,0,10844
GoAir,12/04/2019,Banglore,07:45,Delhi,0,6722
Jet Airways,06/03/2019,Banglore,07:00,New Delhi,0,16736
Vistara,24/03/2019,Kolkata,20:20,Banglore,0,12102
Vistara,18/05/2019,Kolkata,17:00,Banglore,0,9187
Multiple carriers,15/06/2019,Delhi,08:45,Cochin,0,7005
Air India,12/06/2019,Delhi,17:40,Cochin,0,8991
IndiGo,12/06/2019,Chennai,14:45,Kolkata,0,3597
Air India,12/06/2019,Banglore,06:10,Delhi,0,6961
SpiceJet,9/04/2019,Banglore,05:55,Delhi,0,3971
Multiple carriers,24/06/2019,Delhi,07:00,Cochin,0,7618
SpiceJet,6/06/2019,Banglore,21:10,Delhi,0,3311
Jet Airways,9/05/2019,Kolkata,20:25,Banglore,0,10703
IndiGo,6/06/2019,Banglore,01:30,Delhi,0,3943
Jet Airways,9/06/2019,Delhi,22:50,Cochin,0,10262
Jet Airways,9/06/2019,Delhi,21:50,Cochin,0,14714
Jet Airways,21/05/2019,Delhi,17:30,Cochin,0,12898
Jet Airways,12/06/2019,Banglore,11:10,Delhi,0,5769
Jet Airways,9/06/2019,Kolkata,06:30,Banglore,0,14178
Jet Airways,24/03/2019,Kolkata,08:25,Banglore,0,10031
Multiple carriers,21/05/2019,Delhi,11:30,Cochin,0,14067
Air India,27/06/2019,Delhi,09:45,Cochin,0,7480
Jet Airways,15/05/2019,Kolkata,18:55,Banglore,0,10844
Air Asia,24/03/2019,Kolkata,19:35,Banglore,0,5964
Jet Airways,3/03/2019,Delhi,23:05,Cochin,0,18253
Jet Airways,15/05/2019,Kolkata,16:30,Banglore,0,10844
Multiple carriers,3/06/2019,Delhi,08:45,Cochin,0,12524
Jet Airways,24/03/2019,Kolkata,16:55,Banglore,0,11134
IndiGo,1/04/2019,Kolkata,08:10,Banglore,0,5069
IndiGo,1/05/2019,Chennai,11:35,Kolkata,0,4332
Jet Airways,9/03/2019,Delhi,19:45,Cochin,0,15554
Multiple carriers,27/03/2019,Delhi,09:00,Cochin,0,11667
Jet Airways,3/06/2019,Mumbai,19:35,Hyderabad,0,5678
IndiGo,3/05/2019,Chennai,13:15,Kolkata,0,3597
Jet Airways,9/05/2019,Delhi,11:30,Cochin,0,12373
Jet Airways,6/05/2019,Kolkata,21:10,Banglore,0,9663
IndiGo,3/06/2019,Delhi,06:50,Cochin,0,7514
Jet Airways,15/06/2019,Delhi,21:50,Cochin,0,10262
Jet Airways,24/06/2019,Delhi,23:05,Cochin,0,12819
Multiple carriers,15/05/2019,Delhi,17:00,Cochin,0,8073
Jet Airways,9/06/2019,Kolkata,18:55,Banglore,0,9663
SpiceJet,24/04/2019,Kolkata,22:20,Banglore,0,3841
IndiGo,27/06/2019,Kolkata,15:15,Banglore,0,4804
SpiceJet,27/04/2019,Delhi,06:05,Cochin,0,5899
Air India,24/05/2019,Kolkata,09:25,Banglore,0,8576
Jet Airways,21/03/2019,Delhi,16:00,Cochin,0,12557
Jet Airways,24/05/2019,Kolkata,20:00,Banglore,0,14571
IndiGo,1/03/2019,Kolkata,15:10,Banglore,0,6565
Air India,1/06/2019,Banglore,13:20,Delhi,0,6961
IndiGo,21/05/2019,Kolkata,15:30,Banglore,0,4804
Jet Airways,12/06/2019,Kolkata,18:55,Banglore,0,8529
Air India,6/05/2019,Delhi,22:00,Cochin,0,11701
Jet Airways,18/05/2019,Delhi,20:00,Cochin,0,16263
IndiGo,21/03/2019,Delhi,06:40,Cochin,0,5761
Jet Airways,01/03/2019,Banglore,16:55,New Delhi,0,25735
Air India,18/03/2019,Banglore,11:05,New Delhi,0,10846
IndiGo,6/06/2019,Delhi,08:35,Cochin,0,6442
Jet Airways,3/04/2019,Mumbai,19:35,Hyderabad,0,2071
Vistara,6/03/2019,Mumbai,11:55,Hyderabad,0,12395
Air India,12/03/2019,Mumbai,21:10,Hyderabad,0,16172
Multiple carriers,27/05/2019,Delhi,07:30,Cochin,0,10786
Jet Airways,1/05/2019,Kolkata,08:25,Banglore,0,14388
Air India,21/03/2019,Banglore,10:30,New Delhi,0,6383
Jet Airways,18/05/2019,Kolkata,16:30,Banglore,0,10844
Multiple carriers,12/06/2019,Delhi,13:00,Cochin,0,7408
Jet Airways,6/05/2019,Kolkata,20:25,Banglore,0,13067
SpiceJet,24/03/2019,Banglore,20:30,New Delhi,0,3925
Jet Airways,24/06/2019,Delhi,11:40,Cochin,0,15812
SpiceJet,3/06/2019,Chennai,17:45,Kolkata,0,3597
IndiGo,12/06/2019,Banglore,13:00,Delhi,0,3943
Air India,18/03/2019,Banglore,17:00,New Delhi,0,11633
Air India,9/05/2019,Delhi,05:00,Cochin,0,11281
IndiGo,6/06/2019,Delhi,02:00,Cochin,0,6386
Air India,09/03/2019,Banglore,11:05,New Delhi,0,10657
Multiple carriers,12/06/2019,Delhi,04:55,Cochin,0,10678
SpiceJet,27/05/2019,Delhi,08:45,Cochin,0,5158
Jet Airways,1/06/2019,Delhi,20:00,Cochin,0,16263
Air India,6/03/2019,Delhi,16:40,Cochin,0,12646
Jet Airways,27/03/2019,Delhi,06:20,Cochin,0,9296
Jet Airways,1/05/2019,Kolkata,16:30,Banglore,0,8586
Jet Airways,12/03/2019,Mumbai,03:00,Hyderabad,0,22294
Jet Airways,21/04/2019,Banglore,06:00,Delhi,0,4544
IndiGo,6/05/2019,Chennai,14:45,Kolkata,0,3597
Multiple carriers,6/06/2019,Delhi,11:30,Cochin,0,13587
IndiGo,27/06/2019,Banglore,00:25,Delhi,0,3419
Jet Airways,21/05/2019,Kolkata,20:00,Banglore,0,10844
Jet Airways,24/03/2019,Kolkata,19:45,Banglore,0,13759
Vistara,18/05/2019,Kolkata,07:10,Banglore,0,9345
Air Asia,6/05/2019,Banglore,04:55,Delhi,0,4282
Jet Airways,27/06/2019,Delhi,22:50,Cochin,0,10262
Jet Airways,9/05/2019,Delhi,09:40,Cochin,0,13029
Jet Airways,15/05/2019,Kolkata,06:30,Banglore,0,14781
Jet Airways,12/05/2019,Kolkata,14:05,Banglore,0,10844
Multiple carriers,3/06/2019,Delhi,09:00,Cochin,0,13714
Jet Airways,9/03/2019,Delhi,19:45,Cochin,0,14053
Jet Airways,12/06/2019,Kolkata,20:00,Banglore,0,13044
Air India,24/03/2019,Mumbai,15:00,Hyderabad,0,2050
IndiGo,15/06/2019,Delhi,05:10,Cochin,0,7010
Multiple carriers,3/03/2019,Delhi,07:00,Cochin,0,15603
Jet Airways,9/05/2019,Kolkata,20:00,Banglore,0,13584
Jet Airways,9/06/2019,Kolkata,17:00,Banglore,0,12692
SpiceJet,3/04/2019,Kolkata,22:20,Banglore,0,3873
Vistara,9/05/2019,Kolkata,07:10,Banglore,0,8610
Jet Airways,27/06/2019,Delhi,14:00,Cochin,0,14714
Jet Airways,18/05/2019,Delhi,21:50,Cochin,0,15554
Air Asia,15/06/2019,Kolkata,19:55,Banglore,0,4107
Multiple carriers,24/06/2019,Delhi,08:45,Cochin,0,9001
SpiceJet,9/04/2019,Delhi,06:05,Cochin,0,5351
SpiceJet,27/06/2019,Delhi,17:55,Cochin,0,4957
IndiGo,1/05/2019,Chennai,05:15,Kolkata,0,3850
Jet Airways,15/06/2019,Delhi,13:00,Cochin,0,10262
Jet Airways,1/04/2019,Kolkata,18:55,Banglore,0,7064
Jet Airways,1/04/2019,Delhi,18:15,Cochin,0,5406
Jet Airways,21/03/2019,Delhi,18:25,Cochin,0,12347
Jet Airways,1/05/2019,Kolkata,20:00,Banglore,0,8586
Jet Airways,6/06/2019,Kolkata,09:35,Banglore,0,13469
IndiGo,27/06/2019,Delhi,16:00,Cochin,0,6316
SpiceJet,9/05/2019,Mumbai,13:15,Hyderabad,0,2227
Jet Airways,15/06/2019,Delhi,11:00,Cochin,0,7202
IndiGo,18/06/2019,Chennai,05:15,Kolkata,0,3540
Air India,24/05/2019,Kolkata,10:00,Banglore,0,10413
Air India,01/03/2019,Banglore,05:50,New Delhi,0,17686
Jet Airways,6/06/2019,Delhi,18:15,Cochin,0,10262
Jet Airways,21/03/2019,Delhi,19:45,Cochin,0,12347
IndiGo,18/05/2019,Banglore,23:30,Delhi,0,4591
IndiGo,21/03/2019,Delhi,07:35,Cochin,0,6558
Air India,21/05/2019,Kolkata,16:50,Banglore,0,12324
Air India,03/03/2019,Banglore,11:05,New Delhi,0,11948
Jet Airways,18/05/2019,Delhi,23:05,Cochin,0,15129
Jet Airways,6/06/2019,Delhi,19:45,Cochin,0,10262
IndiGo,09/03/2019,Banglore,18:25,New Delhi,0,6860
Multiple carriers,18/05/2019,Delhi,19:00,Cochin,0,8283
Jet Airways,6/06/2019,Delhi,21:50,Cochin,0,14714
Multiple carriers,3/06/2019,Delhi,18:15,Cochin,0,13377
Jet Airways,12/06/2019,Kolkata,16:30,Banglore,0,13044
IndiGo,21/03/2019,Delhi,07:35,Cochin,0,6494
Jet Airways,12/06/2019,Kolkata,18:55,Banglore,0,12576
Jet Airways,9/06/2019,Delhi,05:30,Cochin,0,10368
Jet Airways,1/06/2019,Delhi,21:50,Cochin,0,14714
Jet Airways,1/05/2019,Kolkata,14:05,Banglore,0,8586
IndiGo,3/04/2019,Banglore,21:15,Delhi,0,3943
Jet Airways,6/05/2019,Kolkata,06:30,Banglore,0,13941
Air India,24/05/2019,Kolkata,14:35,Banglore,0,6528
Jet Airways,9/06/2019,Delhi,09:40,Cochin,0,10368
Jet Airways,1/04/2019,Kolkata,18:55,Banglore,0,12681
Air India,6/06/2019,Kolkata,07:00,Banglore,0,12009
Jet Airways,3/05/2019,Banglore,06:00,Delhi,0,7229
Jet Airways,6/04/2019,Banglore,08:20,Delhi,0,7229
Jet Airways,6/06/2019,Kolkata,18:55,Banglore,0,10844
Jet Airways,12/05/2019,Kolkata,09:35,Banglore,0,14151
Jet Airways,18/03/2019,Banglore,22:50,New Delhi,0,11087
IndiGo,3/06/2019,Delhi,05:05,Cochin,0,6818
Jet Airways,9/05/2019,Delhi,02:15,Cochin,0,12373
Air India,03/03/2019,Banglore,19:10,New Delhi,0,13355
Jet Airways,27/05/2019,Delhi,21:50,Cochin,0,16079
Multiple carriers,3/06/2019,Delhi,10:00,Cochin,0,9718
Jet Airways,6/06/2019,Delhi,21:50,Cochin,0,10262
Jet Airways,6/05/2019,Banglore,07:10,Delhi,0,7229
Air India,24/03/2019,Delhi,04:00,Cochin,0,8635
SpiceJet,12/05/2019,Banglore,09:30,Delhi,0,4423
IndiGo,9/04/2019,Kolkata,15:15,Banglore,0,4174
Air India,21/03/2019,Mumbai,21:05,Hyderabad,0,2050
Jet Airways,18/05/2019,Kolkata,20:25,Banglore,0,13067
Jet Airways,1/04/2019,Kolkata,16:30,Banglore,0,7064
Jet Airways,3/06/2019,Delhi,17:30,Cochin,0,10262
Jet Airways,3/05/2019,Banglore,19:50,Delhi,0,6144
Multiple carriers,1/06/2019,Delhi,15:05,Cochin,0,18275
Air India,21/05/2019,Kolkata,10:00,Banglore,0,13033
SpiceJet,21/03/2019,Delhi,08:45,Cochin,0,6460
SpiceJet,1/05/2019,Mumbai,22:45,Hyderabad,0,1965
Multiple carriers,9/03/2019,Delhi,08:40,Cochin,0,18228
IndiGo,24/06/2019,Delhi,06:50,Cochin,0,6442
IndiGo,27/03/2019,Delhi,02:05,Cochin,0,4744
Air India,27/06/2019,Delhi,05:15,Cochin,0,10703
IndiGo,9/06/2019,Banglore,20:00,Delhi,0,4823
IndiGo,6/03/2019,Delhi,04:45,Cochin,0,13611
Jet Airways,27/05/2019,Delhi,19:10,Cochin,0,15129
GoAir,21/06/2019,Banglore,11:40,Delhi,0,3398
SpiceJet,9/05/2019,Kolkata,17:10,Banglore,0,3873
Jet Airways,9/06/2019,Delhi,22:50,Cochin,0,14714
Jet Airways,09/03/2019,Banglore,05:45,New Delhi,0,11087
Jet Airways,18/05/2019,Delhi,11:30,Cochin,0,12373
Jet Airways,6/03/2019,Delhi,05:25,Cochin,0,16914
SpiceJet,18/05/2019,Banglore,09:30,Delhi,0,4319
Multiple carriers,24/06/2019,Delhi,14:55,Cochin,0,6093
Air India,12/05/2019,Kolkata,09:25,Banglore,0,12592
IndiGo,24/05/2019,Kolkata,19:20,Banglore,0,3809
Air Asia,6/06/2019,Kolkata,06:50,Banglore,0,6857
Vistara,1/04/2019,Delhi,14:40,Cochin,0,4851
IndiGo,27/03/2019,Delhi,04:45,Cochin,0,7258
Air Asia,12/06/2019,Delhi,07:55,Cochin,0,6152
Air India,21/05/2019,Delhi,09:00,Cochin,0,8372
Jet Airways,21/03/2019,Banglore,14:05,New Delhi,0,7832
Air India,12/06/2019,Delhi,20:30,Cochin,0,8907
Jet Airways,9/06/2019,Banglore,15:15,Delhi,0,8016
Air India,24/05/2019,Kolkata,09:10,Banglore,0,8996
IndiGo,3/06/2019,Kolkata,09:35,Banglore,0,4804
SpiceJet,12/03/2019,Chennai,09:30,Kolkata,0,6300
Jet Airways,27/03/2019,Delhi,23:05,Cochin,0,7438
Multiple carriers,6/03/2019,Delhi,11:35,Cochin,0,21829
Vistara,18/03/2019,Banglore,16:00,New Delhi,0,11913
IndiGo,21/06/2019,Mumbai,02:35,Hyderabad,0,2754
Air India,6/05/2019,Kolkata,12:00,Banglore,0,10151
IndiGo,1/04/2019,Banglore,10:10,Delhi,0,3943
Air India,12/06/2019,Kolkata,05:50,Banglore,0,12723
Jet Airways,24/03/2019,Kolkata,08:25,Banglore,0,13759
Jet Airways,12/05/2019,Kolkata,06:30,Banglore,0,14781
Air India,12/06/2019,Delhi,10:00,Cochin,0,8372
IndiGo,21/04/2019,Banglore,10:10,Delhi,0,4591
Jet Airways,3/06/2019,Delhi,16:00,Cochin,0,10262
GoAir,24/06/2019,Delhi,14:25,Cochin,0,7870
IndiGo,27/05/2019,Banglore,07:10,Delhi,0,4823
Jet Airways,9/05/2019,Delhi,18:15,Cochin,0,12373
IndiGo,1/06/2019,Kolkata,20:20,Banglore,0,4804
Air India,01/03/2019,Banglore,08:50,New Delhi,0,19372
IndiGo,12/05/2019,Kolkata,17:15,Banglore,0,4804
Jet Airways,18/03/2019,Banglore,16:55,New Delhi,0,11087
Jet Airways,21/05/2019,Delhi,09:40,Cochin,0,13029
IndiGo,21/06/2019,Kolkata,15:15,Banglore,0,4804
Jet Airways,3/04/2019,Banglore,06:00,Delhi,0,7229
Multiple carriers,15/05/2019,Delhi,08:30,Cochin,0,9627
Jet Airways,6/06/2019,Delhi,02:15,Cochin,0,14714
Jet Airways,1/05/2019,Kolkata,09:35,Banglore,0,11467
Jet Airways,9/06/2019,Delhi,19:45,Cochin,0,10577
Jet Airways,27/05/2019,Delhi,17:30,Cochin,0,12898
Multiple carriers,1/06/2019,Delhi,10:00,Cochin,0,13587
Jet Airways,01/03/2019,Banglore,08:55,New Delhi,0,26890
Jet Airways,06/03/2019,Banglore,08:00,New Delhi,0,16736
Air India,12/05/2019,Mumbai,13:55,Hyderabad,0,3100
IndiGo,6/06/2019,Chennai,13:15,Kolkata,0,3597
Air India,12/05/2019,Banglore,10:00,Delhi,0,5228
IndiGo,9/03/2019,Delhi,07:35,Cochin,0,6937
Jet Airways,1/05/2019,Banglore,15:15,Delhi,0,4544
Jet Airways,09/03/2019,Banglore,07:00,New Delhi,0,11087
IndiGo,3/05/2019,Banglore,20:00,Delhi,0,4823
IndiGo,12/06/2019,Delhi,17:10,Cochin,0,5883
Jet Airways,6/05/2019,Kolkata,20:00,Banglore,0,14388
Jet Airways,21/05/2019,Kolkata,20:00,Banglore,0,14781
IndiGo,15/03/2019,Banglore,16:50,New Delhi,0,10406
IndiGo,6/03/2019,Delhi,11:55,Cochin,0,6442
IndiGo,27/06/2019,Delhi,07:30,Cochin,0,6093
Multiple carriers,9/04/2019,Delhi,17:45,Cochin,0,8535
Jet Airways,24/05/2019,Banglore,06:00,Delhi,0,7229
Air India,9/06/2019,Kolkata,09:25,Banglore,0,8366
Jet Airways,18/05/2019,Kolkata,08:25,Banglore,0,14388
IndiGo,27/06/2019,Mumbai,16:55,Hyderabad,0,3175
Jet Airways,18/05/2019,Delhi,09:00,Cochin,0,12373
SpiceJet,9/04/2019,Kolkata,22:20,Banglore,0,3873
Multiple carriers,27/06/2019,Delhi,18:15,Cochin,0,13377
IndiGo,18/05/2019,Chennai,07:55,Kolkata,0,3850
SpiceJet,9/03/2019,Mumbai,22:45,Hyderabad,0,3603
Jet Airways,15/06/2019,Delhi,20:55,Cochin,0,10262
Air India,24/06/2019,Delhi,06:50,Cochin,0,13381
Jet Airways,21/05/2019,Delhi,18:15,Cochin,0,12898
Jet Airways,24/05/2019,Kolkata,06:30,Banglore,0,14178
Jet Airways,27/06/2019,Delhi,23:05,Cochin,0,11150
SpiceJet,9/05/2019,Chennai,08:20,Kolkata,0,3911
Air India,24/05/2019,Kolkata,09:25,Banglore,0,14897
Multiple carriers,24/06/2019,Delhi,09:45,Cochin,0,9646
Jet Airways,15/06/2019,Delhi,10:00,Cochin,0,10262
IndiGo,15/06/2019,Banglore,06:05,Delhi,0,4423
SpiceJet,12/04/2019,Banglore,05:55,Delhi,0,4319
Vistara,27/05/2019,Chennai,07:05,Kolkata,0,3687
Jet Airways,12/06/2019,Delhi,18:20,Cochin,0,14300
Air India,6/05/2019,Kolkata,09:25,Banglore,0,8366
Jet Airways,6/03/2019,Mumbai,14:20,Hyderabad,0,24115
Jet Airways,3/03/2019,Delhi,08:00,Cochin,0,17024
Jet Airways,9/06/2019,Kolkata,06:30,Banglore,0,9663
Jet Airways,24/03/2019,Kolkata,19:45,Banglore,0,11134
Jet Airways,15/05/2019,Kolkata,08:25,Banglore,0,10844
Jet Airways,3/06/2019,Delhi,15:00,Cochin,0,10262
Vistara,12/05/2019,Kolkata,20:20,Banglore,0,9397
Air India,12/06/2019,Kolkata,10:00,Banglore,0,13532
SpiceJet,3/05/2019,Mumbai,05:45,Hyderabad,0,1965
Air India,12/05/2019,Kolkata,20:30,Banglore,0,10203
Jet Airways,06/03/2019,Banglore,05:45,New Delhi,0,19225
Air India,15/05/2019,Delhi,06:50,Cochin,0,14431
Jet Airways,27/05/2019,Delhi,19:10,Cochin,0,15129
Jet Airways,21/05/2019,Kolkata,14:05,Banglore,0,14388
Jet Airways,6/06/2019,Delhi,17:30,Cochin,0,10262
SpiceJet,21/03/2019,Banglore,09:35,New Delhi,0,4839
Jet Airways,9/03/2019,Mumbai,19:40,Hyderabad,0,4050
Jet Airways,6/05/2019,Kolkata,17:00,Banglore,0,13067
IndiGo,3/06/2019,Delhi,16:00,Cochin,0,6593
SpiceJet,3/06/2019,Kolkata,22:20,Banglore,0,3841
Jet Airways,12/05/2019,Kolkata,18:55,Banglore,0,10844
Multiple carriers,6/06/2019,Delhi,11:30,Cochin,0,13377
Vistara,1/05/2019,Banglore,21:00,Delhi,0,4668
IndiGo,27/06/2019,Kolkata,11:30,Banglore,0,4804
Jet Airways,12/05/2019,Kolkata,17:00,Banglore,0,14151
SpiceJet,24/06/2019,Mumbai,13:15,Hyderabad,0,1965
Air India,1/06/2019,Delhi,10:55,Cochin,0,13013
Jet Airways,12/06/2019,Kolkata,14:05,Banglore,0,9899
Jet Airways,27/05/2019,Delhi,10:00,Cochin,0,11924
Vistara,12/06/2019,Kolkata,17:00,Banglore,0,8610
IndiGo,21/06/2019,Kolkata,14:25,Banglore,0,5224
Vistara,6/06/2019,Banglore,09:45,Delhi,0,4668
Multiple carriers,15/05/2019,Delhi,08:00,Cochin,0,14533
IndiGo,1/04/2019,Kolkata,18:05,Banglore,0,6284
IndiGo,3/06/2019,Mumbai,01:40,Hyderabad,0,2754
Multiple carriers,15/05/2019,Delhi,07:10,Cochin,0,6513
Jet Airways,24/05/2019,Kolkata,21:10,Banglore,0,9663
Jet Airways,27/05/2019,Delhi,18:15,Cochin,0,16079
SpiceJet,27/06/2019,Kolkata,17:10,Banglore,0,3841
IndiGo,18/05/2019,Banglore,18:25,Delhi,0,4823
Jet Airways,27/05/2019,Delhi,19:15,Cochin,0,16079
Air India,12/06/2019,Kolkata,20:30,Banglore,0,10203
IndiGo,15/06/2019,Mumbai,06:25,Hyderabad,0,4049
Multiple carriers,27/05/2019,Delhi,12:50,Cochin,0,7005
Multiple carriers,3/03/2019,Delhi,07:05,Cochin,0,8291
Air Asia,12/06/2019,Kolkata,07:35,Banglore,0,5192
Jet Airways,9/06/2019,Kolkata,18:55,Banglore,0,10844
SpiceJet,27/06/2019,Mumbai,05:45,Hyderabad,0,2017
Multiple carriers,1/06/2019,Delhi,16:00,Cochin,0,13377
Jet Airways,1/04/2019,Kolkata,18:55,Banglore,0,12681
Vistara,15/06/2019,Delhi,14:40,Cochin,0,6216
Multiple carriers,21/03/2019,Delhi,07:00,Cochin,0,7618
Jet Airways,18/05/2019,Kolkata,21:10,Banglore,0,9663
SpiceJet,6/06/2019,Chennai,09:45,Kolkata,0,3597
Air India,6/03/2019,Mumbai,09:40,Hyderabad,0,22619
Vistara,9/06/2019,Kolkata,20:20,Banglore,0,8085
Jet Airways,27/03/2019,Delhi,09:55,Cochin,0,6540
Jet Airways,27/05/2019,Banglore,11:10,Delhi,0,4030
Jet Airways,1/04/2019,Kolkata,16:30,Banglore,0,12681
Air India,15/05/2019,Delhi,13:00,Cochin,0,8372
Jet Airways,18/05/2019,Delhi,20:55,Cochin,0,12373
IndiGo,6/03/2019,Kolkata,14:20,Banglore,0,5618
Air Asia,9/04/2019,Kolkata,06:50,Banglore,0,5162
Jet Airways,15/06/2019,Delhi,14:35,Cochin,0,13376
Multiple carriers,27/03/2019,Delhi,07:30,Cochin,0,9100
Air India,27/06/2019,Delhi,20:40,Cochin,0,7480
Vistara,9/05/2019,Kolkata,20:20,Banglore,0,9187
Jet Airways,12/06/2019,Delhi,19:45,Cochin,0,10262
Jet Airways,12/06/2019,Delhi,05:30,Cochin,0,13014
IndiGo,1/05/2019,Mumbai,06:25,Hyderabad,0,4392
SpiceJet,21/06/2019,Kolkata,09:00,Banglore,0,3873
Air India,9/05/2019,Delhi,18:45,Cochin,0,11942
IndiGo,24/05/2019,Delhi,07:30,Cochin,0,7006
Air India,18/05/2019,Delhi,06:50,Cochin,0,13591
Jet Airways,6/05/2019,Kolkata,21:10,Banglore,0,9663
Jet Airways,6/04/2019,Banglore,06:00,Delhi,0,4544
Air India,6/05/2019,Kolkata,16:45,Banglore,0,13227
Jet Airways,9/06/2019,Banglore,08:20,Delhi,0,8016
SpiceJet,27/03/2019,Kolkata,09:00,Banglore,0,3815
Air India,18/03/2019,Banglore,06:45,New Delhi,0,11234
IndiGo,9/05/2019,Kolkata,18:05,Banglore,0,6218
Air India,6/03/2019,Delhi,07:05,Cochin,0,9190
Air India,6/03/2019,Kolkata,20:45,Banglore,0,4435
IndiGo,6/03/2019,Delhi,11:55,Cochin,0,6610
Jet Airways,3/03/2019,Delhi,18:20,Cochin,0,20747
Air India,21/03/2019,Delhi,12:00,Cochin,0,9706
Air India,15/03/2019,Mumbai,15:00,Hyderabad,0,2050
IndiGo,1/06/2019,Mumbai,02:35,Hyderabad,0,3175
Jet Airways,18/05/2019,Delhi,07:05,Cochin,0,15554
Multiple carriers,9/05/2019,Delhi,11:30,Cochin,0,14323
IndiGo,3/06/2019,Mumbai,12:00,Hyderabad,0,2754
Air Asia,15/03/2019,Kolkata,10:20,Banglore,0,4384
Jet Airways,9/05/2019,Kolkata,17:00,Banglore,0,7341
SpiceJet,27/06/2019,Banglore,05:55,Delhi,0,3625
Vistara,21/05/2019,Kolkata,20:20,Banglore,0,9345
Air India,3/03/2019,Mumbai,13:55,Hyderabad,0,6092
Multiple carriers,21/03/2019,Delhi,14:35,Cochin,0,5999
IndiGo,27/04/2019,Delhi,06:50,Cochin,0,6442
Multiple carriers,9/03/2019,Delhi,19:00,Cochin,0,13677
Jet Airways,12/05/2019,Mumbai,10:20,Hyderabad,0,5678
Jet Airways,21/05/2019,Kolkata,08:25,Banglore,0,14781
Jet Airways,6/05/2019,Banglore,08:20,Delhi,0,4544
Air Asia,9/06/2019,Kolkata,22:40,Banglore,0,11323
Jet Airways,18/05/2019,Kolkata,18:55,Banglore,0,13941
Vistara,18/03/2019,Banglore,21:10,New Delhi,0,11598
Air India,9/04/2019,Delhi,05:10,Cochin,0,4729
Multiple carriers,6/06/2019,Delhi,08:00,Cochin,0,14848
Multiple carriers,1/06/2019,Delhi,07:30,Cochin,0,11200
Jet Airways,18/03/2019,Banglore,08:55,New Delhi,0,12284
SpiceJet,18/04/2019,Banglore,21:10,Delhi,0,5621
Jet Airways,18/05/2019,Delhi,21:50,Cochin,0,12373
Air India,27/03/2019,Delhi,13:05,Cochin,0,8892
Air India,21/03/2019,Delhi,07:05,Cochin,0,7615
IndiGo,9/04/2019,Kolkata,19:35,Banglore,0,4860
Air India,24/05/2019,Kolkata,09:25,Banglore,0,12592
SpiceJet,12/04/2019,Kolkata,09:00,Banglore,0,3841
SpiceJet,6/05/2019,Chennai,17:45,Kolkata,0,3543
GoAir,27/06/2019,Banglore,11:40,Delhi,0,3898
Jet Airways,3/04/2019,Delhi,02:15,Cochin,0,5177
Air Asia,27/06/2019,Banglore,23:55,Delhi,0,3383
Air India,03/03/2019,Banglore,06:45,New Delhi,0,12358
Multiple carriers,3/03/2019,Delhi,13:05,Cochin,0,14153
IndiGo,27/04/2019,Delhi,07:35,Cochin,0,5073
Multiple carriers,18/05/2019,Delhi,12:50,Cochin,0,7670
Air Asia,03/03/2019,Banglore,05:50,New Delhi,0,7652
Jet Airways,21/05/2019,Delhi,19:10,Cochin,0,15129
Vistara,1/05/2019,Kolkata,17:00,Banglore,0,9187
IndiGo,21/04/2019,Banglore,18:55,Delhi,0,4823
Jet Airways,6/06/2019,Kolkata,17:00,Banglore,0,10539
IndiGo,3/03/2019,Delhi,04:55,Cochin,0,8899
Jet Airways,24/05/2019,Delhi,22:50,Cochin,0,16079
Jet Airways,21/06/2019,Mumbai,19:35,Hyderabad,0,5678
Air India,03/03/2019,Banglore,06:55,New Delhi,0,10924
IndiGo,15/04/2019,Banglore,07:10,Delhi,0,4823
Jet Airways,24/06/2019,Delhi,05:30,Cochin,0,10368
SpiceJet,6/03/2019,Mumbai,14:10,Hyderabad,0,13552
Jet Airways,27/05/2019,Delhi,08:00,Cochin,0,16289
IndiGo,18/04/2019,Banglore,13:00,Delhi,0,4990
SpiceJet,9/06/2019,Chennai,08:20,Kolkata,0,3543
IndiGo,27/05/2019,Delhi,10:35,Cochin,0,6104
Jet Airways,27/05/2019,Delhi,19:15,Cochin,0,12898
SpiceJet,24/04/2019,Kolkata,17:10,Banglore,0,4174
Jet Airways,6/06/2019,Kolkata,17:00,Banglore,0,10539
Air India,9/06/2019,Delhi,12:55,Cochin,0,12436
Vistara,12/06/2019,Banglore,19:30,Delhi,0,4878
IndiGo,15/03/2019,Banglore,20:00,New Delhi,0,8855
IndiGo,21/05/2019,Delhi,06:50,Cochin,0,5530
Multiple carriers,24/06/2019,Delhi,15:15,Cochin,0,5797
Jet Airways,9/05/2019,Delhi,13:00,Cochin,0,12373
Jet Airways,9/05/2019,Delhi,05:30,Cochin,0,13029
Jet Airways,1/04/2019,Delhi,09:00,Cochin,0,5406
Jet Airways,18/04/2019,Banglore,15:15,Delhi,0,7229
GoAir,15/03/2019,Banglore,11:40,New Delhi,0,6113
Air India,27/05/2019,Delhi,10:55,Cochin,0,13643
IndiGo,1/06/2019,Delhi,15:00,Cochin,0,6628
Jet Airways,24/03/2019,Kolkata,13:55,Banglore,0,11134
IndiGo,15/05/2019,Delhi,16:00,Cochin,0,7923
IndiGo,9/04/2019,Banglore,23:30,Delhi,0,4591
Jet Airways,27/03/2019,Delhi,13:00,Cochin,0,12242
Jet Airways,15/05/2019,Banglore,06:00,Delhi,0,4030
Air Asia,9/06/2019,Kolkata,06:50,Banglore,0,6857
Jet Airways,1/04/2019,Banglore,15:15,Delhi,0,7229
Multiple carriers,6/03/2019,Delhi,07:30,Cochin,0,15147
GoAir,24/03/2019,Kolkata,16:25,Banglore,0,10198
Jet Airways,18/05/2019,Kolkata,11:50,Banglore,0,8781
Multiple carriers,27/05/2019,Delhi,06:00,Cochin,0,11264
IndiGo,9/05/2019,Delhi,17:10,Cochin,0,8330
IndiGo,1/05/2019,Chennai,13:15,Kolkata,0,3597
Jet Airways,21/05/2019,Delhi,14:00,Cochin,0,12898
Multiple carriers,18/05/2019,Delhi,11:40,Cochin,0,8405
IndiGo,12/05/2019,Banglore,18:55,Delhi,0,4823
Air India,12/06/2019,Delhi,16:40,Cochin,0,9443
IndiGo,21/03/2019,Delhi,07:35,Cochin,0,5073
GoAir,12/06/2019,Banglore,07:45,Delhi,0,3419
Multiple carriers,24/06/2019,Delhi,09:45,Cochin,0,9646
Vistara,1/05/2019,Kolkata,07:10,Banglore,0,8452
Multiple carriers,18/05/2019,Delhi,15:00,Cochin,0,13727
Air India,15/05/2019,Kolkata,09:25,Banglore,0,8891
Jet Airways,1/06/2019,Delhi,18:15,Cochin,0,10262
IndiGo,12/04/2019,Kolkata,15:30,Banglore,0,4174
IndiGo,9/06/2019,Delhi,15:00,Cochin,0,6316
Air Asia,9/04/2019,Kolkata,19:55,Banglore,0,4107
Jet Airways,15/06/2019,Banglore,11:10,Delhi,0,8016
IndiGo,3/03/2019,Delhi,08:25,Cochin,0,14871
Air Asia,3/06/2019,Banglore,23:55,Delhi,0,7120
Jet Airways,6/06/2019,Kolkata,09:35,Banglore,0,14151
GoAir,27/06/2019,Banglore,07:45,Delhi,0,3419
Jet Airways,3/06/2019,Delhi,09:35,Cochin,0,11507
Jet Airways,24/05/2019,Kolkata,20:00,Banglore,0,10844
IndiGo,1/06/2019,Kolkata,04:40,Banglore,0,4804
Jet Airways,27/05/2019,Delhi,20:55,Cochin,0,12898
Air India,12/03/2019,Mumbai,21:00,Hyderabad,0,10943
SpiceJet,9/04/2019,Kolkata,06:55,Banglore,0,3873
Jet Airways,9/04/2019,Banglore,07:10,Delhi,0,4544
Multiple carriers,27/03/2019,Delhi,09:45,Cochin,0,6601
Jet Airways,9/05/2019,Kolkata,06:30,Banglore,0,9663
Jet Airways,21/05/2019,Kolkata,06:30,Banglore,0,14781
Jet Airways Business,01/03/2019,Banglore,05:45,New Delhi,0,79512
Air India,9/03/2019,Delhi,20:30,Cochin,0,8991
Jet Airways,27/03/2019,Mumbai,15:50,Hyderabad,0,2071
IndiGo,6/04/2019,Banglore,07:10,Delhi,0,4823
Jet Airways,24/05/2019,Kolkata,20:00,Banglore,0,10844
Jet Airways,12/06/2019,Delhi,14:00,Cochin,0,14714
Air India,12/03/2019,Banglore,17:25,New Delhi,0,12778
Jet Airways,24/03/2019,Kolkata,19:45,Banglore,0,10031
Jet Airways,12/05/2019,Kolkata,17:00,Banglore,0,10703
IndiGo,24/05/2019,Kolkata,09:20,Banglore,0,9376
Jet Airways,9/06/2019,Kolkata,08:25,Banglore,0,10844
IndiGo,1/04/2019,Kolkata,17:15,Banglore,0,4174
Air India,03/03/2019,Banglore,10:30,New Delhi,0,11003
IndiGo,12/06/2019,Delhi,20:25,Cochin,0,5058
Jet Airways,15/05/2019,Kolkata,16:30,Banglore,0,14781
IndiGo,21/04/2019,Kolkata,21:25,Banglore,0,4804
Jet Airways,3/06/2019,Delhi,19:30,Cochin,0,10368
Air Asia,9/05/2019,Delhi,16:45,Cochin,0,7353
SpiceJet,24/06/2019,Kolkata,17:10,Banglore,0,3841
Multiple carriers,6/03/2019,Delhi,07:10,Cochin,0,7731
Jet Airways,21/05/2019,Kolkata,18:55,Banglore,0,14388
IndiGo,21/05/2019,Delhi,23:30,Cochin,0,8745
SpiceJet,21/03/2019,Mumbai,22:45,Hyderabad,0,1759
Jet Airways,1/05/2019,Kolkata,21:10,Banglore,0,14781
IndiGo,18/05/2019,Delhi,08:35,Cochin,0,7144
Jet Airways,15/05/2019,Kolkata,17:00,Banglore,0,14151
Vistara,24/03/2019,Banglore,19:40,New Delhi,0,4563
Jet Airways,27/06/2019,Delhi,07:05,Cochin,0,10262
Jet Airways,9/04/2019,Banglore,18:55,Delhi,0,7229
Air India,18/05/2019,Kolkata,12:00,Banglore,0,10151
IndiGo,15/06/2019,Delhi,06:40,Cochin,0,6093
IndiGo,3/03/2019,Kolkata,09:35,Banglore,0,6565
IndiGo,9/06/2019,Delhi,05:35,Cochin,0,5601
IndiGo,15/06/2019,Delhi,07:15,Cochin,0,6582
Jet Airways,15/05/2019,Banglore,17:45,Delhi,0,7229
Air India,15/06/2019,Delhi,13:20,Cochin,0,12121
Multiple carriers,3/03/2019,Delhi,11:30,Cochin,0,15135
IndiGo,24/03/2019,Banglore,08:30,New Delhi,0,7303
IndiGo,18/03/2019,Chennai,22:05,Kolkata,0,5277
Multiple carriers,6/03/2019,Delhi,04:00,Cochin,0,13399
Jet Airways,9/04/2019,Banglore,15:50,Delhi,0,4544
IndiGo,27/06/2019,Delhi,11:25,Cochin,0,5894
Jet Airways,1/04/2019,Kolkata,09:35,Banglore,0,11467
Air India,12/06/2019,Delhi,22:00,Cochin,0,10231
IndiGo,09/03/2019,Banglore,00:40,New Delhi,0,4545
IndiGo,3/03/2019,Delhi,10:45,Cochin,0,7725
SpiceJet,12/06/2019,Kolkata,17:10,Banglore,0,4174
Jet Airways,27/06/2019,Delhi,09:40,Cochin,0,13014
IndiGo,1/05/2019,Chennai,19:35,Kolkata,0,3597
Multiple carriers Premium economy,21/03/2019,Delhi,08:55,Cochin,0,9845
IndiGo,1/04/2019,Kolkata,15:10,Banglore,0,8567
Air India,27/05/2019,Delhi,18:05,Cochin,0,6094
Vistara,21/06/2019,Chennai,17:45,Kolkata,0,11982
IndiGo,9/03/2019,Mumbai,21:20,Hyderabad,0,3838
Multiple carriers,21/03/2019,Delhi,10:00,Cochin,0,8098
Jet Airways,3/03/2019,Delhi,18:20,Cochin,0,20747
Jet Airways,15/06/2019,Delhi,12:15,Cochin,0,14300
Jet Airways,9/06/2019,Kolkata,20:00,Banglore,0,10844
IndiGo,12/06/2019,Chennai,22:05,Kolkata,0,5277
Jet Airways,6/05/2019,Mumbai,10:20,Hyderabad,0,8040
Air India,1/05/2019,Kolkata,10:00,Banglore,0,15164
Air India,15/06/2019,Kolkata,20:45,Banglore,0,4145
Vistara,15/04/2019,Delhi,14:40,Cochin,0,6216
Air India,15/03/2019,Banglore,13:20,New Delhi,0,7276
Jet Airways,24/05/2019,Banglore,18:55,Delhi,0,6144
Jet Airways,24/05/2019,Kolkata,14:05,Banglore,0,10844
IndiGo,24/03/2019,Mumbai,19:05,Hyderabad,0,2754
Jet Airways,21/05/2019,Kolkata,08:25,Banglore,0,10844
Jet Airways,27/03/2019,Delhi,06:20,Cochin,0,11538
Jet Airways,1/04/2019,Banglore,11:10,Delhi,0,7229
IndiGo,27/04/2019,Delhi,02:00,Cochin,0,5796
Multiple carriers,18/05/2019,Delhi,07:00,Cochin,0,8073
Multiple carriers,18/05/2019,Delhi,09:00,Cochin,0,8073
IndiGo,9/06/2019,Delhi,02:00,Cochin,0,5636
IndiGo,9/06/2019,Delhi,21:50,Cochin,0,6195
Vistara,15/05/2019,Banglore,11:30,Delhi,0,4668
Air India,3/06/2019,Banglore,13:20,Delhi,0,6961
Jet Airways,27/06/2019,Delhi,13:25,Cochin,0,11150
Multiple carriers,18/05/2019,Delhi,06:00,Cochin,0,9794
Jet Airways,01/03/2019,Banglore,08:00,New Delhi,0,22270
Air India,24/03/2019,Kolkata,05:55,Banglore,0,15145
Multiple carriers,6/06/2019,Delhi,11:40,Cochin,0,6795
Jet Airways,12/06/2019,Delhi,14:35,Cochin,0,13376
IndiGo,09/03/2019,Banglore,16:50,New Delhi,0,10231
SpiceJet,21/05/2019,Delhi,17:55,Cochin,0,5975
Jet Airways,3/06/2019,Delhi,05:30,Cochin,0,10368
Jet Airways,18/05/2019,Kolkata,18:55,Banglore,0,8586
Multiple carriers,15/06/2019,Delhi,09:45,Cochin,0,9646
Vistara,24/03/2019,Kolkata,20:20,Banglore,0,11682
Jet Airways,18/05/2019,Kolkata,20:00,Banglore,0,13941
Multiple carriers,9/05/2019,Delhi,06:00,Cochin,0,9794
Jet Airways,06/03/2019,Banglore,14:05,New Delhi,0,17261
Jet Airways,6/05/2019,Mumbai,07:05,Hyderabad,0,8040
Jet Airways,24/03/2019,Kolkata,06:30,Banglore,0,13759
IndiGo,12/05/2019,Banglore,21:15,Delhi,0,3943
IndiGo,6/06/2019,Kolkata,15:15,Banglore,0,5170
Jet Airways,21/05/2019,Mumbai,10:20,Hyderabad,0,8040
Jet Airways,24/03/2019,Mumbai,07:10,Hyderabad,0,2470
SpiceJet,18/03/2019,Mumbai,22:45,Hyderabad,0,2017
Jet Airways,24/05/2019,Kolkata,18:55,Banglore,0,10844
Jet Airways,15/03/2019,Banglore,22:55,New Delhi,0,27210
Multiple carriers,27/03/2019,Delhi,10:00,Cochin,0,6883
Jet Airways,27/06/2019,Delhi,23:05,Cochin,0,12819
Jet Airways,1/05/2019,Kolkata,16:30,Banglore,0,10844
IndiGo,3/05/2019,Kolkata,15:30,Banglore,0,4804
IndiGo,1/04/2019,Kolkata,09:35,Banglore,0,4174
Jet Airways,3/03/2019,Delhi,19:15,Cochin,0,17234
Jet Airways,21/05/2019,Kolkata,14:05,Banglore,0,9663
Air India,27/06/2019,Delhi,14:10,Cochin,0,5201
Jet Airways,9/06/2019,Kolkata,09:35,Banglore,0,13994
Multiple carriers,6/06/2019,Delhi,15:15,Cochin,0,6795
Jet Airways,6/05/2019,Kolkata,20:25,Banglore,0,11467
SpiceJet,9/05/2019,Kolkata,11:35,Banglore,0,8479
Multiple carriers,1/06/2019,Delhi,08:00,Cochin,0,13587
Jet Airways,15/03/2019,Banglore,08:00,New Delhi,0,9134
Jet Airways,6/06/2019,Kolkata,18:55,Banglore,0,7757
Air India,18/05/2019,Delhi,10:55,Cochin,0,13486
Jet Airways,1/05/2019,Kolkata,17:00,Banglore,0,12384
Jet Airways,6/03/2019,Delhi,19:10,Cochin,0,19329
IndiGo,15/05/2019,Kolkata,20:20,Banglore,0,4804
Air India,15/04/2019,Banglore,06:10,Delhi,0,5228
Vistara,24/03/2019,Banglore,21:10,New Delhi,0,6558
GoAir,21/05/2019,Delhi,07:25,Cochin,0,5842
Jet Airways,27/03/2019,Delhi,16:00,Cochin,0,12242
IndiGo,24/04/2019,Kolkata,22:15,Banglore,0,4804
Jet Airways,21/05/2019,Delhi,13:00,Cochin,0,12898
Multiple carriers,1/06/2019,Delhi,14:00,Cochin,0,13377
Air India,1/03/2019,Delhi,09:45,Cochin,0,22798
Air India,3/05/2019,Kolkata,20:45,Banglore,0,4145
Multiple carriers,3/03/2019,Delhi,08:00,Cochin,0,17057
Air Asia,27/06/2019,Kolkata,22:50,Banglore,0,3807
IndiGo,6/03/2019,Delhi,15:00,Cochin,0,14871
Jet Airways,27/05/2019,Delhi,22:50,Cochin,0,16079
Multiple carriers,15/05/2019,Delhi,08:30,Cochin,0,8099
Air India,6/06/2019,Kolkata,12:00,Banglore,0,7662
IndiGo,12/05/2019,Kolkata,17:35,Banglore,0,6669
Vistara,27/04/2019,Delhi,06:00,Cochin,0,6216
IndiGo,18/06/2019,Delhi,14:20,Cochin,0,5000
Jet Airways,12/05/2019,Kolkata,14:05,Banglore,0,14781
SpiceJet,21/03/2019,Kolkata,09:00,Banglore,0,3815
Multiple carriers,21/03/2019,Delhi,18:15,Cochin,0,13542
SpiceJet,03/03/2019,Banglore,20:30,New Delhi,0,6860
GoAir,6/06/2019,Banglore,11:40,Delhi,0,3898
Jet Airways,06/03/2019,Banglore,14:05,New Delhi,0,13712
Air India,6/05/2019,Delhi,09:45,Cochin,0,7480
Air India,27/05/2019,Delhi,16:40,Cochin,0,9968
Vistara,27/05/2019,Banglore,19:30,Delhi,0,4878
Jet Airways,6/05/2019,Kolkata,20:00,Banglore,0,9663
Air India,3/03/2019,Delhi,17:20,Cochin,0,16352
Jet Airways,9/06/2019,Mumbai,02:55,Hyderabad,0,5678
Jet Airways,06/03/2019,Banglore,14:05,New Delhi,0,17261
Air India,21/05/2019,Delhi,05:15,Cochin,0,7480
SpiceJet,9/03/2019,Chennai,17:45,Kolkata,0,6300
Multiple carriers,18/05/2019,Delhi,14:55,Cochin,0,7740
IndiGo,24/04/2019,Kolkata,15:30,Banglore,0,4804
Jet Airways,18/05/2019,Kolkata,09:35,Banglore,0,12384
Jet Airways,12/05/2019,Kolkata,20:00,Banglore,0,10844
Jet Airways,9/04/2019,Delhi,07:05,Cochin,0,17531
IndiGo,12/06/2019,Kolkata,18:05,Banglore,0,6218
Vistara,9/06/2019,Kolkata,20:20,Banglore,0,8085
Air India,21/03/2019,Banglore,05:50,New Delhi,0,7664
IndiGo,27/04/2019,Banglore,04:00,Delhi,0,4423
GoAir,24/06/2019,Kolkata,15:20,Banglore,0,3514
SpiceJet,27/05/2019,Chennai,09:45,Kolkata,0,3597
IndiGo,1/05/2019,Banglore,00:30,Delhi,0,4284
Jet Airways,9/06/2019,Kolkata,21:10,Banglore,0,14571
Vistara,18/03/2019,Chennai,07:05,Kolkata,0,4842
IndiGo,21/04/2019,Kolkata,04:40,Banglore,0,4804
Multiple carriers,21/05/2019,Delhi,09:00,Cochin,0,14067
IndiGo,24/03/2019,Banglore,21:20,New Delhi,0,4777
Vistara,18/05/2019,Chennai,07:05,Kolkata,0,3687
Multiple carriers,9/03/2019,Delhi,06:50,Cochin,0,14817
IndiGo,24/03/2019,Banglore,10:10,New Delhi,0,5734
Jet Airways,9/04/2019,Banglore,19:50,Delhi,0,4544
Jet Airways,6/05/2019,Kolkata,06:30,Banglore,0,8586
IndiGo,15/05/2019,Mumbai,02:35,Hyderabad,0,2754
Jet Airways,24/03/2019,Kolkata,16:55,Banglore,0,11134
Jet Airways,9/05/2019,Delhi,05:30,Cochin,0,13029
Jet Airways,27/05/2019,Delhi,05:30,Cochin,0,15129
Jet Airways,27/05/2019,Banglore,08:20,Delhi,0,7229
Air India,15/05/2019,Banglore,13:20,Delhi,0,5228
Jet Airways,21/03/2019,Banglore,09:45,New Delhi,0,7280
Air India,18/06/2019,Delhi,14:05,Cochin,0,5201
Multiple carriers,6/06/2019,Delhi,10:00,Cochin,0,7933
Jet Airways,9/05/2019,Kolkata,20:25,Banglore,0,9314
IndiGo,3/03/2019,Delhi,08:25,Cochin,0,14871
IndiGo,18/03/2019,Banglore,16:15,New Delhi,0,4437
Jet Airways,6/05/2019,Kolkata,14:05,Banglore,0,9663
Multiple carriers,3/06/2019,Delhi,07:05,Cochin,0,15058
Vistara,18/05/2019,Kolkata,17:00,Banglore,0,9555
Vistara,6/03/2019,Mumbai,14:40,Hyderabad,0,12395
Jet Airways,21/05/2019,Delhi,07:05,Cochin,0,12239
Air India,9/04/2019,Delhi,14:05,Cochin,0,6724
Vistara,6/05/2019,Kolkata,07:10,Banglore,0,8085
Air India,18/05/2019,Delhi,20:15,Cochin,0,13591
Air India,9/06/2019,Mumbai,13:55,Hyderabad,0,3100
Jet Airways,18/05/2019,Delhi,19:10,Cochin,0,15129
IndiGo,27/06/2019,Chennai,19:35,Kolkata,0,3597
Jet Airways,15/06/2019,Delhi,11:30,Cochin,0,14714
Air India,24/06/2019,Delhi,22:00,Cochin,0,9181
IndiGo,9/05/2019,Delhi,07:15,Cochin,0,5636
Multiple carriers,1/06/2019,Delhi,17:30,Cochin,0,13377
Jet Airways,1/05/2019,Kolkata,17:00,Banglore,0,13067
Multiple carriers,27/03/2019,Delhi,09:45,Cochin,0,6653
Multiple carriers,6/06/2019,Delhi,06:40,Cochin,0,7354
Air India,6/03/2019,Mumbai,16:50,Hyderabad,0,17327
IndiGo,24/06/2019,Mumbai,06:25,Hyderabad,0,4049
Jet Airways,12/06/2019,Kolkata,14:05,Banglore,0,13044
Multiple carriers,6/03/2019,Delhi,08:00,Cochin,0,15078
Jet Airways,21/03/2019,Delhi,02:15,Cochin,0,12719
Air India,6/03/2019,Delhi,05:55,Cochin,0,14641
IndiGo,24/03/2019,Kolkata,15:10,Banglore,0,7615
Air India,3/06/2019,Delhi,10:00,Cochin,0,10979
IndiGo,09/03/2019,Banglore,21:20,New Delhi,0,4777
Air Asia,6/04/2019,Banglore,23:55,Delhi,0,3383
Air India,6/06/2019,Delhi,17:15,Cochin,0,12760
Air India,24/05/2019,Delhi,22:00,Cochin,0,10441
IndiGo,1/03/2019,Mumbai,21:20,Hyderabad,0,12475
Air India,9/06/2019,Delhi,17:15,Cochin,0,12199
IndiGo,12/05/2019,Kolkata,21:00,Banglore,0,7228
GoAir,15/03/2019,Banglore,07:45,New Delhi,0,5706
SpiceJet,6/03/2019,Chennai,09:30,Kolkata,0,7298
SpiceJet,9/06/2019,Delhi,08:45,Cochin,0,5264
GoAir,15/04/2019,Delhi,07:00,Cochin,0,6195
Jet Airways,6/04/2019,Delhi,22:50,Cochin,0,5177
Jet Airways,1/06/2019,Delhi,19:45,Cochin,0,10262
Air India,12/06/2019,Kolkata,20:30,Banglore,0,12224
IndiGo,18/05/2019,Delhi,06:40,Cochin,0,6758
Jet Airways,21/03/2019,Delhi,15:00,Cochin,0,12767
SpiceJet,18/03/2019,Mumbai,05:45,Hyderabad,0,2385
Multiple carriers,9/06/2019,Delhi,10:00,Cochin,0,13377
Jet Airways,06/03/2019,Banglore,08:00,New Delhi,0,19225
Jet Airways,24/04/2019,Banglore,19:50,Delhi,0,7229
IndiGo,9/05/2019,Kolkata,17:15,Banglore,0,4804
IndiGo,1/06/2019,Delhi,04:55,Cochin,0,6314
Air Asia,24/04/2019,Delhi,16:45,Cochin,0,6152
IndiGo,18/04/2019,Banglore,06:05,Delhi,0,4591
SpiceJet,3/04/2019,Delhi,17:55,Cochin,0,4611
IndiGo,6/03/2019,Mumbai,21:20,Hyderabad,0,4784
Multiple carriers,15/06/2019,Delhi,10:00,Cochin,0,13504
Air India,3/06/2019,Delhi,05:15,Cochin,0,10493
Jet Airways,18/05/2019,Kolkata,17:00,Banglore,0,14151
Jet Airways,21/05/2019,Kolkata,09:35,Banglore,0,13067
Jet Airways,27/05/2019,Delhi,09:40,Cochin,0,15129
GoAir,18/05/2019,Delhi,07:25,Cochin,0,6296
IndiGo,15/03/2019,Banglore,10:10,New Delhi,0,6144
Jet Airways,6/05/2019,Mumbai,02:55,Hyderabad,0,3210
Multiple carriers,3/03/2019,Delhi,08:55,Cochin,0,15147
Jet Airways,9/05/2019,Delhi,19:45,Cochin,0,12373
Vistara,12/04/2019,Banglore,11:30,Delhi,0,5403
Air India,3/06/2019,Delhi,18:05,Cochin,0,6934
IndiGo,9/05/2019,Banglore,01:30,Delhi,0,3419
Jet Airways,1/05/2019,Kolkata,18:55,Banglore,0,9663
Jet Airways,24/06/2019,Mumbai,08:45,Hyderabad,0,4995
IndiGo,18/06/2019,Banglore,04:00,Delhi,0,3943
IndiGo,9/06/2019,Kolkata,06:20,Banglore,0,4226
Jet Airways,24/03/2019,Banglore,02:00,New Delhi,0,7229
Air India,01/03/2019,Banglore,05:50,New Delhi,0,14069
IndiGo,3/04/2019,Kolkata,04:40,Banglore,0,4174
Jet Airways,24/05/2019,Kolkata,20:00,Banglore,0,8586
Multiple carriers,21/05/2019,Delhi,08:45,Cochin,0,7485
SpiceJet,12/05/2019,Banglore,21:10,Delhi,0,4423
IndiGo,12/04/2019,Banglore,08:30,Delhi,0,4823
Vistara,9/05/2019,Kolkata,17:00,Banglore,0,8085
Multiple carriers,9/06/2019,Delhi,11:35,Cochin,0,15419
Jet Airways,15/06/2019,Delhi,09:40,Cochin,0,13014
Multiple carriers,3/06/2019,Delhi,07:30,Cochin,0,9736
Air India,12/03/2019,Banglore,08:50,New Delhi,0,12127
Multiple carriers,27/05/2019,Delhi,08:45,Cochin,0,10529
Jet Airways,6/03/2019,Delhi,19:45,Cochin,0,17024
Jet Airways,9/06/2019,Delhi,21:25,Cochin,0,13292
Air Asia,6/06/2019,Delhi,16:45,Cochin,0,11410
Vistara,12/05/2019,Banglore,17:00,Delhi,0,4878
Jet Airways,12/06/2019,Delhi,21:50,Cochin,0,14714
Multiple carriers,18/05/2019,Delhi,07:05,Cochin,0,14533
Jet Airways,1/05/2019,Kolkata,14:05,Banglore,0,13941
IndiGo,03/03/2019,Banglore,16:55,New Delhi,0,8855
Jet Airways,24/03/2019,Kolkata,21:10,Banglore,0,13759
Multiple carriers,6/03/2019,Delhi,06:40,Cochin,0,15135
Jet Airways,9/05/2019,Delhi,02:15,Cochin,0,12373
SpiceJet,1/04/2019,Banglore,09:30,Delhi,0,3919
Jet Airways,1/05/2019,Kolkata,14:05,Banglore,0,8586
Jet Airways,27/05/2019,Banglore,15:15,Delhi,0,7229
IndiGo,9/05/2019,Chennai,22:05,Kolkata,0,5277
GoAir,27/05/2019,Banglore,11:40,Delhi,0,3398
Jet Airways,24/03/2019,Kolkata,21:10,Banglore,0,10031
Jet Airways,1/04/2019,Kolkata,18:55,Banglore,0,12681
Jet Airways,9/03/2019,Delhi,15:05,Cochin,0,16289
Jet Airways,6/06/2019,Mumbai,02:55,Hyderabad,0,4050
IndiGo,24/06/2019,Mumbai,20:05,Hyderabad,0,2227
Jet Airways,12/04/2019,Banglore,17:45,Delhi,0,7229
Air India,3/03/2019,Delhi,22:00,Cochin,0,22096
Jet Airways,18/05/2019,Banglore,15:15,Delhi,0,4544
Air India,6/06/2019,Kolkata,14:35,Banglore,0,6528
Jet Airways,24/03/2019,Kolkata,21:10,Banglore,0,13759
Jet Airways,6/05/2019,Kolkata,17:00,Banglore,0,8066
Multiple carriers,15/06/2019,Delhi,07:05,Cochin,0,9646
Air India,21/05/2019,Banglore,17:00,Delhi,0,6961
Jet Airways,24/06/2019,Delhi,09:00,Cochin,0,18371
Jet Airways,6/04/2019,Banglore,06:00,Delhi,0,7229
Multiple carriers,27/06/2019,Delhi,08:30,Cochin,0,11200
Vistara,03/03/2019,Banglore,16:00,New Delhi,0,13383
Air India,15/05/2019,Kolkata,20:30,Banglore,0,16057
Jet Airways,12/03/2019,Banglore,20:35,New Delhi,0,11087
Multiple carriers,3/06/2019,Delhi,10:35,Cochin,0,10877
Jet Airways,21/05/2019,Delhi,19:30,Cochin,0,13029
Jet Airways,15/06/2019,Delhi,14:35,Cochin,0,13376
IndiGo,21/03/2019,Delhi,04:55,Cochin,0,6287
SpiceJet,15/03/2019,Kolkata,09:00,Banglore,0,3847
Vistara,24/05/2019,Kolkata,17:00,Banglore,0,9870
Multiple carriers,3/06/2019,Delhi,04:55,Cochin,0,11622
Air India,6/03/2019,Kolkata,14:15,Banglore,0,4960
Jet Airways,6/05/2019,Kolkata,18:55,Banglore,0,13584
Multiple carriers,21/05/2019,Delhi,09:00,Cochin,0,7888
IndiGo,18/05/2019,Banglore,20:00,Delhi,0,4823
Air India,9/06/2019,Mumbai,06:20,Hyderabad,0,3100
Jet Airways,21/05/2019,Kolkata,08:25,Banglore,0,10844
Jet Airways,12/03/2019,Banglore,16:55,New Delhi,0,13817
Air India,6/03/2019,Mumbai,05:30,Hyderabad,0,13757
Air Asia,1/05/2019,Kolkata,22:50,Banglore,0,4409
Jet Airways,12/05/2019,Banglore,18:55,Delhi,0,7229
IndiGo,12/06/2019,Delhi,23:30,Cochin,0,10112
IndiGo,15/06/2019,Delhi,15:10,Cochin,0,6147
Jet Airways,6/05/2019,Kolkata,21:10,Banglore,0,13584
IndiGo,27/06/2019,Chennai,14:45,Kolkata,0,3597
Vistara,24/03/2019,Kolkata,20:20,Banglore,0,12312
Jet Airways,12/05/2019,Kolkata,14:05,Banglore,0,14781
Vistara,3/04/2019,Banglore,11:30,Delhi,0,5403
Jet Airways,15/05/2019,Kolkata,08:25,Banglore,0,14781
Multiple carriers,3/06/2019,Delhi,06:40,Cochin,0,7354
SpiceJet,24/05/2019,Kolkata,11:15,Banglore,0,9630
Multiple carriers,9/03/2019,Delhi,07:05,Cochin,0,6916
IndiGo,21/06/2019,Mumbai,16:55,Hyderabad,0,4392
Vistara,27/04/2019,Banglore,19:30,Delhi,0,5613
IndiGo,6/04/2019,Banglore,04:00,Delhi,0,4423
Jet Airways,9/06/2019,Banglore,08:20,Delhi,0,7229
Air India,3/06/2019,Delhi,20:40,Cochin,0,7480
Multiple carriers,15/06/2019,Delhi,10:35,Cochin,0,10877
Jet Airways,9/06/2019,Delhi,19:15,Cochin,0,10577
Multiple carriers,6/06/2019,Delhi,10:20,Cochin,0,11789
Air India,9/06/2019,Kolkata,16:45,Banglore,0,7662
IndiGo,9/06/2019,Kolkata,08:10,Banglore,0,5069
Jet Airways,6/05/2019,Banglore,06:00,Delhi,0,5198
Jet Airways,6/03/2019,Delhi,23:05,Cochin,0,17024
Vistara,03/03/2019,Banglore,09:50,New Delhi,0,8028
SpiceJet,21/03/2019,Banglore,09:35,New Delhi,0,4945
IndiGo,9/06/2019,Banglore,22:10,Delhi,0,3749
IndiGo,15/03/2019,Kolkata,14:20,Banglore,0,4778
GoAir,6/05/2019,Kolkata,23:30,Banglore,0,7451
Jet Airways,27/06/2019,Mumbai,02:55,Hyderabad,0,3210
Jet Airways,24/06/2019,Delhi,13:00,Cochin,0,10262
Multiple carriers,27/05/2019,Delhi,09:00,Cochin,0,7618
IndiGo,27/05/2019,Banglore,08:30,Delhi,0,4823
Jet Airways,1/05/2019,Mumbai,02:55,Hyderabad,0,3210
IndiGo,09/03/2019,Banglore,05:30,New Delhi,0,4777
Air Asia,12/06/2019,Kolkata,22:40,Banglore,0,5192
SpiceJet,6/06/2019,Chennai,08:20,Kolkata,0,3543
IndiGo,3/03/2019,Chennai,05:15,Kolkata,0,6482
SpiceJet,18/06/2019,Mumbai,13:15,Hyderabad,0,2017
Jet Airways,9/06/2019,Kolkata,17:00,Banglore,0,14151
Air India,24/03/2019,Kolkata,12:00,Banglore,0,14221
Jet Airways,15/05/2019,Kolkata,09:35,Banglore,0,12121
Jet Airways,18/05/2019,Kolkata,14:05,Banglore,0,14781
Jet Airways,9/06/2019,Kolkata,21:10,Banglore,0,10844
Multiple carriers,6/03/2019,Delhi,13:00,Cochin,0,15603
IndiGo,15/04/2019,Banglore,00:30,Delhi,0,4284
Jet Airways,18/05/2019,Kolkata,20:00,Banglore,0,8586
IndiGo,15/06/2019,Banglore,23:30,Delhi,0,4077
Air India,24/03/2019,Banglore,10:00,New Delhi,0,7276
Jet Airways,9/03/2019,Delhi,20:10,Cochin,0,20904
Air India,12/03/2019,Mumbai,05:30,Hyderabad,0,11342
Jet Airways,21/05/2019,Delhi,19:10,Cochin,0,15129
Air India,18/06/2019,Banglore,21:05,Delhi,0,5228
IndiGo,21/03/2019,Banglore,20:00,New Delhi,0,6144
Jet Airways,9/05/2019,Kolkata,06:30,Banglore,0,8586
Air Asia,9/05/2019,Delhi,16:45,Cochin,0,6752
Air India,6/06/2019,Delhi,10:55,Cochin,0,11753
Jet Airways,6/05/2019,Kolkata,06:30,Banglore,0,9663
Jet Airways,6/03/2019,Mumbai,10:20,Hyderabad,0,8040
Air Asia,9/06/2019,Delhi,16:45,Cochin,0,13470
Jet Airways,24/03/2019,Mumbai,15:50,Hyderabad,0,5678
Multiple carriers,27/06/2019,Delhi,10:00,Cochin,0,13377
SpiceJet,27/04/2019,Kolkata,09:00,Banglore,0,4174
Air India,12/06/2019,Kolkata,05:50,Banglore,0,7662
Jet Airways,15/03/2019,Banglore,22:50,New Delhi,0,9134
IndiGo,24/03/2019,Mumbai,16:55,Hyderabad,0,3175
IndiGo,1/06/2019,Delhi,17:10,Cochin,0,6628
IndiGo,09/03/2019,Banglore,12:05,New Delhi,0,4588
Jet Airways,12/06/2019,Kolkata,06:30,Banglore,0,9899
SpiceJet,24/05/2019,Chennai,17:45,Kolkata,0,3597
Multiple carriers,12/06/2019,Delhi,04:55,Cochin,0,7155
Jet Airways,6/05/2019,Kolkata,16:30,Banglore,0,13941
SpiceJet,1/04/2019,Kolkata,15:05,Banglore,0,4649
IndiGo,9/06/2019,Banglore,21:15,Delhi,0,3943
IndiGo,12/06/2019,Kolkata,15:30,Banglore,0,4804
IndiGo,21/05/2019,Delhi,17:10,Cochin,0,6794
Jet Airways,1/05/2019,Kolkata,09:35,Banglore,0,9314
IndiGo,1/06/2019,Banglore,23:30,Delhi,0,4591
GoAir,9/06/2019,Delhi,10:35,Cochin,0,5281
Jet Airways,9/03/2019,Delhi,17:25,Cochin,0,16289
IndiGo,21/04/2019,Banglore,00:30,Delhi,0,3943
Jet Airways,27/04/2019,Banglore,17:45,Delhi,0,7229
Air Asia,21/03/2019,Delhi,16:45,Cochin,0,6151
Air India,6/05/2019,Kolkata,10:00,Banglore,0,12797
Jet Airways,6/06/2019,Delhi,18:25,Cochin,0,14237
Multiple carriers,12/06/2019,Delhi,06:00,Cochin,0,11789
Jet Airways,21/05/2019,Delhi,02:15,Cochin,0,12898
Jet Airways,27/05/2019,Delhi,02:15,Cochin,0,16376
GoAir,6/05/2019,Delhi,07:25,Cochin,0,6296
Multiple carriers,21/03/2019,Delhi,14:00,Cochin,0,13542
Jet Airways,1/05/2019,Mumbai,07:05,Hyderabad,0,4995
Jet Airways,27/05/2019,Delhi,16:00,Cochin,0,12898
Multiple carriers,9/05/2019,Delhi,11:40,Cochin,0,9021
Jet Airways,9/06/2019,Delhi,06:45,Cochin,0,13376
Vistara,21/04/2019,Banglore,17:00,Delhi,0,5613
Multiple carriers,9/03/2019,Delhi,17:50,Cochin,0,23583
IndiGo,12/05/2019,Kolkata,09:35,Banglore,0,4804
Air India,12/05/2019,Kolkata,09:25,Banglore,0,11642
Multiple carriers,9/03/2019,Delhi,04:00,Cochin,0,16259
Multiple carriers,3/03/2019,Delhi,07:30,Cochin,0,15135
Jet Airways,27/05/2019,Delhi,22:50,Cochin,0,12898
Air India,21/05/2019,Kolkata,08:20,Banglore,0,11222
Vistara,3/06/2019,Banglore,11:30,Delhi,0,4668
Jet Airways,12/03/2019,Banglore,20:35,New Delhi,0,11087
Multiple carriers,6/03/2019,Delhi,04:45,Cochin,0,13875
IndiGo,6/05/2019,Delhi,14:20,Cochin,0,7054
Multiple carriers,1/06/2019,Delhi,06:40,Cochin,0,11200
Air India,15/03/2019,Banglore,10:30,New Delhi,0,7013
Jet Airways,9/05/2019,Banglore,08:20,Delhi,0,4544
Air India,6/06/2019,Kolkata,10:00,Banglore,0,13033
Multiple carriers,1/03/2019,Delhi,12:50,Cochin,0,36983
IndiGo,21/03/2019,Delhi,07:35,Cochin,0,6558
Jet Airways,9/03/2019,Delhi,20:50,Cochin,0,14053
Jet Airways,18/05/2019,Kolkata,18:55,Banglore,0,7757
Jet Airways,9/06/2019,Kolkata,10:20,Banglore,0,5608
IndiGo,24/06/2019,Delhi,05:05,Cochin,0,6442
IndiGo,01/03/2019,Banglore,13:00,New Delhi,0,19685
Air Asia,6/05/2019,Kolkata,07:35,Banglore,0,5192
Jet Airways,9/05/2019,Delhi,19:15,Cochin,0,12373
Jet Airways,3/06/2019,Delhi,07:05,Cochin,0,10577
Multiple carriers,27/03/2019,Delhi,10:45,Cochin,0,11622
SpiceJet,15/03/2019,Kolkata,06:55,Banglore,0,3815
Multiple carriers,27/06/2019,Delhi,07:30,Cochin,0,10877
Air India,12/05/2019,Kolkata,09:25,Banglore,0,11432
SpiceJet,15/06/2019,Chennai,08:20,Kolkata,0,3543
Multiple carriers,27/06/2019,Delhi,10:00,Cochin,0,12192
Jet Airways,12/05/2019,Banglore,08:20,Delhi,0,6144
SpiceJet,27/04/2019,Kolkata,09:00,Banglore,0,3841
IndiGo,6/03/2019,Delhi,04:45,Cochin,0,13611
Jet Airways,9/06/2019,Kolkata,20:25,Banglore,0,13401
Vistara,15/05/2019,Kolkata,07:10,Banglore,0,8452
Air Asia,21/05/2019,Banglore,04:55,Delhi,0,3383
IndiGo,12/04/2019,Banglore,07:10,Delhi,0,4823
Air India,6/03/2019,Mumbai,05:30,Hyderabad,0,9678
IndiGo,15/05/2019,Delhi,11:25,Cochin,0,6979
Jet Airways,18/03/2019,Banglore,08:00,New Delhi,0,12284
Jet Airways,15/05/2019,Banglore,17:45,Delhi,0,4030
Jet Airways,12/04/2019,Banglore,11:10,Delhi,0,7229
Multiple carriers,9/05/2019,Delhi,09:00,Cochin,0,14323
SpiceJet,18/05/2019,Chennai,08:20,Kolkata,0,3543
Air India,01/03/2019,Banglore,08:50,New Delhi,0,31783
IndiGo,15/04/2019,Banglore,22:10,Delhi,0,3943
Jet Airways,9/05/2019,Mumbai,07:05,Hyderabad,0,8040
Jet Airways,27/03/2019,Delhi,05:10,Cochin,0,9412
SpiceJet,6/03/2019,Kolkata,22:20,Banglore,0,3849
Air Asia,27/05/2019,Delhi,16:45,Cochin,0,6752
IndiGo,6/05/2019,Kolkata,17:35,Banglore,0,5699
Jet Airways,15/06/2019,Delhi,11:40,Cochin,0,18804
SpiceJet,3/05/2019,Banglore,05:55,Delhi,0,3625
Jet Airways,6/06/2019,Delhi,19:45,Cochin,0,14714
IndiGo,1/05/2019,Delhi,21:50,Cochin,0,6349
Multiple carriers,27/06/2019,Delhi,14:00,Cochin,0,13377
SpiceJet,3/06/2019,Kolkata,06:55,Banglore,0,3873
Air India,15/06/2019,Delhi,05:15,Cochin,0,10703
Vistara,15/03/2019,Chennai,07:05,Kolkata,0,6627
Jet Airways,18/03/2019,Banglore,08:55,New Delhi,0,16338
Multiple carriers,27/03/2019,Delhi,06:00,Cochin,0,7845
Jet Airways,06/03/2019,Banglore,08:00,New Delhi,0,16736
Jet Airways,27/03/2019,Delhi,09:55,Cochin,0,12242
Multiple carriers,9/05/2019,Delhi,11:30,Cochin,0,13727
Air India,27/03/2019,Delhi,20:30,Cochin,0,5998
Air Asia,15/04/2019,Kolkata,07:35,Banglore,0,5192
Multiple carriers,27/06/2019,Delhi,17:50,Cochin,0,18275
Jet Airways,24/06/2019,Delhi,20:00,Cochin,0,14300
Jet Airways,21/03/2019,Delhi,18:20,Cochin,0,13082
Air India,6/03/2019,Delhi,20:30,Cochin,0,10566
IndiGo,18/05/2019,Chennai,11:35,Kolkata,0,4332
Multiple carriers,9/03/2019,Delhi,09:45,Cochin,0,10090
Multiple carriers,9/06/2019,Delhi,04:55,Cochin,0,10877
Air India,9/05/2019,Kolkata,07:00,Banglore,0,13033
SpiceJet,15/05/2019,Banglore,21:10,Delhi,0,3625
Multiple carriers,9/03/2019,Delhi,06:00,Cochin,0,13941
Jet Airways,12/06/2019,Kolkata,21:10,Banglore,0,13044
Jet Airways,6/06/2019,Delhi,10:00,Cochin,0,10262
Multiple carriers,21/03/2019,Delhi,13:00,Cochin,0,13542
Vistara,9/06/2019,Banglore,09:45,Delhi,0,4668
Air India,12/05/2019,Kolkata,16:45,Banglore,0,13437
Jet Airways,3/06/2019,Delhi,13:00,Cochin,0,14714
Jet Airways,12/06/2019,Delhi,11:30,Cochin,0,10262
Vistara,24/03/2019,Kolkata,09:55,Banglore,0,12312
Jet Airways,9/05/2019,Mumbai,02:55,Hyderabad,0,5678
Jet Airways,27/06/2019,Delhi,14:35,Cochin,0,10919
Jet Airways,12/03/2019,Mumbai,08:15,Hyderabad,0,23843
Vistara,1/04/2019,Banglore,19:30,Delhi,0,5613
Vistara,24/06/2019,Chennai,17:45,Kolkata,0,11982
Jet Airways,24/06/2019,Delhi,16:00,Cochin,0,10262
Jet Airways,12/06/2019,Delhi,20:00,Cochin,0,14300
IndiGo,9/06/2019,Banglore,18:55,Delhi,0,4823
Jet Airways,15/05/2019,Kolkata,21:10,Banglore,0,15149
Air Asia,12/05/2019,Kolkata,22:50,Banglore,0,4409
Multiple carriers,15/06/2019,Delhi,07:10,Cochin,0,6093
SpiceJet,1/06/2019,Delhi,17:55,Cochin,0,5975
IndiGo,21/06/2019,Chennai,11:35,Kolkata,0,3858
IndiGo,18/05/2019,Chennai,22:05,Kolkata,0,5277
Jet Airways,21/05/2019,Banglore,17:45,Delhi,0,7229
Jet Airways,1/04/2019,Kolkata,08:25,Banglore,0,7064
IndiGo,12/06/2019,Banglore,20:00,Delhi,0,4823
Air India,3/04/2019,Mumbai,13:55,Hyderabad,0,2575
Multiple carriers,9/06/2019,Delhi,13:00,Cochin,0,13587
Vistara,21/05/2019,Kolkata,07:10,Banglore,0,9345
Jet Airways,3/05/2019,Mumbai,10:20,Hyderabad,0,8040
IndiGo,21/05/2019,Delhi,05:35,Cochin,0,5601
Jet Airways,12/06/2019,Delhi,11:40,Cochin,0,18804
Air India,15/05/2019,Kolkata,09:10,Banglore,0,6117
IndiGo,9/06/2019,Kolkata,19:35,Banglore,0,5276
Air Asia,6/05/2019,Banglore,23:55,Delhi,0,3383
SpiceJet,15/03/2019,Mumbai,05:45,Hyderabad,0,2385
IndiGo,24/03/2019,Banglore,23:30,New Delhi,0,5694
Multiple carriers,24/06/2019,Delhi,17:30,Cochin,0,13377
Jet Airways,9/06/2019,Delhi,07:05,Cochin,0,10262
GoAir,15/06/2019,Banglore,07:45,Delhi,0,3898
IndiGo,9/05/2019,Banglore,10:10,Delhi,0,3943
Jet Airways,24/06/2019,Delhi,23:05,Cochin,0,12819
Air India,1/04/2019,Kolkata,09:10,Banglore,0,5793
Jet Airways,21/05/2019,Kolkata,14:05,Banglore,0,14781
IndiGo,6/06/2019,Kolkata,08:10,Banglore,0,5069
Air India,12/06/2019,Delhi,14:25,Cochin,0,13381
IndiGo,12/06/2019,Mumbai,21:20,Hyderabad,0,2227
IndiGo,15/06/2019,Chennai,13:15,Kolkata,0,3597
Jet Airways,6/06/2019,Kolkata,21:10,Banglore,0,14571
Jet Airways,21/03/2019,Delhi,18:15,Cochin,0,12557
Multiple carriers,12/06/2019,Delhi,10:00,Cochin,0,13377
SpiceJet,6/04/2019,Banglore,09:30,Delhi,0,4423
Multiple carriers,9/03/2019,Delhi,07:00,Cochin,0,15237
Multiple carriers,24/06/2019,Delhi,13:00,Cochin,0,7198
Air India,9/05/2019,Delhi,19:45,Cochin,0,10178
IndiGo,27/06/2019,Banglore,13:00,Delhi,0,3943
Jet Airways,27/06/2019,Delhi,22:50,Cochin,0,12898
IndiGo,24/03/2019,Banglore,22:20,New Delhi,0,4377
SpiceJet,15/05/2019,Mumbai,22:45,Hyderabad,0,2017
Jet Airways,6/05/2019,Kolkata,08:25,Banglore,0,14781
Air India,6/03/2019,Mumbai,11:35,Hyderabad,0,17926
Jet Airways,12/06/2019,Kolkata,20:25,Banglore,0,12692
Jet Airways,12/03/2019,Banglore,21:25,New Delhi,0,12547
Jet Airways,6/03/2019,Delhi,02:15,Cochin,0,17024
SpiceJet,24/06/2019,Delhi,17:55,Cochin,0,4957
Jet Airways,24/04/2019,Banglore,07:10,Delhi,0,7229
Multiple carriers,12/06/2019,Delhi,11:40,Cochin,0,11789
Air India,01/03/2019,Banglore,06:45,New Delhi,0,26480
SpiceJet,3/06/2019,Mumbai,13:15,Hyderabad,0,2017
Jet Airways,15/04/2019,Delhi,11:00,Cochin,0,5443
Air Asia,15/05/2019,Delhi,07:55,Cochin,0,6451
SpiceJet,3/04/2019,Mumbai,13:15,Hyderabad,0,1965
Multiple carriers,1/05/2019,Delhi,08:30,Cochin,0,9627
Air India,12/06/2019,Kolkata,09:10,Banglore,0,6117
Jet Airways,24/06/2019,Delhi,09:40,Cochin,0,10368
Jet Airways,12/05/2019,Banglore,06:00,Delhi,0,7229
Multiple carriers,3/03/2019,Delhi,04:00,Cochin,0,15237
Jet Airways,15/06/2019,Delhi,10:00,Cochin,0,10262
Air India,18/05/2019,Kolkata,09:25,Banglore,0,8366
Jet Airways,6/03/2019,Delhi,05:40,Cochin,0,17271
Jet Airways,9/05/2019,Kolkata,16:30,Banglore,0,14781
Jet Airways,15/05/2019,Kolkata,20:25,Banglore,0,12384
Multiple carriers,3/03/2019,Delhi,07:10,Cochin,0,8552
Jet Airways,12/06/2019,Kolkata,21:10,Banglore,0,12739
Air India,01/03/2019,Banglore,10:30,New Delhi,0,17461
SpiceJet,21/06/2019,Banglore,05:55,Delhi,0,3919
Air Asia,9/06/2019,Banglore,23:55,Delhi,0,7120
Jet Airways,21/05/2019,Delhi,18:15,Cochin,0,16079
Air India,6/06/2019,Delhi,10:00,Cochin,0,9194
IndiGo,3/06/2019,Delhi,15:10,Cochin,0,6493
Air Asia,9/03/2019,Kolkata,22:50,Banglore,0,4384
Air India,27/05/2019,Delhi,18:00,Cochin,0,8372
IndiGo,18/05/2019,Kolkata,20:20,Banglore,0,4804
IndiGo,1/06/2019,Banglore,20:00,Delhi,0,4823
IndiGo,18/05/2019,Mumbai,06:25,Hyderabad,0,4392
Jet Airways,9/06/2019,Kolkata,08:25,Banglore,0,14571
Vistara,9/03/2019,Chennai,07:05,Kolkata,0,6627
Multiple carriers,3/06/2019,Delhi,11:30,Cochin,0,13377
Jet Airways,21/03/2019,Mumbai,03:05,Hyderabad,0,5678
IndiGo,3/03/2019,Delhi,02:35,Cochin,0,13790
Jet Airways,12/06/2019,Banglore,06:00,Delhi,0,8016
GoAir,24/04/2019,Banglore,20:55,Delhi,0,3419
IndiGo,12/04/2019,Kolkata,21:25,Banglore,0,4174
Jet Airways,27/03/2019,Mumbai,07:10,Hyderabad,0,3205
Vistara,6/06/2019,Banglore,19:30,Delhi,0,5088
Multiple carriers,1/05/2019,Delhi,09:00,Cochin,0,15373
GoAir,01/03/2019,Banglore,07:45,New Delhi,0,13663
GoAir,18/04/2019,Banglore,20:55,Delhi,0,5048
IndiGo,1/06/2019,Chennai,07:55,Kolkata,0,3850
Vistara,9/06/2019,Banglore,11:30,Delhi,0,4668
IndiGo,21/03/2019,Banglore,18:25,New Delhi,0,6144
IndiGo,21/03/2019,Banglore,04:00,New Delhi,0,4777
Jet Airways,15/03/2019,Banglore,05:45,New Delhi,0,9134
Jet Airways,6/06/2019,Kolkata,16:30,Banglore,0,6812
Jet Airways,9/03/2019,Delhi,08:00,Cochin,0,17549
Vistara,21/03/2019,Banglore,16:00,New Delhi,0,5613
Air Asia,21/03/2019,Delhi,20:10,Cochin,0,6151
GoAir,24/06/2019,Banglore,11:40,Delhi,0,3898
IndiGo,15/05/2019,Delhi,05:35,Cochin,0,6015
Jet Airways,06/03/2019,Banglore,08:55,New Delhi,0,19225
Jet Airways,24/06/2019,Delhi,05:30,Cochin,0,13292
Air India,12/03/2019,Banglore,06:45,New Delhi,0,11602
Vistara,12/05/2019,Delhi,06:00,Cochin,0,6216
Air India,12/03/2019,Banglore,17:25,New Delhi,0,12778
Air India,6/06/2019,Kolkata,05:50,Banglore,0,12723
Jet Airways,6/06/2019,Kolkata,09:35,Banglore,0,10539
Jet Airways,24/03/2019,Kolkata,08:25,Banglore,0,10031
Jet Airways,12/06/2019,Delhi,09:25,Cochin,0,13882
SpiceJet,3/03/2019,Delhi,16:35,Cochin,0,11726
SpiceJet,24/03/2019,Kolkata,15:55,Banglore,0,10654
Jet Airways,9/04/2019,Banglore,08:20,Delhi,0,7229
Air India,18/05/2019,Delhi,16:40,Cochin,0,9863
Jet Airways,21/03/2019,Delhi,22:50,Cochin,0,12242
IndiGo,9/03/2019,Delhi,05:35,Cochin,0,9476
IndiGo,09/03/2019,Banglore,10:05,New Delhi,0,6860
Air India,03/03/2019,Banglore,07:30,New Delhi,0,12074
Jet Airways,6/06/2019,Kolkata,09:35,Banglore,0,12692
Air India,1/05/2019,Kolkata,12:00,Banglore,0,10151
Multiple carriers,27/03/2019,Delhi,12:50,Cochin,0,6637
Air India,27/05/2019,Delhi,05:10,Cochin,0,6094
Jet Airways,18/05/2019,Delhi,13:00,Cochin,0,12373
IndiGo,12/05/2019,Kolkata,22:15,Banglore,0,4804
Air India,24/06/2019,Delhi,21:00,Cochin,0,8372
Air India,9/05/2019,Banglore,10:00,Delhi,0,5228
SpiceJet,24/06/2019,Banglore,05:55,Delhi,0,3625
GoAir,24/03/2019,Kolkata,22:25,Banglore,0,10091
Jet Airways,12/05/2019,Kolkata,20:00,Banglore,0,14388
Multiple carriers,24/06/2019,Delhi,11:25,Cochin,0,7155
IndiGo,9/05/2019,Delhi,17:30,Cochin,0,8330
Jet Airways,18/05/2019,Delhi,19:30,Cochin,0,15129
Air India,15/05/2019,Kolkata,16:50,Banglore,0,15532
Jet Airways,24/03/2019,Kolkata,18:55,Banglore,0,14231
Jet Airways,01/03/2019,Banglore,22:50,New Delhi,0,31825
Multiple carriers,15/06/2019,Delhi,12:50,Cochin,0,7005
SpiceJet,21/03/2019,Chennai,09:30,Kolkata,0,3332
Jet Airways,6/05/2019,Kolkata,18:55,Banglore,0,7757
Jet Airways,21/03/2019,Delhi,13:55,Cochin,0,8728
Jet Airways,12/06/2019,Delhi,19:30,Cochin,0,13014
IndiGo,9/06/2019,Delhi,05:05,Cochin,0,6600
IndiGo,15/04/2019,Kolkata,19:35,Banglore,0,4226
Jet Airways,12/05/2019,Delhi,11:00,Cochin,0,7202
IndiGo,21/04/2019,Kolkata,15:30,Banglore,0,4804
GoAir,3/06/2019,Delhi,07:25,Cochin,0,6976
Jet Airways,1/04/2019,Kolkata,16:30,Banglore,0,12681
Jet Airways,06/03/2019,Banglore,21:25,New Delhi,0,17261
Jet Airways,27/05/2019,Delhi,05:30,Cochin,0,15129
Jet Airways,01/03/2019,Banglore,05:45,New Delhi,0,26890
SpiceJet,9/04/2019,Banglore,09:30,Delhi,0,4319
SpiceJet,1/04/2019,Kolkata,08:35,Banglore,0,6013
Multiple carriers,24/06/2019,Delhi,13:00,Cochin,0,13587
Jet Airways,24/06/2019,Delhi,11:30,Cochin,0,14714
IndiGo,6/05/2019,Banglore,07:10,Delhi,0,4823
IndiGo,27/05/2019,Delhi,07:35,Cochin,0,7514
IndiGo,09/03/2019,Banglore,16:55,New Delhi,0,10067
Multiple carriers,9/05/2019,Delhi,09:00,Cochin,0,8073
Jet Airways,6/06/2019,Delhi,09:40,Cochin,0,11733
IndiGo,27/05/2019,Delhi,14:20,Cochin,0,6938
Jet Airways,6/05/2019,Kolkata,08:25,Banglore,0,14781
Air India,27/03/2019,Mumbai,06:20,Hyderabad,0,2575
Multiple carriers,27/05/2019,Delhi,11:40,Cochin,0,7005
Multiple carriers,24/05/2019,Delhi,14:55,Cochin,0,7740
Air Asia,21/06/2019,Banglore,23:55,Delhi,0,3383
Jet Airways,24/05/2019,Kolkata,08:25,Banglore,0,14571
Jet Airways,12/05/2019,Kolkata,18:55,Banglore,0,9663
Air India,12/06/2019,Delhi,12:00,Cochin,0,8603
Jet Airways,12/05/2019,Mumbai,02:55,Hyderabad,0,5678
Air India,9/03/2019,Delhi,08:00,Cochin,0,16754
Jet Airways,6/03/2019,Delhi,22:20,Cochin,0,15764
Air India,6/03/2019,Mumbai,05:55,Hyderabad,0,10366
Jet Airways,15/06/2019,Delhi,18:15,Cochin,0,10262
Jet Airways,1/06/2019,Delhi,13:00,Cochin,0,14714
Jet Airways,27/03/2019,Delhi,02:15,Cochin,0,12242
Multiple carriers,9/06/2019,Delhi,08:00,Cochin,0,7408
Air India,1/06/2019,Delhi,19:00,Cochin,0,8792
IndiGo,12/05/2019,Banglore,04:00,Delhi,0,3943
Air India,12/05/2019,Banglore,06:10,Delhi,0,5228
SpiceJet,1/06/2019,Banglore,09:30,Delhi,0,3971
Jet Airways,18/05/2019,Banglore,15:15,Delhi,0,7229
SpiceJet,12/06/2019,Kolkata,22:20,Banglore,0,3873
Multiple carriers,27/03/2019,Delhi,08:55,Cochin,0,7845
Jet Airways,21/05/2019,Delhi,16:00,Cochin,0,12898
Multiple carriers,9/03/2019,Delhi,06:40,Cochin,0,12615
Jet Airways,27/05/2019,Banglore,18:55,Delhi,0,3359
SpiceJet,1/03/2019,Chennai,17:45,Kolkata,0,7718
Air India,9/06/2019,Kolkata,10:00,Banglore,0,10413
IndiGo,6/06/2019,Banglore,23:30,Delhi,0,4591
Multiple carriers,18/05/2019,Delhi,07:05,Cochin,0,10348
Air India,6/03/2019,Delhi,12:00,Cochin,0,14746
IndiGo,24/03/2019,Banglore,01:30,New Delhi,0,4238
Jet Airways,18/06/2019,Banglore,11:10,Delhi,0,5769
Multiple carriers,6/06/2019,Delhi,07:10,Cochin,0,7038
Jet Airways,06/03/2019,Banglore,22:50,New Delhi,0,19225
Multiple carriers,15/06/2019,Delhi,10:35,Cochin,0,8614
Air India,09/03/2019,Banglore,11:50,New Delhi,0,10972
Air India,24/06/2019,Delhi,13:15,Cochin,0,8839
IndiGo,18/04/2019,Banglore,01:30,Delhi,0,4591
Air India,27/05/2019,Delhi,19:45,Cochin,0,10441
Multiple carriers,24/06/2019,Delhi,07:30,Cochin,0,7740
Jet Airways Business,6/03/2019,Delhi,20:05,Cochin,0,52285
SpiceJet,3/06/2019,Mumbai,22:45,Hyderabad,0,2017
Multiple carriers,24/05/2019,Delhi,17:45,Cochin,0,9140
Vistara,1/04/2019,Kolkata,07:10,Banglore,0,8505
Jet Airways,24/06/2019,Delhi,13:00,Cochin,0,10262
Jet Airways,9/05/2019,Kolkata,14:05,Banglore,0,10844
Jet Airways,06/03/2019,Banglore,08:55,New Delhi,0,19225
Air India,27/06/2019,Delhi,10:55,Cochin,0,11753
Multiple carriers,27/03/2019,Delhi,08:00,Cochin,0,6673
Multiple carriers,24/06/2019,Delhi,14:00,Cochin,0,13587
IndiGo,24/03/2019,Kolkata,09:35,Banglore,0,6038
Jet Airways,3/06/2019,Delhi,16:00,Cochin,0,10262
Air India,6/06/2019,Kolkata,10:00,Banglore,0,13007
IndiGo,15/03/2019,Mumbai,20:05,Hyderabad,0,2754
Jet Airways,3/06/2019,Delhi,18:15,Cochin,0,14714
IndiGo,18/05/2019,Delhi,15:10,Cochin,0,6496
Multiple carriers,3/03/2019,Delhi,07:00,Cochin,0,15603
Jet Airways,18/05/2019,Kolkata,08:25,Banglore,0,10844
Jet Airways,24/05/2019,Kolkata,20:00,Banglore,0,10844
Vistara,03/03/2019,Banglore,06:40,New Delhi,0,12476
Jet Airways,6/06/2019,Kolkata,17:00,Banglore,0,12692
SpiceJet,15/05/2019,Banglore,05:55,Delhi,0,3311
IndiGo,12/06/2019,Delhi,09:15,Cochin,0,6628
SpiceJet,24/05/2019,Kolkata,15:05,Banglore,0,4649
Jet Airways,9/06/2019,Kolkata,17:00,Banglore,0,12692
Jet Airways,21/05/2019,Delhi,10:00,Cochin,0,12898
Air India,12/03/2019,Banglore,11:05,New Delhi,0,11948
Multiple carriers,3/03/2019,Delhi,10:45,Cochin,0,15135
Jet Airways,27/06/2019,Delhi,10:00,Cochin,0,10262
Multiple carriers,27/03/2019,Delhi,07:05,Cochin,0,6128
Jet Airways,21/05/2019,Banglore,06:00,Delhi,0,7229
Jet Airways,6/06/2019,Mumbai,07:05,Hyderabad,0,4995
Air India,01/03/2019,Banglore,08:50,New Delhi,0,25430
Jet Airways,12/05/2019,Kolkata,09:35,Banglore,0,14151
Air India,9/06/2019,Banglore,13:20,Delhi,0,6961
Jet Airways,6/06/2019,Kolkata,17:00,Banglore,0,10539
Air India,27/05/2019,Delhi,17:15,Cochin,0,13879
IndiGo,21/05/2019,Delhi,16:10,Cochin,0,6778
IndiGo,6/06/2019,Delhi,23:30,Cochin,0,10112
Air India,12/06/2019,Delhi,17:20,Cochin,0,7480
Jet Airways,09/03/2019,Banglore,09:45,New Delhi,0,10562
Jet Airways,3/06/2019,Delhi,22:50,Cochin,0,14714
Multiple carriers,1/06/2019,Delhi,07:05,Cochin,0,12927
Multiple carriers,6/06/2019,Delhi,09:15,Cochin,0,11622
IndiGo,6/06/2019,Delhi,06:40,Cochin,0,6093
Jet Airways,21/04/2019,Banglore,19:50,Delhi,0,4544
Jet Airways,6/06/2019,Kolkata,21:10,Banglore,0,13374
Jet Airways,27/06/2019,Delhi,13:25,Cochin,0,12819
Jet Airways,6/06/2019,Banglore,11:10,Delhi,0,8016
IndiGo,24/06/2019,Delhi,11:25,Cochin,0,5684
Jet Airways,12/03/2019,Banglore,18:55,New Delhi,0,11087
Jet Airways,21/05/2019,Kolkata,06:30,Banglore,0,13941
IndiGo,21/05/2019,Mumbai,06:25,Hyderabad,0,4049
IndiGo,6/05/2019,Delhi,10:35,Cochin,0,6979
IndiGo,3/04/2019,Mumbai,16:55,Hyderabad,0,3175
Air India,27/05/2019,Delhi,18:30,Cochin,0,12488
Jet Airways,24/06/2019,Banglore,19:50,Delhi,0,8016
Jet Airways,9/06/2019,Delhi,09:40,Cochin,0,13014
Jet Airways,12/06/2019,Delhi,09:35,Cochin,0,13292
Air India,24/03/2019,Kolkata,16:45,Banglore,0,12835
Jet Airways,18/04/2019,Banglore,07:10,Delhi,0,7229
Jet Airways,6/05/2019,Kolkata,16:30,Banglore,0,9663
Multiple carriers,27/05/2019,Delhi,07:10,Cochin,0,7878
Multiple carriers,27/05/2019,Delhi,07:30,Cochin,0,9315
IndiGo,24/06/2019,Banglore,01:30,Delhi,0,3943
Air India,1/04/2019,Delhi,05:10,Cochin,0,4729
Air Asia,21/03/2019,Delhi,16:45,Cochin,0,6151
Multiple carriers,3/06/2019,Delhi,06:00,Cochin,0,13259
Jet Airways,3/06/2019,Delhi,16:00,Cochin,0,10262
IndiGo,27/03/2019,Delhi,08:25,Cochin,0,8075
SpiceJet,15/04/2019,Delhi,08:45,Cochin,0,5726
SpiceJet,1/03/2019,Kolkata,09:00,Banglore,0,5515
IndiGo,3/03/2019,Delhi,11:55,Cochin,0,9413
Jet Airways,9/05/2019,Delhi,11:40,Cochin,0,19644
Jet Airways,18/03/2019,Banglore,11:40,New Delhi,0,12284
Jet Airways,18/05/2019,Banglore,08:20,Delhi,0,7229
Multiple carriers,9/04/2019,Delhi,19:00,Cochin,0,7363
Air Asia,1/06/2019,Delhi,16:45,Cochin,0,11410
Jet Airways,9/06/2019,Banglore,17:45,Delhi,0,8016
IndiGo,9/05/2019,Delhi,05:05,Cochin,0,6818
Jet Airways,3/06/2019,Mumbai,19:35,Hyderabad,0,3210
Multiple carriers,6/06/2019,Delhi,13:00,Cochin,0,13377
Jet Airways,21/05/2019,Delhi,21:50,Cochin,0,12898
IndiGo,18/06/2019,Delhi,05:35,Cochin,0,5000
Air India,1/05/2019,Kolkata,16:45,Banglore,0,7452
Jet Airways,27/06/2019,Delhi,13:00,Cochin,0,10262
Jet Airways,09/03/2019,Banglore,08:55,New Delhi,0,11087
Air India,21/03/2019,Delhi,09:45,Cochin,0,7532
Jet Airways,21/06/2019,Banglore,17:45,Delhi,0,7754
Jet Airways,24/05/2019,Banglore,06:00,Delhi,0,4030
Vistara,9/05/2019,Banglore,17:00,Delhi,0,4878
Multiple carriers,18/05/2019,Delhi,10:20,Cochin,0,7670
Jet Airways,12/06/2019,Mumbai,19:35,Hyderabad,0,5678
IndiGo,9/04/2019,Banglore,16:55,Delhi,0,4823
Air India,24/05/2019,Kolkata,10:00,Banglore,0,13873
IndiGo,21/05/2019,Delhi,16:00,Cochin,0,7255
Jet Airways,18/03/2019,Banglore,11:40,New Delhi,0,13555
Air India,24/03/2019,Kolkata,09:25,Banglore,0,10493
Jet Airways,18/05/2019,Delhi,23:05,Cochin,0,15129
IndiGo,12/06/2019,Delhi,07:35,Cochin,0,5054
Air India,21/03/2019,Delhi,09:45,Cochin,0,8140
Multiple carriers Premium economy,21/03/2019,Delhi,06:00,Cochin,0,14629
SpiceJet,6/04/2019,Kolkata,17:10,Banglore,0,3841
Jet Airways,01/03/2019,Banglore,05:45,New Delhi,0,27992
IndiGo,12/06/2019,Kolkata,20:20,Banglore,0,4804
Vistara,9/04/2019,Banglore,21:00,Delhi,0,5403
Air Asia,01/03/2019,Banglore,23:25,New Delhi,0,10873
Jet Airways,24/05/2019,Kolkata,21:10,Banglore,0,9663
Multiple carriers,6/06/2019,Delhi,19:00,Cochin,0,7530
Multiple carriers,15/06/2019,Delhi,08:00,Cochin,0,13587
Air India,27/04/2019,Banglore,21:05,Delhi,0,5228
IndiGo,1/06/2019,Delhi,16:00,Cochin,0,6593
Jet Airways,21/03/2019,Delhi,17:30,Cochin,0,12557
Multiple carriers,18/05/2019,Delhi,10:20,Cochin,0,8476
Jet Airways,27/05/2019,Delhi,07:05,Cochin,0,12898
Air India,27/03/2019,Delhi,06:05,Cochin,0,5117
Jet Airways,6/06/2019,Kolkata,18:55,Banglore,0,10844
IndiGo,1/05/2019,Delhi,18:35,Cochin,0,8854
IndiGo,03/03/2019,Banglore,14:25,New Delhi,0,11873
Air India,6/03/2019,Delhi,06:05,Cochin,0,12677
Vistara,24/03/2019,Kolkata,09:55,Banglore,0,10842
Air India,6/06/2019,Banglore,21:05,Delhi,0,6121
IndiGo,21/05/2019,Delhi,11:55,Cochin,0,6442
Air India,6/05/2019,Kolkata,20:45,Banglore,0,4145
IndiGo,21/05/2019,Delhi,04:55,Cochin,0,6794
Jet Airways,9/04/2019,Banglore,07:10,Delhi,0,7229
Multiple carriers,9/05/2019,Delhi,13:00,Cochin,0,8073
Air India,18/05/2019,Delhi,22:00,Cochin,0,10441
Multiple carriers,27/06/2019,Delhi,06:00,Cochin,0,6007
Air India,01/03/2019,Banglore,08:50,New Delhi,0,26743
IndiGo,21/03/2019,Mumbai,06:20,Hyderabad,0,4049
Multiple carriers,27/03/2019,Delhi,18:15,Cochin,0,12327
SpiceJet,18/05/2019,Kolkata,06:55,Banglore,0,3841
IndiGo,1/04/2019,Kolkata,15:30,Banglore,0,4174
Air India,1/03/2019,Delhi,23:00,Cochin,0,27430
IndiGo,03/03/2019,Banglore,13:40,New Delhi,0,8662
Jet Airways,24/05/2019,Kolkata,06:30,Banglore,0,14571
Air India,18/05/2019,Delhi,05:15,Cochin,0,10703
Jet Airways,6/04/2019,Banglore,17:45,Delhi,0,7229
Jet Airways,24/06/2019,Delhi,10:00,Cochin,0,10262
Jet Airways,24/03/2019,Kolkata,13:55,Banglore,0,14231
Air India,1/04/2019,Mumbai,19:30,Hyderabad,0,2050
GoAir,1/06/2019,Banglore,11:40,Delhi,0,3898
Air India,21/05/2019,Delhi,17:15,Cochin,0,11972
Jet Airways,24/06/2019,Delhi,09:40,Cochin,0,10368
Multiple carriers,15/05/2019,Delhi,09:00,Cochin,0,8073
Jet Airways,15/03/2019,Banglore,07:00,New Delhi,0,9134
Jet Airways,15/06/2019,Delhi,19:45,Cochin,0,10262
Jet Airways,24/03/2019,Kolkata,13:55,Banglore,0,11134
Multiple carriers,21/03/2019,Delhi,17:30,Cochin,0,13542
Multiple carriers Premium economy,21/03/2019,Delhi,08:55,Cochin,0,11269
IndiGo,21/05/2019,Chennai,22:05,Kolkata,0,5277
Jet Airways,9/06/2019,Kolkata,17:00,Banglore,0,14151
IndiGo,27/03/2019,Chennai,14:40,Kolkata,0,3384
IndiGo,18/03/2019,Kolkata,15:20,Banglore,0,4462
IndiGo,15/05/2019,Chennai,19:35,Kolkata,0,3597
Jet Airways,06/03/2019,Banglore,11:40,New Delhi,0,17261
Jet Airways,21/03/2019,Banglore,08:55,New Delhi,0,7832
IndiGo,18/05/2019,Delhi,06:50,Cochin,0,6347
Multiple carriers,12/06/2019,Delhi,09:45,Cochin,0,9646
IndiGo,3/03/2019,Delhi,05:35,Cochin,0,13753
Jet Airways,21/03/2019,Delhi,14:00,Cochin,0,7438
Air India,18/03/2019,Banglore,10:00,New Delhi,0,4441
IndiGo,3/06/2019,Banglore,23:30,Delhi,0,4591
Air India,9/05/2019,Banglore,17:00,Delhi,0,5228
Air India,18/06/2019,Mumbai,19:30,Hyderabad,0,3100
IndiGo,6/04/2019,Kolkata,17:15,Banglore,0,4174
Multiple carriers,15/06/2019,Delhi,17:50,Cochin,0,18485
Multiple carriers,3/06/2019,Delhi,15:15,Cochin,0,6795
Air India,12/06/2019,Kolkata,17:30,Banglore,0,10203
IndiGo,12/06/2019,Delhi,02:00,Cochin,0,5636
Jet Airways,21/06/2019,Banglore,06:00,Delhi,0,8016
Jet Airways,18/05/2019,Kolkata,21:10,Banglore,0,8586
Jet Airways,6/06/2019,Banglore,17:45,Delhi,0,8016
IndiGo,1/06/2019,Banglore,21:15,Delhi,0,3943
IndiGo,15/04/2019,Kolkata,17:15,Banglore,0,4174
Vistara,18/05/2019,Banglore,19:30,Delhi,0,4878
SpiceJet,24/06/2019,Banglore,09:30,Delhi,0,3625
Jet Airways,3/06/2019,Delhi,11:30,Cochin,0,11627
Air India,24/06/2019,Delhi,19:00,Cochin,0,8372
IndiGo,3/05/2019,Banglore,08:30,Delhi,0,4823
Multiple carriers,15/05/2019,Delhi,11:30,Cochin,0,13727
SpiceJet,3/04/2019,Banglore,21:10,Delhi,0,3971
Air India,18/05/2019,Mumbai,06:20,Hyderabad,0,3100
Vistara,12/03/2019,Mumbai,08:45,Hyderabad,0,12080
Jet Airways,15/03/2019,Banglore,18:55,New Delhi,0,21934
Jet Airways,21/05/2019,Kolkata,20:25,Banglore,0,12384
Jet Airways,03/03/2019,Banglore,11:40,New Delhi,0,13502
IndiGo,9/04/2019,Delhi,15:00,Cochin,0,6270
Jet Airways,1/04/2019,Kolkata,06:30,Banglore,0,12681
Air India,6/03/2019,Delhi,07:05,Cochin,0,11552
Multiple carriers,24/06/2019,Delhi,11:25,Cochin,0,10678
Jet Airways,27/05/2019,Banglore,07:10,Delhi,0,4030
SpiceJet,21/05/2019,Delhi,15:45,Cochin,0,7317
Air India,21/05/2019,Delhi,20:00,Cochin,0,10861
Jet Airways,3/03/2019,Delhi,08:00,Cochin,0,17024
IndiGo,3/06/2019,Delhi,05:05,Cochin,0,6818
Air India,6/06/2019,Delhi,09:45,Cochin,0,8907
Jet Airways,12/06/2019,Delhi,11:30,Cochin,0,14714
Jet Airways,15/05/2019,Kolkata,20:25,Banglore,0,9314
Jet Airways,12/03/2019,Banglore,18:55,New Delhi,0,11087
Air India,1/05/2019,Kolkata,05:50,Banglore,0,10991
Jet Airways,15/05/2019,Kolkata,20:25,Banglore,0,14151
Air India,15/03/2019,Banglore,05:50,New Delhi,0,10111
Jet Airways,12/06/2019,Kolkata,14:05,Banglore,0,8529
Air India,24/05/2019,Banglore,06:10,Delhi,0,8273
IndiGo,3/03/2019,Chennai,07:55,Kolkata,0,7295
Jet Airways,12/06/2019,Delhi,05:30,Cochin,0,13014
IndiGo,6/05/2019,Banglore,20:00,Delhi,0,4823
Jet Airways,27/03/2019,Delhi,19:45,Cochin,0,5963
Jet Airways,9/05/2019,Delhi,17:30,Cochin,0,12373
Air India,12/05/2019,Kolkata,09:25,Banglore,0,8891
Jet Airways,12/06/2019,Banglore,15:15,Delhi,0,5769
Jet Airways,12/06/2019,Kolkata,14:05,Banglore,0,9899
Jet Airways,24/06/2019,Delhi,14:00,Cochin,0,10262
Multiple carriers,15/06/2019,Delhi,07:00,Cochin,0,7408
Jet Airways,24/05/2019,Mumbai,07:05,Hyderabad,0,8040
SpiceJet,18/03/2019,Chennai,08:20,Kolkata,0,3859
SpiceJet,18/06/2019,Banglore,09:30,Delhi,0,3257
IndiGo,27/05/2019,Delhi,10:35,Cochin,0,6314
Jet Airways,12/06/2019,Kolkata,08:25,Banglore,0,9899
Jet Airways,12/05/2019,Kolkata,09:35,Banglore,0,14151
IndiGo,1/06/2019,Mumbai,16:55,Hyderabad,0,3175
IndiGo,27/03/2019,Delhi,06:40,Cochin,0,6494
Jet Airways,27/06/2019,Delhi,07:05,Cochin,0,18371
Jet Airways,15/06/2019,Delhi,05:30,Cochin,0,13014
Jet Airways,15/05/2019,Kolkata,18:55,Banglore,0,10844
Jet Airways,1/06/2019,Delhi,10:00,Cochin,0,14714
Multiple carriers,27/05/2019,Delhi,11:30,Cochin,0,13587
Jet Airways,6/05/2019,Kolkata,17:00,Banglore,0,9314
IndiGo,6/05/2019,Kolkata,14:25,Banglore,0,5224
SpiceJet,21/05/2019,Chennai,17:45,Kolkata,0,3597
IndiGo,03/03/2019,Banglore,07:10,New Delhi,0,7648
IndiGo,27/05/2019,Banglore,18:25,Delhi,0,4823
Jet Airways,12/06/2019,Delhi,05:30,Cochin,0,13014
SpiceJet,27/05/2019,Banglore,09:30,Delhi,0,3573
Multiple carriers,6/03/2019,Delhi,10:20,Cochin,0,15147
Vistara,12/06/2019,Delhi,14:40,Cochin,0,6216
IndiGo,3/03/2019,Kolkata,14:20,Banglore,0,6565
Air India,9/05/2019,Delhi,09:45,Cochin,0,9925
IndiGo,27/06/2019,Banglore,18:25,Delhi,0,4823
Vistara,01/03/2019,Banglore,06:40,New Delhi,0,12371
Air India,21/03/2019,Delhi,07:00,Cochin,0,7934
IndiGo,24/06/2019,Delhi,09:15,Cochin,0,6838
SpiceJet,15/06/2019,Mumbai,05:45,Hyderabad,0,2647
Jet Airways,15/05/2019,Kolkata,16:30,Banglore,0,8586
IndiGo,15/05/2019,Delhi,05:05,Cochin,0,6818
IndiGo,1/04/2019,Mumbai,19:05,Hyderabad,0,2754
Multiple carriers,18/05/2019,Delhi,11:30,Cochin,0,13727
Jet Airways,27/06/2019,Delhi,20:00,Cochin,0,16263
Air India,18/04/2019,Banglore,13:20,Delhi,0,6121
Jet Airways,21/03/2019,Delhi,07:05,Cochin,0,14053
IndiGo,15/06/2019,Banglore,10:30,Delhi,0,3943
Air India,3/03/2019,Delhi,19:45,Cochin,0,12646
Multiple carriers,24/06/2019,Delhi,13:00,Cochin,0,13377
Vistara,1/05/2019,Banglore,09:45,Delhi,0,4668
Jet Airways,24/03/2019,Kolkata,21:10,Banglore,0,14231
Air India,18/05/2019,Kolkata,09:25,Banglore,0,11668
IndiGo,9/06/2019,Delhi,10:35,Cochin,0,6104
Jet Airways,18/05/2019,Delhi,05:30,Cochin,0,16274
Jet Airways,27/06/2019,Delhi,17:30,Cochin,0,10262
IndiGo,18/05/2019,Kolkata,19:35,Banglore,0,4226
Jet Airways,21/03/2019,Delhi,09:00,Cochin,0,7438
SpiceJet,12/05/2019,Banglore,09:30,Delhi,0,4319
IndiGo,1/05/2019,Chennai,07:55,Kolkata,0,3850
Jet Airways,12/06/2019,Delhi,09:40,Cochin,0,10368
Jet Airways,1/06/2019,Delhi,19:15,Cochin,0,10262
IndiGo,15/04/2019,Kolkata,15:15,Banglore,0,4775
Air India,21/05/2019,Delhi,13:20,Cochin,0,13276
IndiGo,3/06/2019,Banglore,04:00,Delhi,0,3943
IndiGo,1/06/2019,Mumbai,09:15,Hyderabad,0,4049
Multiple carriers,24/06/2019,Delhi,06:00,Cochin,0,12524
IndiGo,15/03/2019,Chennai,19:35,Kolkata,0,6297
Multiple carriers,9/04/2019,Delhi,07:05,Cochin,0,6601
SpiceJet,21/03/2019,Delhi,15:55,Cochin,0,5511
IndiGo,9/04/2019,Delhi,10:35,Cochin,0,6270
Air Asia,1/05/2019,Banglore,23:55,Delhi,0,4483
IndiGo,27/04/2019,Delhi,16:00,Cochin,0,6937
Air India,24/03/2019,Banglore,17:00,New Delhi,0,7486
Jet Airways,21/03/2019,Banglore,05:45,New Delhi,0,7832
IndiGo,1/03/2019,Kolkata,21:25,Banglore,0,4778
Vistara,6/06/2019,Kolkata,20:20,Banglore,0,8820
IndiGo,15/04/2019,Kolkata,15:30,Banglore,0,4174
Jet Airways,3/03/2019,Mumbai,19:35,Hyderabad,0,5678
Multiple carriers,9/05/2019,Delhi,07:00,Cochin,0,10197
Air India,3/06/2019,Delhi,06:50,Cochin,0,13381
Air India,21/05/2019,Kolkata,09:50,Banglore,0,14960
Air India,01/03/2019,Banglore,10:30,New Delhi,0,11003
Air India,3/06/2019,Banglore,21:05,Delhi,0,6961
Air India,27/06/2019,Delhi,19:45,Cochin,0,9653
Jet Airways,12/05/2019,Kolkata,20:25,Banglore,0,14151
IndiGo,24/05/2019,Mumbai,12:00,Hyderabad,0,4392
IndiGo,27/03/2019,Kolkata,15:10,Banglore,0,4148
IndiGo,6/06/2019,Delhi,08:30,Cochin,0,6416
Jet Airways,1/04/2019,Kolkata,20:00,Banglore,0,7064
Air India,1/04/2019,Kolkata,16:45,Banglore,0,9920
IndiGo,6/05/2019,Mumbai,06:25,Hyderabad,0,4049
IndiGo,21/03/2019,Delhi,14:20,Cochin,0,6528
IndiGo,6/03/2019,Delhi,08:35,Cochin,0,7682
Multiple carriers,27/03/2019,Delhi,09:00,Cochin,0,6883
IndiGo,15/04/2019,Banglore,08:30,Delhi,0,4823
Jet Airways,27/06/2019,Delhi,13:25,Cochin,0,11150
Multiple carriers,27/05/2019,Delhi,13:00,Cochin,0,7408
IndiGo,24/06/2019,Delhi,08:30,Cochin,0,6093
Air India,24/03/2019,Banglore,06:10,New Delhi,0,4441
Air Asia,24/05/2019,Kolkata,07:35,Banglore,0,5192
IndiGo,12/06/2019,Banglore,16:55,Delhi,0,4823
Air India,9/06/2019,Kolkata,07:00,Banglore,0,12534
Jet Airways,06/03/2019,Banglore,08:00,New Delhi,0,16736
Air India,1/05/2019,Kolkata,09:25,Banglore,0,15532
Jet Airways,21/03/2019,Delhi,19:45,Cochin,0,12557
Jet Airways,24/05/2019,Kolkata,17:00,Banglore,0,13067
Jet Airways,27/06/2019,Delhi,19:10,Cochin,0,11150
IndiGo,12/04/2019,Banglore,16:55,Delhi,0,4990
Air India,9/05/2019,Kolkata,08:20,Banglore,0,11432
Air India,09/03/2019,Banglore,06:50,New Delhi,0,5118
Multiple carriers,15/05/2019,Delhi,10:20,Cochin,0,9794
Air India,03/03/2019,Banglore,13:20,New Delhi,0,12841
Jet Airways,12/06/2019,Kolkata,14:05,Banglore,0,12739
Air India,6/05/2019,Kolkata,09:10,Banglore,0,8996
IndiGo,9/06/2019,Delhi,08:30,Cochin,0,6838
Air India,3/04/2019,Kolkata,09:10,Banglore,0,4647
Jet Airways,24/06/2019,Delhi,11:30,Cochin,0,10262
Multiple carriers,27/06/2019,Delhi,11:30,Cochin,0,13587
IndiGo,6/03/2019,Chennai,22:05,Kolkata,0,5277
IndiGo,12/06/2019,Banglore,23:30,Delhi,0,3943
Air India,18/03/2019,Banglore,06:45,New Delhi,0,10835
Air India,1/05/2019,Kolkata,14:35,Banglore,0,7001
Jet Airways,1/06/2019,Banglore,15:15,Delhi,0,8016
Multiple carriers,21/05/2019,Delhi,13:00,Cochin,0,7888
Jet Airways,12/05/2019,Kolkata,16:30,Banglore,0,10844
Jet Airways,27/05/2019,Delhi,21:50,Cochin,0,12898
Air Asia,21/05/2019,Kolkata,19:55,Banglore,0,5162
Air India,15/05/2019,Kolkata,09:50,Banglore,0,14960
Air India,1/06/2019,Delhi,17:15,Cochin,0,12970
Jet Airways,15/05/2019,Kolkata,10:20,Banglore,0,8355
Air Asia,15/06/2019,Banglore,04:55,Delhi,0,4282
IndiGo,6/03/2019,Delhi,06:40,Cochin,0,5647
GoAir,24/04/2019,Banglore,07:45,Delhi,0,4632
Air India,3/03/2019,Delhi,20:00,Cochin,0,17266
IndiGo,6/05/2019,Kolkata,04:40,Banglore,0,4804
IndiGo,12/05/2019,Delhi,21:05,Cochin,0,8626
IndiGo,9/06/2019,Chennai,22:05,Kolkata,0,5277
Air India,12/06/2019,Delhi,20:15,Cochin,0,13381
Vistara,24/03/2019,Kolkata,07:10,Banglore,0,12942
Multiple carriers Premium economy,21/03/2019,Delhi,19:00,Cochin,0,10885
Jet Airways,12/06/2019,Delhi,09:40,Cochin,0,10368
IndiGo,15/04/2019,Banglore,16:55,Delhi,0,4823
IndiGo,27/06/2019,Delhi,05:05,Cochin,0,6442
IndiGo,6/03/2019,Delhi,16:10,Cochin,0,7205
Jet Airways,6/06/2019,Kolkata,18:55,Banglore,0,10844
Multiple carriers,6/06/2019,Delhi,13:00,Cochin,0,7198
IndiGo,01/03/2019,Banglore,08:30,New Delhi,0,10067
SpiceJet,9/04/2019,Kolkata,09:00,Banglore,0,3873
Multiple carriers,1/06/2019,Delhi,07:05,Cochin,0,9646
Multiple carriers,27/05/2019,Delhi,08:45,Cochin,0,10051
Jet Airways,21/05/2019,Delhi,07:05,Cochin,0,16289
Air India,1/04/2019,Mumbai,21:05,Hyderabad,0,2050
Jet Airways,21/03/2019,Delhi,18:25,Cochin,0,7791
Multiple carriers,15/05/2019,Delhi,16:00,Cochin,0,13727
SpiceJet,12/04/2019,Banglore,09:30,Delhi,0,4991
Vistara,1/05/2019,Kolkata,07:10,Banglore,0,9345
Multiple carriers,15/05/2019,Delhi,10:35,Cochin,0,7575
IndiGo,6/06/2019,Banglore,00:25,Delhi,0,3943
Air India,9/05/2019,Kolkata,14:30,Banglore,0,15107
Jet Airways,27/05/2019,Delhi,14:00,Cochin,0,12898
Air India,9/03/2019,Delhi,21:30,Cochin,0,11762
IndiGo,15/05/2019,Kolkata,17:15,Banglore,0,4804
Air Asia,15/05/2019,Kolkata,22:50,Banglore,0,4107
Jet Airways,24/03/2019,Kolkata,18:55,Banglore,0,11134
Vistara,1/06/2019,Chennai,17:45,Kolkata,0,11982
Jet Airways,18/05/2019,Kolkata,18:55,Banglore,0,13584
SpiceJet,24/03/2019,Banglore,05:45,New Delhi,0,3579
IndiGo,6/04/2019,Delhi,04:55,Cochin,0,5307
Jet Airways,27/05/2019,Delhi,11:00,Cochin,0,9564
Multiple carriers,9/03/2019,Delhi,07:30,Cochin,0,12615
Air India,6/06/2019,Delhi,12:00,Cochin,0,8603
Air India,6/06/2019,Delhi,09:45,Cochin,0,7952
SpiceJet,18/05/2019,Chennai,17:45,Kolkata,0,3543
Jet Airways,1/05/2019,Kolkata,21:10,Banglore,0,10844
Multiple carriers,24/06/2019,Delhi,10:35,Cochin,0,10678
SpiceJet,15/05/2019,Chennai,17:45,Kolkata,0,3597
Jet Airways,1/05/2019,Banglore,07:10,Delhi,0,7229
Jet Airways,12/05/2019,Kolkata,16:30,Banglore,0,10844
Air India,01/03/2019,Banglore,10:30,New Delhi,0,11528
Multiple carriers,15/06/2019,Delhi,09:00,Cochin,0,12717
Air India,21/05/2019,Delhi,20:40,Cochin,0,7480
IndiGo,6/06/2019,Delhi,11:25,Cochin,0,6093
Jet Airways,1/04/2019,Banglore,15:15,Delhi,0,4544
Air India,21/05/2019,Delhi,10:00,Cochin,0,8372
Jet Airways,1/05/2019,Kolkata,16:30,Banglore,0,9663
Jet Airways,6/06/2019,Kolkata,14:05,Banglore,0,10844
Air Asia,21/03/2019,Kolkata,10:20,Banglore,0,4082
Multiple carriers,15/06/2019,Delhi,10:00,Cochin,0,13377
Multiple carriers,24/06/2019,Delhi,12:50,Cochin,0,7268
IndiGo,27/06/2019,Delhi,17:10,Cochin,0,5684
Jet Airways,9/05/2019,Kolkata,18:55,Banglore,0,8586
Jet Airways,21/03/2019,Banglore,14:05,New Delhi,0,7832
Jet Airways,9/05/2019,Kolkata,16:30,Banglore,0,13941
Jet Airways,12/03/2019,Banglore,16:55,New Delhi,0,13817
Jet Airways,15/03/2019,Mumbai,19:35,Hyderabad,0,2759
IndiGo,9/05/2019,Delhi,06:50,Cochin,0,6734
Jet Airways,12/03/2019,Mumbai,09:50,Hyderabad,0,20120
IndiGo,24/06/2019,Delhi,08:35,Cochin,0,6442
IndiGo,21/06/2019,Banglore,19:30,Delhi,0,5780
SpiceJet,18/06/2019,Kolkata,22:20,Banglore,0,3841
IndiGo,3/03/2019,Delhi,07:30,Cochin,0,14871
Jet Airways,24/03/2019,Mumbai,10:20,Hyderabad,0,5678
Jet Airways,1/05/2019,Kolkata,20:25,Banglore,0,9314
Jet Airways,27/06/2019,Mumbai,07:05,Hyderabad,0,4995
Air Asia,18/03/2019,Kolkata,19:35,Banglore,0,4384
Vistara,9/03/2019,Delhi,06:00,Cochin,0,7266
IndiGo,6/03/2019,Mumbai,15:45,Hyderabad,0,7681
GoAir,1/05/2019,Banglore,07:45,Delhi,0,3898
IndiGo,3/06/2019,Delhi,14:20,Cochin,0,6938
Air India,12/05/2019,Chennai,11:40,Kolkata,0,4667
Jet Airways,9/03/2019,Delhi,13:45,Cochin,0,15129
Air India,12/06/2019,Kolkata,12:00,Banglore,0,9416
Air India,21/06/2019,Delhi,14:10,Cochin,0,5201
IndiGo,3/03/2019,Delhi,02:05,Cochin,0,10394
IndiGo,27/05/2019,Delhi,07:35,Cochin,0,7514
Jet Airways,12/05/2019,Kolkata,18:55,Banglore,0,9663
Multiple carriers,27/05/2019,Delhi,06:00,Cochin,0,8475
Jet Airways,06/03/2019,Banglore,11:40,New Delhi,0,17261
Multiple carriers,12/06/2019,Delhi,13:00,Cochin,0,13377
Air India,06/03/2019,Banglore,08:15,New Delhi,0,13942
Air India,21/05/2019,Kolkata,17:30,Banglore,0,11936
IndiGo,6/05/2019,Mumbai,02:35,Hyderabad,0,3342
Multiple carriers,6/03/2019,Delhi,09:45,Cochin,0,10444
Air Asia,15/04/2019,Banglore,23:55,Delhi,0,4483
Jet Airways,27/06/2019,Banglore,18:55,Delhi,0,8016
Air India,15/03/2019,Banglore,11:50,New Delhi,0,5932
Jet Airways,12/06/2019,Kolkata,20:00,Banglore,0,8529
Jet Airways,15/06/2019,Delhi,08:00,Cochin,0,14714
Jet Airways,06/03/2019,Banglore,21:25,New Delhi,0,16736
Air India,9/06/2019,Kolkata,09:50,Banglore,0,14960
SpiceJet,21/05/2019,Banglore,09:30,Delhi,0,3573
Jet Airways,27/03/2019,Delhi,05:10,Cochin,0,8518
Multiple carriers,3/06/2019,Delhi,10:00,Cochin,0,13587
Jet Airways,18/03/2019,Banglore,18:40,New Delhi,0,54826
Jet Airways,06/03/2019,Banglore,05:45,New Delhi,0,16736
Air India,6/03/2019,Delhi,21:30,Cochin,0,11552
SpiceJet,27/03/2019,Mumbai,22:45,Hyderabad,0,1759
SpiceJet,18/05/2019,Banglore,05:55,Delhi,0,3573
Jet Airways,6/06/2019,Delhi,14:00,Cochin,0,10262
Air India,3/03/2019,Delhi,07:05,Cochin,0,11552
Air India,27/03/2019,Delhi,10:00,Cochin,0,6902
Jet Airways,6/06/2019,Delhi,19:45,Cochin,0,10262
IndiGo,09/03/2019,Banglore,07:10,New Delhi,0,7303
Vistara,6/06/2019,Kolkata,07:10,Banglore,0,9187
Jet Airways,6/06/2019,Kolkata,20:00,Banglore,0,13731
IndiGo,27/05/2019,Delhi,17:05,Cochin,0,6373
IndiGo,3/04/2019,Kolkata,17:15,Banglore,0,4174
Jet Airways,9/05/2019,Kolkata,14:05,Banglore,0,8586
Jet Airways,9/06/2019,Delhi,14:00,Cochin,0,10262
Air India,27/05/2019,Kolkata,14:15,Banglore,0,5510
Air India,9/06/2019,Kolkata,05:50,Banglore,0,12723
Vistara,9/05/2019,Kolkata,07:10,Banglore,0,8610
IndiGo,27/04/2019,Kolkata,20:20,Banglore,0,4804
Air India,9/04/2019,Kolkata,14:35,Banglore,0,5006
IndiGo,27/04/2019,Kolkata,15:30,Banglore,0,4804
Jet Airways,21/03/2019,Delhi,13:00,Cochin,0,6540
Jet Airways,12/05/2019,Kolkata,08:25,Banglore,0,13941
IndiGo,6/06/2019,Kolkata,15:15,Banglore,0,4804
Jet Airways,9/05/2019,Kolkata,09:35,Banglore,0,10953
Jet Airways,24/06/2019,Delhi,09:35,Cochin,0,12609
Jet Airways,18/06/2019,Mumbai,08:45,Hyderabad,0,8040
IndiGo,9/05/2019,Delhi,02:00,Cochin,0,6582
Air India,1/05/2019,Kolkata,09:25,Banglore,0,8366
Jet Airways,21/03/2019,Delhi,18:15,Cochin,0,5963
Air India,21/03/2019,Delhi,17:20,Cochin,0,6482
Jet Airways,12/03/2019,Banglore,05:45,New Delhi,0,13817
Jet Airways,1/04/2019,Kolkata,16:30,Banglore,0,12681
Jet Airways,3/06/2019,Mumbai,10:20,Hyderabad,0,8040
Jet Airways,9/06/2019,Kolkata,14:05,Banglore,0,14178
Air India,21/05/2019,Kolkata,08:20,Banglore,0,12324
Jet Airways,9/05/2019,Delhi,09:00,Cochin,0,12373
SpiceJet,12/06/2019,Kolkata,22:20,Banglore,0,3841
Jet Airways,18/05/2019,Kolkata,14:05,Banglore,0,14388
Air India,12/06/2019,Delhi,16:55,Cochin,0,13381
Air India,6/06/2019,Kolkata,09:25,Banglore,0,8366
Air India,12/03/2019,Banglore,11:50,New Delhi,0,11707
IndiGo,27/05/2019,Delhi,11:55,Cochin,0,6442
SpiceJet,18/05/2019,Kolkata,14:55,Banglore,0,4174
Air India,18/05/2019,Delhi,17:15,Cochin,0,12392
Jet Airways,9/04/2019,Delhi,17:30,Cochin,0,11822
SpiceJet,15/05/2019,Mumbai,13:15,Hyderabad,0,2175
Air India,12/06/2019,Kolkata,09:25,Banglore,0,11542
Air India,15/05/2019,Kolkata,16:45,Banglore,0,14960
Jet Airways,15/04/2019,Banglore,11:10,Delhi,0,4544
Jet Airways,27/06/2019,Delhi,14:35,Cochin,0,13376
Jet Airways,24/06/2019,Delhi,19:10,Cochin,0,12819
Multiple carriers,9/05/2019,Delhi,08:00,Cochin,0,10197
Multiple carriers,18/05/2019,Delhi,07:10,Cochin,0,7740
IndiGo,03/03/2019,Banglore,08:30,New Delhi,0,6860
Jet Airways,27/06/2019,Delhi,14:00,Cochin,0,10262
IndiGo,21/03/2019,Kolkata,09:35,Banglore,0,4148
Air India,21/04/2019,Delhi,20:30,Cochin,0,7174
SpiceJet,18/06/2019,Banglore,21:10,Delhi,0,3971
Air Asia,21/04/2019,Kolkata,10:20,Banglore,0,4409
Air India,15/06/2019,Delhi,12:30,Cochin,0,7480
SpiceJet,1/06/2019,Chennai,08:20,Kolkata,0,3543
IndiGo,1/06/2019,Delhi,09:15,Cochin,0,7258
SpiceJet,9/06/2019,Delhi,17:55,Cochin,0,5409
Jet Airways,1/06/2019,Delhi,14:35,Cochin,0,13376
Multiple carriers,12/06/2019,Delhi,10:20,Cochin,0,8266
Air Asia,12/06/2019,Delhi,20:45,Cochin,0,6152
Air India,9/04/2019,Delhi,13:05,Cochin,0,8577
Air India,15/03/2019,Banglore,05:50,New Delhi,0,7664
Air Asia,12/05/2019,Banglore,11:10,Delhi,0,3383
Air India,18/05/2019,Kolkata,07:00,Banglore,0,11306
Jet Airways,24/03/2019,Kolkata,13:55,Banglore,0,14231
Air India,6/05/2019,Mumbai,13:55,Hyderabad,0,3625
Vistara,3/05/2019,Banglore,11:30,Delhi,0,4668
Multiple carriers,21/05/2019,Delhi,07:05,Cochin,0,9646
IndiGo,1/05/2019,Banglore,08:30,Delhi,0,4823
Air India,24/06/2019,Delhi,12:00,Cochin,0,9548
Jet Airways,24/05/2019,Kolkata,20:25,Banglore,0,12121
Air India,12/03/2019,Mumbai,19:30,Hyderabad,0,4307
Jet Airways,27/05/2019,Delhi,17:30,Cochin,0,12898
Vistara,18/06/2019,Banglore,11:30,Delhi,0,4668
Jet Airways,1/04/2019,Kolkata,06:30,Banglore,0,7064
Multiple carriers,9/06/2019,Delhi,07:00,Cochin,0,12192
IndiGo,1/05/2019,Kolkata,19:35,Banglore,0,4226
Jet Airways,15/05/2019,Kolkata,06:30,Banglore,0,14781
Air India,1/05/2019,Kolkata,10:00,Banglore,0,10203
Jet Airways,21/05/2019,Kolkata,20:00,Banglore,0,14781
Jet Airways,15/03/2019,Banglore,05:45,New Delhi,0,9134
GoAir,18/06/2019,Banglore,07:45,Delhi,0,3419
Jet Airways,1/04/2019,Kolkata,16:30,Banglore,0,12681
Air Asia,24/03/2019,Kolkata,07:35,Banglore,0,6785
Air India,24/06/2019,Delhi,10:55,Cochin,0,11753
Multiple carriers,9/06/2019,Delhi,11:40,Cochin,0,11789
Jet Airways,9/06/2019,Banglore,11:10,Delhi,0,8016
Jet Airways,27/05/2019,Delhi,13:00,Cochin,0,12898
Jet Airways,9/05/2019,Kolkata,16:30,Banglore,0,9663
IndiGo,1/06/2019,Banglore,18:55,Delhi,0,4823
Jet Airways,3/06/2019,Delhi,02:15,Cochin,0,14714
IndiGo,18/05/2019,Chennai,14:45,Kolkata,0,3858
Jet Airways,6/05/2019,Kolkata,20:00,Banglore,0,14388
Multiple carriers,18/05/2019,Delhi,06:00,Cochin,0,7670
SpiceJet,24/05/2019,Kolkata,17:10,Banglore,0,4174
IndiGo,3/06/2019,Kolkata,04:40,Banglore,0,5224
IndiGo,21/05/2019,Kolkata,21:00,Banglore,0,7228
Jet Airways,1/03/2019,Mumbai,10:20,Hyderabad,0,10875
Jet Airways,15/06/2019,Delhi,14:00,Cochin,0,10262
Air Asia,1/04/2019,Kolkata,22:50,Banglore,0,4107
Vistara,21/04/2019,Banglore,11:30,Delhi,0,5403
IndiGo,12/05/2019,Mumbai,20:05,Hyderabad,0,2227
IndiGo,9/03/2019,Chennai,22:05,Kolkata,0,6297
Jet Airways,6/06/2019,Kolkata,09:35,Banglore,0,13469
IndiGo,18/06/2019,Mumbai,19:05,Hyderabad,0,2754
IndiGo,18/03/2019,Chennai,07:55,Kolkata,0,3850
Air Asia,6/06/2019,Delhi,07:55,Cochin,0,8759
IndiGo,27/05/2019,Delhi,07:35,Cochin,0,5054
Jet Airways,12/03/2019,Banglore,22:55,New Delhi,0,11087
Air India,03/03/2019,Banglore,06:10,New Delhi,0,8851
IndiGo,1/05/2019,Banglore,10:10,Delhi,0,3943
IndiGo,27/05/2019,Delhi,11:25,Cochin,0,6314
Jet Airways,1/04/2019,Kolkata,08:25,Banglore,0,7851
Jet Airways,9/05/2019,Kolkata,09:35,Banglore,0,12384
SpiceJet,3/03/2019,Delhi,15:55,Cochin,0,11349
Multiple carriers,21/03/2019,Delhi,07:05,Cochin,0,13062
Jet Airways,24/05/2019,Kolkata,18:55,Banglore,0,10844
Air India,21/03/2019,Banglore,10:30,New Delhi,0,6383
IndiGo,18/06/2019,Banglore,08:30,Delhi,0,4823
Jet Airways,15/05/2019,Banglore,19:50,Delhi,0,4030
IndiGo,12/04/2019,Banglore,23:30,Delhi,0,6906
Jet Airways,12/06/2019,Kolkata,18:55,Banglore,0,8529
Jet Airways,12/04/2019,Banglore,11:10,Delhi,0,5198
IndiGo,21/05/2019,Chennai,19:35,Kolkata,0,3597
SpiceJet,24/05/2019,Kolkata,11:35,Banglore,0,8479
Jet Airways,21/06/2019,Mumbai,10:20,Hyderabad,0,4995
SpiceJet,15/06/2019,Mumbai,13:15,Hyderabad,0,1965
Multiple carriers,6/03/2019,Delhi,09:10,Cochin,0,15077
IndiGo,1/06/2019,Delhi,06:50,Cochin,0,5298
Air Asia,6/06/2019,Banglore,11:10,Delhi,0,4483
IndiGo,18/05/2019,Delhi,06:50,Cochin,0,7144
Jet Airways,27/06/2019,Delhi,07:05,Cochin,0,10262
Jet Airways,24/06/2019,Delhi,21:50,Cochin,0,10262
Air India,9/05/2019,Kolkata,14:35,Banglore,0,6528
GoAir,6/06/2019,Kolkata,23:30,Banglore,0,6686
Jet Airways,1/04/2019,Kolkata,18:55,Banglore,0,7064
Air India,1/05/2019,Kolkata,07:00,Banglore,0,10203
Jet Airways,27/05/2019,Delhi,05:30,Cochin,0,15544
IndiGo,9/06/2019,Delhi,16:10,Cochin,0,6412
Jet Airways,18/05/2019,Delhi,13:25,Cochin,0,15129
Multiple carriers,27/06/2019,Delhi,09:00,Cochin,0,7408
SpiceJet,3/06/2019,Kolkata,22:20,Banglore,0,3873
Vistara,15/05/2019,Kolkata,07:10,Banglore,0,8452
Air India,21/03/2019,Delhi,09:45,Cochin,0,5704
Jet Airways,1/06/2019,Delhi,09:35,Cochin,0,13292
SpiceJet,21/04/2019,Delhi,08:45,Cochin,0,6460
Multiple carriers,6/03/2019,Delhi,09:00,Cochin,0,15078
IndiGo,21/06/2019,Banglore,06:05,Delhi,0,3943
Air India,15/05/2019,Delhi,14:10,Cochin,0,6094
Multiple carriers,12/06/2019,Delhi,18:00,Cochin,0,7198
Jet Airways,9/06/2019,Delhi,13:00,Cochin,0,14714
Multiple carriers,15/06/2019,Delhi,10:20,Cochin,0,6795
Multiple carriers,9/05/2019,Delhi,07:10,Cochin,0,6513
IndiGo,3/06/2019,Banglore,00:25,Delhi,0,3943
Jet Airways,21/05/2019,Kolkata,18:55,Banglore,0,14388
IndiGo,21/04/2019,Banglore,23:30,Delhi,0,4591
Jet Airways,12/06/2019,Delhi,02:15,Cochin,0,10262
Jet Airways,9/06/2019,Delhi,11:45,Cochin,0,13882
IndiGo,9/03/2019,Mumbai,09:10,Hyderabad,0,7417
Air India,6/05/2019,Kolkata,09:50,Banglore,0,13227
Jet Airways,12/05/2019,Kolkata,08:25,Banglore,0,10844
Jet Airways,12/03/2019,Banglore,18:55,New Delhi,0,11087
Jet Airways,21/05/2019,Delhi,05:30,Cochin,0,16274
Jet Airways,15/05/2019,Kolkata,21:10,Banglore,0,9663
IndiGo,6/04/2019,Kolkata,09:35,Banglore,0,4174
IndiGo,09/03/2019,Banglore,15:40,New Delhi,0,5226
Air Asia,18/04/2019,Banglore,04:55,Delhi,0,4282
Air Asia,15/05/2019,Banglore,11:10,Delhi,0,3383
Air India,9/05/2019,Kolkata,08:20,Banglore,0,10697
Jet Airways,6/03/2019,Mumbai,17:00,Hyderabad,0,19595
IndiGo,21/03/2019,Mumbai,16:55,Hyderabad,0,3175
Jet Airways,24/03/2019,Kolkata,06:30,Banglore,0,13339
Air India,6/05/2019,Kolkata,09:25,Banglore,0,11458
IndiGo,24/03/2019,Banglore,18:25,New Delhi,0,7303
Jet Airways,6/06/2019,Kolkata,20:00,Banglore,0,14571
Jet Airways,01/03/2019,Banglore,08:55,New Delhi,0,26890
Jet Airways,12/03/2019,Banglore,16:55,New Delhi,0,13817
Air India,15/06/2019,Mumbai,13:55,Hyderabad,0,3100
Jet Airways,6/05/2019,Mumbai,02:55,Hyderabad,0,5678
Air India,12/03/2019,Banglore,06:50,New Delhi,0,11474
Air India,9/05/2019,Delhi,18:05,Cochin,0,6094
Vistara,18/05/2019,Delhi,06:00,Cochin,0,6741
Jet Airways,18/05/2019,Delhi,19:45,Cochin,0,15554
Vistara,15/05/2019,Banglore,07:00,Delhi,0,4668
IndiGo,9/06/2019,Banglore,23:30,Delhi,0,4591
Jet Airways,6/06/2019,Kolkata,20:00,Banglore,0,10844
Jet Airways,9/06/2019,Delhi,09:00,Cochin,0,14714
Jet Airways,24/03/2019,Kolkata,21:10,Banglore,0,12446
SpiceJet,18/03/2019,Chennai,08:20,Kolkata,0,3807
Jet Airways,12/03/2019,Banglore,16:55,New Delhi,0,11087
Jet Airways,24/06/2019,Delhi,14:35,Cochin,0,13376
IndiGo,18/05/2019,Delhi,07:35,Cochin,0,7144
Jet Airways,18/05/2019,Kolkata,20:00,Banglore,0,10844
Air India,21/05/2019,Kolkata,05:50,Banglore,0,12303
IndiGo,1/06/2019,Delhi,08:35,Cochin,0,6442
IndiGo,9/06/2019,Banglore,00:25,Delhi,0,3943
SpiceJet,15/04/2019,Delhi,06:05,Cochin,0,5583
Air India,21/04/2019,Delhi,14:10,Cochin,0,6934
Jet Airways,12/06/2019,Delhi,11:30,Cochin,0,10262
IndiGo,15/06/2019,Delhi,17:05,Cochin,0,6147
SpiceJet,24/03/2019,Banglore,20:30,New Delhi,0,3873
Jet Airways,6/06/2019,Kolkata,20:25,Banglore,0,12692
Jet Airways,3/06/2019,Delhi,14:00,Cochin,0,10262
Air India,1/03/2019,Kolkata,14:15,Banglore,0,6535
Multiple carriers,1/06/2019,Delhi,11:25,Cochin,0,8937
Jet Airways,27/03/2019,Delhi,05:25,Cochin,0,11664
Jet Airways,6/06/2019,Delhi,11:30,Cochin,0,14714
IndiGo,12/06/2019,Mumbai,09:10,Hyderabad,0,4049
Air India,18/04/2019,Banglore,06:10,Delhi,0,5228
Multiple carriers,24/06/2019,Delhi,17:00,Cochin,0,7198
SpiceJet,27/05/2019,Mumbai,13:15,Hyderabad,0,2385
Jet Airways,24/06/2019,Delhi,05:30,Cochin,0,10368
Jet Airways,01/03/2019,Banglore,11:40,New Delhi,0,22270
IndiGo,12/05/2019,Kolkata,19:20,Banglore,0,4205
GoAir,09/03/2019,Banglore,15:50,New Delhi,0,7657
Jet Airways,24/06/2019,Delhi,14:35,Cochin,0,13376
Air Asia,27/06/2019,Delhi,07:55,Cochin,0,6152
Multiple carriers,21/05/2019,Delhi,10:00,Cochin,0,7888
Multiple carriers,1/06/2019,Delhi,08:30,Cochin,0,8937
Jet Airways,15/06/2019,Delhi,22:50,Cochin,0,10262
Jet Airways,06/03/2019,Banglore,14:05,New Delhi,0,13502
Air India,24/06/2019,Delhi,05:15,Cochin,0,6587
Jet Airways,9/06/2019,Delhi,20:55,Cochin,0,14924
IndiGo,18/04/2019,Banglore,22:10,Delhi,0,4591
GoAir,03/03/2019,Banglore,11:40,New Delhi,0,7646
Multiple carriers,24/06/2019,Delhi,07:10,Cochin,0,6723
Jet Airways,24/05/2019,Banglore,11:10,Delhi,0,4030
Jet Airways,6/06/2019,Delhi,08:00,Cochin,0,14714
SpiceJet,21/06/2019,Banglore,09:30,Delhi,0,3625
SpiceJet,21/03/2019,Chennai,17:45,Kolkata,0,3384
Air India,24/05/2019,Kolkata,10:00,Banglore,0,13007
Jet Airways,9/04/2019,Banglore,15:50,Delhi,0,7229
IndiGo,09/03/2019,Banglore,23:30,New Delhi,0,5694
SpiceJet,1/06/2019,Kolkata,14:55,Banglore,0,3841
IndiGo,27/06/2019,Chennai,22:05,Kolkata,0,5277
Jet Airways,9/05/2019,Delhi,14:00,Cochin,0,12373
Air India,3/06/2019,Delhi,09:45,Cochin,0,8907
IndiGo,6/06/2019,Banglore,08:30,Delhi,0,4823
IndiGo,15/03/2019,Banglore,04:00,New Delhi,0,5694
Jet Airways,1/04/2019,Delhi,17:30,Cochin,0,5406
Jet Airways,15/06/2019,Delhi,07:05,Cochin,0,10262
Multiple carriers,18/05/2019,Delhi,07:05,Cochin,0,9646
GoAir,3/03/2019,Delhi,07:00,Cochin,0,7378
Jet Airways,9/05/2019,Kolkata,20:00,Banglore,0,13584
Air India,9/05/2019,Delhi,12:00,Cochin,0,9968
Jet Airways,01/03/2019,Banglore,08:00,New Delhi,0,22270
Multiple carriers,12/06/2019,Delhi,18:15,Cochin,0,13377
Jet Airways,24/05/2019,Kolkata,16:30,Banglore,0,10844
Jet Airways,6/06/2019,Kolkata,17:00,Banglore,0,10539
Vistara,24/03/2019,Kolkata,17:00,Banglore,0,14360
SpiceJet,18/03/2019,Mumbai,22:45,Hyderabad,0,1965
IndiGo,24/06/2019,Banglore,23:30,Delhi,0,3943
Jet Airways,27/06/2019,Delhi,14:00,Cochin,0,10262
Air India,24/03/2019,Kolkata,20:30,Banglore,0,12173
Air India,9/05/2019,Delhi,17:15,Cochin,0,13039
Jet Airways,27/03/2019,Delhi,19:15,Cochin,0,12242
Jet Airways,6/06/2019,Delhi,22:50,Cochin,0,10262
Vistara,01/03/2019,Banglore,06:40,New Delhi,0,18387
GoAir,15/04/2019,Banglore,20:55,Delhi,0,3898
Jet Airways,27/03/2019,Delhi,19:10,Cochin,0,10929
Jet Airways,24/05/2019,Kolkata,20:00,Banglore,0,8586
IndiGo,24/05/2019,Kolkata,17:15,Banglore,0,4804
Jet Airways,15/04/2019,Banglore,18:55,Delhi,0,7229
Jet Airways,06/03/2019,Banglore,05:45,New Delhi,0,16736
Multiple carriers,27/05/2019,Delhi,11:30,Cochin,0,13377
Multiple carriers,21/03/2019,Delhi,09:10,Cochin,0,13069
Jet Airways,1/06/2019,Delhi,18:15,Cochin,0,14714
SpiceJet,21/05/2019,Kolkata,22:20,Banglore,0,3841
Jet Airways,18/05/2019,Banglore,07:10,Delhi,0,5198
Jet Airways,9/05/2019,Kolkata,21:10,Banglore,0,9663
Air India,27/05/2019,Banglore,17:00,Delhi,0,6961
SpiceJet,21/04/2019,Banglore,05:55,Delhi,0,4319
Jet Airways,6/06/2019,Kolkata,20:25,Banglore,0,14151
SpiceJet,1/05/2019,Banglore,21:10,Delhi,0,4991
IndiGo,18/04/2019,Banglore,18:55,Delhi,0,5780
Jet Airways,12/05/2019,Kolkata,06:30,Banglore,0,10844
Multiple carriers,27/05/2019,Delhi,11:30,Cochin,0,6733
Jet Airways,21/03/2019,Delhi,19:10,Cochin,0,6643
Jet Airways,12/03/2019,Banglore,18:55,New Delhi,0,13817
Jet Airways,3/06/2019,Banglore,19:50,Delhi,0,6478
Jet Airways,9/06/2019,Delhi,09:35,Cochin,0,13292
Vistara,12/06/2019,Banglore,11:30,Delhi,0,4668
IndiGo,6/03/2019,Delhi,17:10,Cochin,0,14871
Jet Airways,1/06/2019,Delhi,21:50,Cochin,0,10262
Jet Airways,9/05/2019,Kolkata,17:00,Banglore,0,7341
SpiceJet,24/03/2019,Kolkata,11:35,Banglore,0,9923
Jet Airways,18/03/2019,Banglore,11:40,New Delhi,0,13555
IndiGo,27/05/2019,Delhi,11:25,Cochin,0,6104
Jet Airways,21/05/2019,Kolkata,08:25,Banglore,0,8586
IndiGo,18/05/2019,Banglore,01:30,Delhi,0,5780
SpiceJet,18/05/2019,Kolkata,09:00,Banglore,0,4491
Air India,6/05/2019,Kolkata,07:00,Banglore,0,14508
Air India,03/03/2019,Banglore,21:10,New Delhi,0,7591
Jet Airways,18/05/2019,Delhi,14:00,Cochin,0,12373
IndiGo,24/05/2019,Kolkata,22:15,Banglore,0,4804
Air India,6/03/2019,Mumbai,09:40,Hyderabad,0,25139
Air India,27/04/2019,Delhi,14:10,Cochin,0,6094
Jet Airways,12/03/2019,Banglore,20:35,New Delhi,0,11087
Jet Airways,15/06/2019,Delhi,05:30,Cochin,0,10368
IndiGo,3/03/2019,Delhi,06:40,Cochin,0,14871
Jet Airways,12/06/2019,Kolkata,21:10,Banglore,0,8529
Air India,3/06/2019,Delhi,17:20,Cochin,0,7480
Air India,12/06/2019,Kolkata,14:35,Banglore,0,6528
Jet Airways,6/06/2019,Delhi,09:40,Cochin,0,10368
IndiGo,18/06/2019,Banglore,10:10,Delhi,0,3943
Air Asia,12/06/2019,Kolkata,19:55,Banglore,0,3807
Air India,15/05/2019,Banglore,10:00,Delhi,0,6961
Jet Airways,21/05/2019,Kolkata,08:25,Banglore,0,13941
Jet Airways,27/03/2019,Delhi,05:25,Cochin,0,11664
Jet Airways,1/04/2019,Kolkata,20:00,Banglore,0,12681
Jet Airways,27/03/2019,Delhi,07:05,Cochin,0,12452
Multiple carriers,27/06/2019,Delhi,09:45,Cochin,0,9646
Jet Airways,18/05/2019,Delhi,05:30,Cochin,0,15129
Jet Airways,15/05/2019,Kolkata,18:55,Banglore,0,10844
IndiGo,1/06/2019,Mumbai,06:25,Hyderabad,0,4049
Jet Airways,21/03/2019,Banglore,11:40,New Delhi,0,7832
Jet Airways,27/06/2019,Delhi,11:45,Cochin,0,13882
Air India,21/05/2019,Delhi,17:40,Cochin,0,8151
Multiple carriers,12/06/2019,Delhi,08:00,Cochin,0,15058
Jet Airways,1/04/2019,Kolkata,10:20,Banglore,0,6077
Air India,6/06/2019,Kolkata,20:45,Banglore,0,4145
Vistara,1/04/2019,Kolkata,17:00,Banglore,0,9135
Multiple carriers,27/06/2019,Delhi,10:20,Cochin,0,6270
IndiGo,27/05/2019,Kolkata,11:30,Banglore,0,5224
Air India,12/03/2019,Banglore,08:50,New Delhi,0,12778
Multiple carriers,24/06/2019,Delhi,12:50,Cochin,0,6007
Multiple carriers,6/03/2019,Delhi,11:30,Cochin,0,15077
Jet Airways,3/06/2019,Banglore,18:55,Delhi,0,8016
Air India,15/05/2019,Delhi,18:05,Cochin,0,6094
Multiple carriers,3/06/2019,Delhi,06:40,Cochin,0,10877
Air India,12/06/2019,Delhi,09:45,Cochin,0,7480
Jet Airways,12/05/2019,Kolkata,20:25,Banglore,0,14151
IndiGo,18/05/2019,Delhi,08:35,Cochin,0,6442
IndiGo,6/05/2019,Kolkata,17:15,Banglore,0,4804
IndiGo,24/04/2019,Delhi,17:05,Cochin,0,5912
Jet Airways,9/06/2019,Delhi,09:35,Cochin,0,13292
Air India,9/06/2019,Kolkata,12:00,Banglore,0,7662
Multiple carriers,24/06/2019,Delhi,11:40,Cochin,0,7268
IndiGo,21/03/2019,Delhi,06:40,Cochin,0,6558
IndiGo,6/06/2019,Delhi,07:35,Cochin,0,5458
Multiple carriers,6/06/2019,Delhi,12:50,Cochin,0,8266
Air India,1/06/2019,Delhi,17:00,Cochin,0,8792
Air India,27/03/2019,Delhi,12:00,Cochin,0,10493
Jet Airways,24/03/2019,Banglore,18:55,New Delhi,0,7229
Jet Airways,21/05/2019,Banglore,06:00,Delhi,0,4030
Jet Airways,6/04/2019,Delhi,02:15,Cochin,0,5177
IndiGo,9/03/2019,Mumbai,02:30,Hyderabad,0,4784
IndiGo,21/05/2019,Mumbai,16:55,Hyderabad,0,3175
Jet Airways,21/05/2019,Banglore,15:50,Delhi,0,7229
IndiGo,24/03/2019,Chennai,11:35,Kolkata,0,4332
Jet Airways,12/04/2019,Banglore,07:10,Delhi,0,7229
IndiGo,9/04/2019,Delhi,16:00,Cochin,0,6573
Air India,6/03/2019,Mumbai,06:10,Hyderabad,0,16666
IndiGo,24/06/2019,Mumbai,12:00,Hyderabad,0,2754
Air India,6/06/2019,Delhi,22:00,Cochin,0,10441
Jet Airways,24/06/2019,Delhi,11:00,Cochin,0,9564
Air Asia,24/06/2019,Delhi,07:55,Cochin,0,6152
SpiceJet,24/06/2019,Banglore,21:10,Delhi,0,3971
IndiGo,15/05/2019,Kolkata,22:15,Banglore,0,4804
Air Asia,18/06/2019,Banglore,11:10,Delhi,0,3383
Jet Airways,12/06/2019,Banglore,17:45,Delhi,0,5769
GoAir,21/04/2019,Delhi,05:55,Cochin,0,6146
Multiple carriers,27/03/2019,Delhi,10:20,Cochin,0,6637
Vistara,1/04/2019,Kolkata,20:20,Banglore,0,7980
Jet Airways,21/03/2019,Delhi,22:50,Cochin,0,6017
Air India,1/04/2019,Kolkata,20:45,Banglore,0,4460
GoAir,3/06/2019,Delhi,14:25,Cochin,0,9069
IndiGo,3/03/2019,Delhi,10:45,Cochin,0,14871
IndiGo,9/06/2019,Kolkata,15:30,Banglore,0,5224
Multiple carriers,21/05/2019,Delhi,06:00,Cochin,0,7485
Air India,1/06/2019,Chennai,11:40,Kolkata,0,4667
SpiceJet,6/03/2019,Kolkata,09:00,Banglore,0,4096
Air India,9/06/2019,Kolkata,12:00,Banglore,0,10151
Jet Airways,27/05/2019,Delhi,11:30,Cochin,0,12898
Jet Airways,6/05/2019,Kolkata,18:55,Banglore,0,7757
Jet Airways,18/03/2019,Banglore,21:25,New Delhi,0,13555
Air India,1/05/2019,Mumbai,06:20,Hyderabad,0,3625
Jet Airways,9/06/2019,Delhi,20:55,Cochin,0,10577
IndiGo,9/03/2019,Kolkata,22:10,Banglore,0,4148
Multiple carriers,15/06/2019,Delhi,13:00,Cochin,0,7408
Vistara,6/05/2019,Banglore,19:30,Delhi,0,4878
Jet Airways,12/06/2019,Kolkata,06:30,Banglore,0,7594
Air India,1/05/2019,Kolkata,16:50,Banglore,0,8366
Jet Airways,1/04/2019,Kolkata,18:55,Banglore,0,12681
IndiGo,6/06/2019,Delhi,21:50,Cochin,0,6195
IndiGo,12/06/2019,Banglore,08:30,Delhi,0,4823
Vistara,24/05/2019,Banglore,19:30,Delhi,0,5823
Jet Airways,12/03/2019,Mumbai,19:40,Hyderabad,0,5678
Jet Airways,6/03/2019,Delhi,15:05,Cochin,0,15764
Vistara,15/04/2019,Banglore,17:00,Delhi,0,5613
Air India,24/04/2019,Kolkata,14:15,Banglore,0,4880
Jet Airways,15/05/2019,Kolkata,14:05,Banglore,0,14781
IndiGo,3/03/2019,Delhi,02:00,Cochin,0,9257
Air India,3/03/2019,Delhi,09:45,Cochin,0,24017
Jet Airways,6/06/2019,Kolkata,06:30,Banglore,0,8586
Multiple carriers,27/06/2019,Delhi,11:25,Cochin,0,7155
Jet Airways,09/03/2019,Banglore,08:00,New Delhi,0,11087
Jet Airways,1/04/2019,Kolkata,14:05,Banglore,0,13364
Jet Airways,9/05/2019,Delhi,17:30,Cochin,0,15554
Air India,1/05/2019,Kolkata,20:30,Banglore,0,15164
IndiGo,6/06/2019,Kolkata,06:20,Banglore,0,4226
Multiple carriers,27/05/2019,Delhi,14:55,Cochin,0,7038
Air India,6/03/2019,Delhi,09:00,Cochin,0,14882
Jet Airways,18/05/2019,Kolkata,09:35,Banglore,0,12384
Jet Airways,9/06/2019,Kolkata,20:25,Banglore,0,10539
Jet Airways,21/06/2019,Banglore,15:15,Delhi,0,7229
Jet Airways,24/06/2019,Banglore,18:55,Delhi,0,8016
IndiGo,27/03/2019,Chennai,07:55,Kolkata,0,3384
Air India,18/05/2019,Delhi,23:00,Cochin,0,8372
Jet Airways,18/05/2019,Delhi,09:40,Cochin,0,13029
Jet Airways,12/06/2019,Kolkata,06:30,Banglore,0,12739
SpiceJet,6/04/2019,Kolkata,09:00,Banglore,0,3841
Jet Airways,3/03/2019,Delhi,11:30,Cochin,0,18550
Jet Airways,3/03/2019,Delhi,05:25,Cochin,0,18799
Air India,15/06/2019,Delhi,05:00,Cochin,0,10231
Jet Airways,27/05/2019,Delhi,19:45,Cochin,0,12898
IndiGo,27/03/2019,Delhi,11:30,Cochin,0,6416
Jet Airways,21/03/2019,Delhi,19:10,Cochin,0,9483
IndiGo,18/03/2019,Chennai,13:20,Kolkata,0,3858
Multiple carriers,15/05/2019,Delhi,11:40,Cochin,0,10529
SpiceJet,15/03/2019,Kolkata,17:15,Banglore,0,3815
Air India,24/03/2019,Kolkata,20:30,Banglore,0,12173
Jet Airways,12/03/2019,Banglore,18:55,New Delhi,0,11087
Jet Airways,01/03/2019,Banglore,16:55,New Delhi,0,26890
Air Asia,18/03/2019,Banglore,05:50,New Delhi,0,4284
SpiceJet,24/05/2019,Kolkata,09:00,Banglore,0,3841
Vistara,24/03/2019,Banglore,11:30,New Delhi,0,5403
Jet Airways,21/03/2019,Delhi,07:05,Cochin,0,12767
Jet Airways,21/03/2019,Delhi,08:00,Cochin,0,12767
Air India,3/06/2019,Delhi,16:40,Cochin,0,9968
Jet Airways,9/05/2019,Kolkata,20:00,Banglore,0,7757
SpiceJet,9/04/2019,Banglore,09:30,Delhi,0,4423
SpiceJet,24/03/2019,Banglore,05:45,New Delhi,0,4377
Jet Airways,15/06/2019,Delhi,15:00,Cochin,0,10262
Jet Airways,6/05/2019,Kolkata,09:35,Banglore,0,13067
IndiGo,12/04/2019,Banglore,20:00,Delhi,0,4990
SpiceJet,12/05/2019,Banglore,05:55,Delhi,0,3257
Jet Airways,9/06/2019,Kolkata,16:30,Banglore,0,10844
SpiceJet,21/06/2019,Mumbai,05:45,Hyderabad,0,2753
IndiGo,1/05/2019,Mumbai,20:05,Hyderabad,0,2227
Jet Airways,6/06/2019,Banglore,07:10,Delhi,0,8016
Jet Airways,24/03/2019,Kolkata,18:55,Banglore,0,11134
Jet Airways,6/06/2019,Kolkata,20:25,Banglore,0,14151
Air Asia,3/06/2019,Banglore,11:10,Delhi,0,4483
Jet Airways,24/03/2019,Kolkata,16:55,Banglore,0,11134
Jet Airways,15/05/2019,Kolkata,18:55,Banglore,0,9663
Air India,24/06/2019,Delhi,09:45,Cochin,0,10975
IndiGo,6/04/2019,Delhi,10:35,Cochin,0,5073
Multiple carriers,9/03/2019,Delhi,15:05,Cochin,0,34608
IndiGo,6/06/2019,Delhi,16:10,Cochin,0,6938
IndiGo,15/05/2019,Kolkata,19:35,Banglore,0,4226
Air India,03/03/2019,Banglore,08:50,New Delhi,0,12358
IndiGo,9/03/2019,Kolkata,15:10,Banglore,0,4462
IndiGo,12/06/2019,Delhi,07:35,Cochin,0,6442
Jet Airways,9/05/2019,Delhi,10:00,Cochin,0,12373
Jet Airways,9/05/2019,Delhi,13:25,Cochin,0,16704
IndiGo,9/05/2019,Banglore,18:55,Delhi,0,4823
IndiGo,3/04/2019,Banglore,04:00,Delhi,0,3943
Multiple carriers,24/06/2019,Delhi,03:50,Cochin,0,12192
SpiceJet,6/06/2019,Kolkata,17:10,Banglore,0,3873
SpiceJet,21/04/2019,Kolkata,17:10,Banglore,0,4911
Jet Airways,18/03/2019,Banglore,08:55,New Delhi,0,12284
Jet Airways,6/06/2019,Kolkata,20:25,Banglore,0,10539
GoAir,3/04/2019,Delhi,10:35,Cochin,0,5135
IndiGo,3/03/2019,Delhi,08:35,Cochin,0,7663
Multiple carriers,15/05/2019,Delhi,09:00,Cochin,0,13727
IndiGo,01/03/2019,Banglore,23:30,New Delhi,0,10067
Multiple carriers,1/06/2019,Delhi,08:45,Cochin,0,7740
Jet Airways,21/03/2019,Banglore,08:00,New Delhi,0,7832
Jet Airways,15/04/2019,Banglore,11:10,Delhi,0,7229
IndiGo,03/03/2019,Banglore,06:00,New Delhi,0,6144
Air India,27/03/2019,Delhi,21:30,Cochin,0,8665
Air India,27/03/2019,Delhi,07:00,Cochin,0,6377
Air India,21/03/2019,Banglore,11:50,New Delhi,0,5092
GoAir,9/06/2019,Kolkata,06:40,Banglore,0,3673
Jet Airways,12/05/2019,Banglore,07:10,Delhi,0,7229
Air India,27/03/2019,Delhi,21:30,Cochin,0,8665
Air India,18/05/2019,Delhi,09:00,Cochin,0,8372
Jet Airways,9/06/2019,Delhi,07:05,Cochin,0,14714
Air India,24/03/2019,Kolkata,12:00,Banglore,0,7742
Jet Airways,27/06/2019,Mumbai,07:05,Hyderabad,0,8040
Air Asia,1/05/2019,Kolkata,06:50,Banglore,0,6857
Air India,12/05/2019,Kolkata,09:50,Banglore,0,14015
IndiGo,3/06/2019,Kolkata,22:15,Banglore,0,4804
GoAir,12/06/2019,Delhi,07:25,Cochin,0,5842
IndiGo,21/03/2019,Kolkata,14:20,Banglore,0,5198
Vistara,21/05/2019,Delhi,06:00,Cochin,0,6741
IndiGo,21/04/2019,Banglore,01:30,Delhi,0,4591
Air India,6/03/2019,Delhi,17:40,Cochin,0,11038
IndiGo,6/06/2019,Mumbai,19:05,Hyderabad,0,2754
Multiple carriers,6/06/2019,Delhi,04:55,Cochin,0,10678
IndiGo,15/03/2019,Delhi,05:35,Cochin,0,5406
Jet Airways,3/05/2019,Banglore,17:45,Delhi,0,7229
SpiceJet,21/04/2019,Delhi,06:05,Cochin,0,5583
SpiceJet,3/03/2019,Kolkata,17:15,Banglore,0,6251
SpiceJet,3/03/2019,Delhi,06:10,Cochin,0,9748
Air Asia,3/04/2019,Kolkata,10:20,Banglore,0,4107
Jet Airways,1/06/2019,Delhi,09:40,Cochin,0,10368
Air India,24/05/2019,Kolkata,10:00,Banglore,0,14083
Jet Airways,21/05/2019,Kolkata,09:35,Banglore,0,13067
Multiple carriers,21/03/2019,Delhi,10:20,Cochin,0,7215
Multiple carriers,24/06/2019,Delhi,07:30,Cochin,0,7354
IndiGo,21/05/2019,Delhi,07:30,Cochin,0,7006
Jet Airways,12/06/2019,Kolkata,14:05,Banglore,0,8529
Air India,15/04/2019,Banglore,21:05,Delhi,0,5228
IndiGo,21/06/2019,Delhi,05:35,Cochin,0,5000
Jet Airways,24/05/2019,Banglore,17:45,Delhi,0,7229
Jet Airways,15/05/2019,Banglore,18:55,Delhi,0,7229
Multiple carriers,27/05/2019,Delhi,16:00,Cochin,0,7308
Air India,24/06/2019,Banglore,13:20,Delhi,0,6961
Jet Airways,01/03/2019,Banglore,08:55,New Delhi,0,26890
Jet Airways,15/06/2019,Banglore,15:15,Delhi,0,8016
Jet Airways,27/05/2019,Banglore,07:10,Delhi,0,7229
Jet Airways,01/03/2019,Banglore,16:55,New Delhi,0,54826
Jet Airways,9/04/2019,Banglore,19:50,Delhi,0,7229
Jet Airways,06/03/2019,Banglore,20:35,New Delhi,0,16736
Jet Airways,6/05/2019,Kolkata,14:05,Banglore,0,15149
Jet Airways,24/05/2019,Kolkata,21:10,Banglore,0,9663
Air India,15/05/2019,Delhi,05:15,Cochin,0,8425
IndiGo,27/04/2019,Kolkata,15:15,Banglore,0,4804
Air India,3/04/2019,Delhi,12:30,Cochin,0,5117
Jet Airways,12/03/2019,Banglore,18:55,New Delhi,0,11087
Jet Airways,15/03/2019,Banglore,05:45,New Delhi,0,9134
Air India,9/05/2019,Delhi,20:15,Cochin,0,13591
Multiple carriers,6/03/2019,Delhi,10:20,Cochin,0,15353
Vistara,6/05/2019,Kolkata,20:20,Banglore,0,8610
Air India,24/06/2019,Delhi,14:10,Cochin,0,5201
Jet Airways,3/03/2019,Delhi,05:40,Cochin,0,19266
Vistara,18/06/2019,Banglore,07:00,Delhi,0,4668
Air Asia,3/05/2019,Kolkata,10:20,Banglore,0,4409
Vistara,9/05/2019,Banglore,09:45,Delhi,0,4668
Jet Airways,15/06/2019,Delhi,09:25,Cochin,0,13882
Jet Airways,6/06/2019,Kolkata,18:55,Banglore,0,14571
Multiple carriers,3/03/2019,Delhi,17:50,Cochin,0,24528
Jet Airways,15/06/2019,Delhi,17:30,Cochin,0,10262
Jet Airways,9/05/2019,Delhi,09:40,Cochin,0,13029
SpiceJet,6/06/2019,Delhi,17:55,Cochin,0,5409
Vistara,6/03/2019,Mumbai,20:55,Hyderabad,0,12395
GoAir,24/03/2019,Banglore,11:40,New Delhi,0,4340
Air India,1/05/2019,Delhi,17:15,Cochin,0,8839
IndiGo,6/05/2019,Kolkata,19:35,Banglore,0,4226
Jet Airways,27/06/2019,Delhi,02:15,Cochin,0,10262
IndiGo,1/06/2019,Kolkata,22:15,Banglore,0,4804
Air Asia,18/06/2019,Kolkata,22:50,Banglore,0,3807
IndiGo,15/05/2019,Delhi,23:30,Cochin,0,10123
Air India,09/03/2019,Banglore,10:00,New Delhi,0,7801
Multiple carriers,21/03/2019,Delhi,11:30,Cochin,0,13062
Air India,15/06/2019,Banglore,17:00,Delhi,0,7171
Multiple carriers,6/03/2019,Delhi,09:00,Cochin,0,15136
Air India,15/05/2019,Delhi,07:00,Cochin,0,8669
Jet Airways,24/03/2019,Kolkata,21:10,Banglore,0,13759
SpiceJet,15/04/2019,Delhi,08:45,Cochin,0,5830
Air India,27/05/2019,Delhi,20:00,Cochin,0,8372
Jet Airways,18/03/2019,Banglore,08:55,New Delhi,0,11245
Air India,27/03/2019,Delhi,05:10,Cochin,0,4729
IndiGo,6/05/2019,Kolkata,08:10,Banglore,0,5069
Jet Airways,12/04/2019,Banglore,18:55,Delhi,0,7229
SpiceJet,3/04/2019,Mumbai,22:45,Hyderabad,0,1759
Air India,18/05/2019,Banglore,10:00,Delhi,0,6961
Jet Airways,12/03/2019,Banglore,05:45,New Delhi,0,12547
Air India,24/05/2019,Mumbai,13:55,Hyderabad,0,3100
IndiGo,27/05/2019,Chennai,22:05,Kolkata,0,5277
IndiGo,27/05/2019,Delhi,09:15,Cochin,0,6628
Jet Airways,9/06/2019,Delhi,18:25,Cochin,0,14237
Jet Airways,12/06/2019,Delhi,13:00,Cochin,0,10262
Air India,27/06/2019,Delhi,18:45,Cochin,0,11942
Air India,6/06/2019,Kolkata,09:25,Banglore,0,11458
Air India,3/04/2019,Mumbai,06:20,Hyderabad,0,3100
IndiGo,9/05/2019,Delhi,06:50,Cochin,0,6442
IndiGo,27/04/2019,Delhi,05:05,Cochin,0,6171
Multiple carriers,21/05/2019,Delhi,13:00,Cochin,0,14848
Jet Airways,21/05/2019,Kolkata,08:25,Banglore,0,14781
IndiGo,3/04/2019,Banglore,18:25,Delhi,0,4823
Jet Airways,15/05/2019,Kolkata,06:30,Banglore,0,14388
SpiceJet,3/05/2019,Banglore,21:10,Delhi,0,4991
Air Asia,15/05/2019,Kolkata,07:35,Banglore,0,5192
Jet Airways,21/05/2019,Kolkata,20:00,Banglore,0,10844
Multiple carriers,9/05/2019,Delhi,10:35,Cochin,0,9103
Multiple carriers,21/05/2019,Delhi,10:20,Cochin,0,8266
Air India,27/03/2019,Delhi,07:05,Cochin,0,6565
Air India,15/05/2019,Kolkata,09:50,Banglore,0,14960
Jet Airways,24/06/2019,Delhi,21:50,Cochin,0,14714
Air India,27/06/2019,Delhi,12:00,Cochin,0,8603
Jet Airways,3/06/2019,Delhi,21:50,Cochin,0,16079
Air India,9/06/2019,Delhi,09:45,Cochin,0,7690
Jet Airways,15/05/2019,Kolkata,20:00,Banglore,0,9663
IndiGo,3/06/2019,Chennai,07:55,Kolkata,0,3850
Air India,15/03/2019,Banglore,10:30,New Delhi,0,6383
SpiceJet,18/05/2019,Chennai,08:20,Kolkata,0,3597
IndiGo,24/03/2019,Banglore,04:00,New Delhi,0,4777
Jet Airways,21/05/2019,Delhi,19:10,Cochin,0,15129
IndiGo,15/05/2019,Chennai,07:55,Kolkata,0,3850
Jet Airways,1/06/2019,Delhi,14:00,Cochin,0,14714
Multiple carriers,27/03/2019,Delhi,13:00,Cochin,0,6883
SpiceJet,21/06/2019,Kolkata,22:20,Banglore,0,3873
Jet Airways,18/05/2019,Kolkata,20:00,Banglore,0,10844
Air India,9/05/2019,Delhi,17:40,Cochin,0,7174
IndiGo,24/05/2019,Chennai,11:35,Kolkata,0,4332
Jet Airways,6/05/2019,Banglore,15:15,Delhi,0,3702
GoAir,03/03/2019,Banglore,15:45,New Delhi,0,8352
Jet Airways,12/06/2019,Delhi,09:00,Cochin,0,10262
Multiple carriers,27/03/2019,Delhi,07:30,Cochin,0,8371
Jet Airways,12/05/2019,Kolkata,18:55,Banglore,0,9663
IndiGo,6/04/2019,Kolkata,11:30,Banglore,0,4174
Air Asia,15/06/2019,Kolkata,10:20,Banglore,0,4409
IndiGo,15/03/2019,Banglore,16:15,New Delhi,0,5607
Jet Airways,21/03/2019,Delhi,10:45,Cochin,0,8367
IndiGo,3/04/2019,Kolkata,11:30,Banglore,0,4174
Jet Airways,27/03/2019,Delhi,08:00,Cochin,0,12452
IndiGo,1/06/2019,Delhi,06:50,Cochin,0,6442
IndiGo,6/03/2019,Delhi,11:30,Cochin,0,14871
IndiGo,18/06/2019,Banglore,18:25,Delhi,0,4823
IndiGo,21/03/2019,Delhi,09:10,Cochin,0,8765
Jet Airways,27/05/2019,Delhi,19:30,Cochin,0,15129
Vistara,27/06/2019,Delhi,14:40,Cochin,0,6216
Multiple carriers,21/03/2019,Delhi,07:05,Cochin,0,14486
Jet Airways,9/04/2019,Banglore,17:45,Delhi,0,4544
Multiple carriers,12/06/2019,Delhi,06:00,Cochin,0,7005
Air India,6/03/2019,Mumbai,06:00,Hyderabad,0,13169
IndiGo,6/04/2019,Delhi,16:00,Cochin,0,5073
IndiGo,6/04/2019,Banglore,18:55,Delhi,0,4823
Vistara,24/04/2019,Banglore,19:30,Delhi,0,5613
Air India,12/06/2019,Kolkata,20:45,Banglore,0,4145
Jet Airways,9/03/2019,Delhi,19:15,Cochin,0,14053
Air India,03/03/2019,Banglore,12:00,New Delhi,0,10573
IndiGo,15/04/2019,Banglore,23:30,Delhi,0,4591
Air India,1/06/2019,Delhi,05:10,Cochin,0,6094
Multiple carriers,21/03/2019,Delhi,09:00,Cochin,0,13378
Jet Airways,21/04/2019,Banglore,17:45,Delhi,0,7229
SpiceJet,27/03/2019,Chennai,17:45,Kolkata,0,3332
Jet Airways,21/03/2019,Delhi,18:25,Cochin,0,11869
SpiceJet,9/06/2019,Mumbai,22:45,Hyderabad,0,1965
IndiGo,27/06/2019,Banglore,18:55,Delhi,0,4990
IndiGo,01/03/2019,Banglore,21:20,New Delhi,0,12649
Jet Airways,6/06/2019,Kolkata,18:55,Banglore,0,14571
Multiple carriers,9/06/2019,Delhi,17:50,Cochin,0,18485
Jet Airways,9/06/2019,Delhi,21:50,Cochin,0,14714
Jet Airways,6/05/2019,Kolkata,10:20,Banglore,0,7064
Air India,27/03/2019,Mumbai,21:05,Hyderabad,0,2575
Jet Airways,1/04/2019,Banglore,17:45,Delhi,0,7229
Air Asia,27/04/2019,Kolkata,19:55,Banglore,0,4409
Jet Airways,27/03/2019,Delhi,18:15,Cochin,0,12242
SpiceJet,6/06/2019,Delhi,15:45,Cochin,0,5583
IndiGo,27/04/2019,Banglore,06:05,Delhi,0,4423
SpiceJet,9/03/2019,Kolkata,17:15,Banglore,0,4622
Air India,9/05/2019,Kolkata,16:45,Banglore,0,13227
IndiGo,3/06/2019,Delhi,02:00,Cochin,0,6386
Air India,03/03/2019,Banglore,08:15,New Delhi,0,6781
Air India,27/05/2019,Banglore,13:20,Delhi,0,5228
Multiple carriers,27/06/2019,Delhi,07:00,Cochin,0,12192
Jet Airways,06/03/2019,Banglore,16:55,New Delhi,0,16736
IndiGo,24/03/2019,Chennai,19:35,Kolkata,0,7295
Jet Airways,27/05/2019,Delhi,15:00,Cochin,0,12898
Jet Airways,21/03/2019,Delhi,17:30,Cochin,0,5963
Vistara,9/05/2019,Kolkata,07:10,Banglore,0,9187
Air Asia,9/05/2019,Kolkata,22:50,Banglore,0,3807
SpiceJet,15/06/2019,Chennai,09:45,Kolkata,0,3543
IndiGo,1/04/2019,Banglore,20:00,Delhi,0,4823
Jet Airways,21/05/2019,Delhi,07:05,Cochin,0,12898
Jet Airways,12/05/2019,Kolkata,06:30,Banglore,0,8586
IndiGo,24/03/2019,Banglore,06:00,New Delhi,0,4777
Multiple carriers,27/03/2019,Delhi,13:05,Cochin,0,6076
Jet Airways,9/05/2019,Kolkata,06:30,Banglore,0,8586
Vistara,15/03/2019,Banglore,06:40,New Delhi,0,6800
Multiple carriers,6/06/2019,Delhi,11:25,Cochin,0,7354
Jet Airways,27/05/2019,Delhi,13:00,Cochin,0,12898
Air India,24/05/2019,Banglore,17:00,Delhi,0,7171
Jet Airways,1/05/2019,Kolkata,21:10,Banglore,0,10844
Air India,9/03/2019,Delhi,05:55,Cochin,0,14483
IndiGo,24/04/2019,Delhi,02:00,Cochin,0,5241
SpiceJet,6/05/2019,Banglore,05:55,Delhi,0,3311
Air India,18/05/2019,Delhi,14:10,Cochin,0,6934
IndiGo,15/06/2019,Delhi,07:35,Cochin,0,6442
Air India,1/06/2019,Delhi,18:45,Cochin,0,12940
Jet Airways,1/05/2019,Kolkata,14:05,Banglore,0,9663
Air India,15/04/2019,Banglore,17:00,Delhi,0,6121
SpiceJet,1/04/2019,Kolkata,17:10,Banglore,0,3841
Jet Airways,18/04/2019,Delhi,11:00,Cochin,0,9564
Jet Airways,15/06/2019,Banglore,19:50,Delhi,0,7229
Multiple carriers,24/06/2019,Delhi,07:10,Cochin,0,6723
Jet Airways,9/05/2019,Delhi,19:10,Cochin,0,15129
Air India,3/03/2019,Delhi,07:05,Cochin,0,11762
Vistara,1/05/2019,Chennai,07:05,Kolkata,0,3687
SpiceJet,27/05/2019,Mumbai,22:45,Hyderabad,0,1965
Air India,12/04/2019,Banglore,13:20,Delhi,0,5911
IndiGo,21/03/2019,Kolkata,20:25,Banglore,0,4462
Vistara,15/05/2019,Kolkata,20:20,Banglore,0,9345
Jet Airways,18/05/2019,Kolkata,20:25,Banglore,0,14151
GoAir,27/04/2019,Delhi,10:35,Cochin,0,6922
IndiGo,12/06/2019,Delhi,05:35,Cochin,0,5601
Vistara,24/03/2019,Banglore,09:50,New Delhi,0,6138
IndiGo,24/06/2019,Delhi,15:10,Cochin,0,6147
Multiple carriers,27/05/2019,Delhi,17:30,Cochin,0,7308
SpiceJet,24/04/2019,Kolkata,15:05,Banglore,0,4859
IndiGo,09/03/2019,Banglore,01:30,New Delhi,0,6860
Jet Airways,6/05/2019,Kolkata,14:05,Banglore,0,14388
IndiGo,24/03/2019,Banglore,06:00,New Delhi,0,4777
Jet Airways,18/05/2019,Delhi,19:15,Cochin,0,15554
Jet Airways,1/06/2019,Delhi,05:30,Cochin,0,10368
Jet Airways,6/03/2019,Delhi,18:15,Cochin,0,17024
Jet Airways,9/05/2019,Kolkata,08:25,Banglore,0,13941
Multiple carriers,12/06/2019,Delhi,10:00,Cochin,0,13587
Jet Airways,9/05/2019,Kolkata,20:00,Banglore,0,13941
IndiGo,6/03/2019,Delhi,17:30,Cochin,0,14871
Air Asia,6/06/2019,Kolkata,22:40,Banglore,0,6810
Jet Airways,1/05/2019,Kolkata,20:25,Banglore,0,12121
Jet Airways,9/05/2019,Delhi,05:30,Cochin,0,13029
Jet Airways,18/05/2019,Delhi,19:45,Cochin,0,12373
Air India,27/06/2019,Delhi,12:00,Cochin,0,9653
IndiGo,3/06/2019,Kolkata,11:30,Banglore,0,4804
Jet Airways,01/03/2019,Banglore,08:00,New Delhi,0,22270
Air India,27/06/2019,Delhi,19:45,Cochin,0,9653
Multiple carriers,27/03/2019,Delhi,02:15,Cochin,0,12327
SpiceJet,9/04/2019,Banglore,21:10,Delhi,0,3919
IndiGo,3/06/2019,Delhi,11:25,Cochin,0,5883
Jet Airways,21/05/2019,Kolkata,17:00,Banglore,0,9314
IndiGo,18/06/2019,Mumbai,09:15,Hyderabad,0,4049
Multiple carriers,9/03/2019,Delhi,08:00,Cochin,0,16287
IndiGo,24/05/2019,Banglore,18:25,Delhi,0,4823
Jet Airways,24/05/2019,Mumbai,02:55,Hyderabad,0,4995
Air India,6/03/2019,Mumbai,12:00,Hyderabad,0,14408
Air India,6/04/2019,Delhi,17:40,Cochin,0,5232
Jet Airways,1/04/2019,Kolkata,09:35,Banglore,0,8066
Jet Airways,6/05/2019,Kolkata,20:00,Banglore,0,14388
Air India,21/05/2019,Delhi,10:55,Cochin,0,13276
IndiGo,15/06/2019,Kolkata,04:40,Banglore,0,4804
Jet Airways,12/06/2019,Delhi,18:15,Cochin,0,10262
Air India,27/05/2019,Mumbai,13:55,Hyderabad,0,3625
Air Asia,9/05/2019,Kolkata,06:50,Banglore,0,5162
Air India,6/03/2019,Delhi,05:00,Cochin,0,10283
Jet Airways,9/05/2019,Kolkata,08:25,Banglore,0,13941
SpiceJet,27/05/2019,Kolkata,22:20,Banglore,0,3873
Multiple carriers,3/03/2019,Delhi,12:50,Cochin,0,18192
Jet Airways,27/05/2019,Delhi,21:50,Cochin,0,12898
Multiple carriers,24/06/2019,Delhi,11:40,Cochin,0,10791
Vistara,09/03/2019,Banglore,09:50,New Delhi,0,11598
Jet Airways,27/05/2019,Delhi,14:00,Cochin,0,12898
Jet Airways,27/03/2019,Delhi,19:10,Cochin,0,10976
Air Asia,15/03/2019,Banglore,05:50,New Delhi,0,5615
Jet Airways,24/03/2019,Kolkata,18:55,Banglore,0,14231
Jet Airways,24/05/2019,Delhi,19:10,Cochin,0,15129
Jet Airways,6/06/2019,Kolkata,06:30,Banglore,0,10118
Jet Airways,27/06/2019,Delhi,11:40,Cochin,0,18804
Jet Airways,6/05/2019,Kolkata,09:35,Banglore,0,12121
Vistara,24/05/2019,Kolkata,07:10,Banglore,0,9397
Jet Airways,27/06/2019,Delhi,21:50,Cochin,0,10262
Air India,6/06/2019,Mumbai,21:05,Hyderabad,0,3100
Jet Airways,9/05/2019,Kolkata,16:30,Banglore,0,14781
Jet Airways,1/06/2019,Delhi,22:50,Cochin,0,14714
Multiple carriers,9/06/2019,Delhi,11:25,Cochin,0,11200
IndiGo,21/05/2019,Kolkata,15:15,Banglore,0,5170
Vistara,9/05/2019,Banglore,07:00,Delhi,0,4668
Air India,9/05/2019,Delhi,06:10,Cochin,0,7174
Jet Airways,9/05/2019,Delhi,19:30,Cochin,0,15129
Jet Airways,15/05/2019,Kolkata,20:25,Banglore,0,14151
Air India,06/03/2019,Banglore,11:50,New Delhi,0,15434
Air India,01/03/2019,Banglore,17:00,New Delhi,0,10246
Jet Airways,9/06/2019,Kolkata,08:25,Banglore,0,10844
Jet Airways,24/06/2019,Delhi,20:00,Cochin,0,12410
SpiceJet,24/05/2019,Kolkata,08:35,Banglore,0,6643
Jet Airways,12/06/2019,Delhi,09:00,Cochin,0,10262
SpiceJet,18/05/2019,Kolkata,22:20,Banglore,0,3873
SpiceJet,12/06/2019,Mumbai,05:45,Hyderabad,0,2753
Air India,15/06/2019,Delhi,22:00,Cochin,0,10441
IndiGo,15/05/2019,Mumbai,09:10,Hyderabad,0,4575
Jet Airways,3/06/2019,Delhi,20:55,Cochin,0,14714
IndiGo,9/06/2019,Delhi,16:00,Cochin,0,6069
Jet Airways,1/06/2019,Banglore,11:10,Delhi,0,7229
Jet Airways,15/05/2019,Kolkata,16:30,Banglore,0,13941
Jet Airways,12/06/2019,Kolkata,06:30,Banglore,0,9899
Air Asia,21/05/2019,Kolkata,07:35,Banglore,0,5192
Multiple carriers,1/06/2019,Delhi,10:35,Cochin,0,11200
Vistara,21/03/2019,Delhi,14:55,Cochin,0,5586
Multiple carriers,3/03/2019,Delhi,07:10,Cochin,0,8938
Multiple carriers,12/06/2019,Delhi,08:00,Cochin,0,13797
GoAir,1/05/2019,Delhi,07:25,Cochin,0,5842
IndiGo,15/03/2019,Banglore,19:35,New Delhi,0,10509
IndiGo,21/06/2019,Banglore,04:00,Delhi,0,3943
Air Asia,27/06/2019,Delhi,16:45,Cochin,0,6451
Jet Airways,12/06/2019,Delhi,14:00,Cochin,0,10262
Multiple carriers,1/06/2019,Delhi,09:00,Cochin,0,13587
SpiceJet,27/04/2019,Kolkata,14:55,Banglore,0,3841
Multiple carriers,27/06/2019,Delhi,06:00,Cochin,0,10791
IndiGo,27/06/2019,Kolkata,09:35,Banglore,0,4804
Jet Airways,27/05/2019,Delhi,05:30,Cochin,0,13029
SpiceJet,6/06/2019,Kolkata,08:35,Banglore,0,6643
Jet Airways,27/03/2019,Delhi,11:30,Cochin,0,12242
IndiGo,21/05/2019,Delhi,09:15,Cochin,0,7318
SpiceJet,6/06/2019,Kolkata,09:00,Banglore,0,3841
Multiple carriers,15/06/2019,Delhi,08:45,Cochin,0,9526
IndiGo,27/06/2019,Delhi,07:35,Cochin,0,6442
Jet Airways,27/05/2019,Delhi,19:10,Cochin,0,15129
Air India,15/06/2019,Delhi,05:55,Cochin,0,12646
Jet Airways,3/06/2019,Delhi,18:15,Cochin,0,14714
IndiGo,24/06/2019,Mumbai,09:10,Hyderabad,0,4049
Jet Airways,3/06/2019,Delhi,20:55,Cochin,0,10262
Vistara,1/04/2019,Kolkata,17:00,Banglore,0,8977
Jet Airways,24/03/2019,Kolkata,16:55,Banglore,0,14231
Air India,24/06/2019,Delhi,09:00,Cochin,0,9404
Jet Airways,9/05/2019,Kolkata,09:35,Banglore,0,12121
Jet Airways,24/03/2019,Kolkata,19:45,Banglore,0,13759
Air India,15/04/2019,Kolkata,20:45,Banglore,0,4145
Multiple carriers,9/05/2019,Delhi,11:40,Cochin,0,8266
Air Asia,15/05/2019,Banglore,04:55,Delhi,0,4282
Multiple carriers,3/06/2019,Delhi,06:00,Cochin,0,8475
Jet Airways,18/03/2019,Banglore,11:40,New Delhi,0,12284
IndiGo,9/05/2019,Kolkata,17:35,Banglore,0,5386
Jet Airways,24/03/2019,Mumbai,07:10,Hyderabad,0,5678
Jet Airways,15/06/2019,Delhi,05:30,Cochin,0,10368
Jet Airways,12/05/2019,Kolkata,21:10,Banglore,0,8586
SpiceJet,15/06/2019,Kolkata,22:20,Banglore,0,3873
Multiple carriers,9/04/2019,Delhi,17:30,Cochin,0,13017
Jet Airways,21/05/2019,Banglore,11:10,Delhi,0,7229
IndiGo,24/03/2019,Banglore,04:00,New Delhi,0,5694
Jet Airways,1/04/2019,Kolkata,16:30,Banglore,0,7064
IndiGo,03/03/2019,Banglore,01:30,New Delhi,0,6860
Jet Airways,9/05/2019,Delhi,20:00,Cochin,0,15318
Air India,21/05/2019,Delhi,05:55,Cochin,0,11911
Jet Airways,21/05/2019,Delhi,20:00,Cochin,0,16263
Jet Airways,18/05/2019,Delhi,11:30,Cochin,0,15554
IndiGo,01/03/2019,Banglore,05:15,New Delhi,0,8064
IndiGo,3/06/2019,Kolkata,17:15,Banglore,0,4804
SpiceJet,24/05/2019,Banglore,05:55,Delhi,0,3257
Jet Airways,9/06/2019,Delhi,11:30,Cochin,0,10262
IndiGo,18/04/2019,Kolkata,20:20,Banglore,0,4174
Multiple carriers,12/06/2019,Delhi,11:35,Cochin,0,15629
Jet Airways,1/05/2019,Kolkata,08:25,Banglore,0,9663
IndiGo,24/06/2019,Delhi,17:10,Cochin,0,5684
IndiGo,1/05/2019,Banglore,01:30,Delhi,0,4077
Multiple carriers,12/06/2019,Delhi,09:45,Cochin,0,9646
Jet Airways,15/03/2019,Banglore,09:45,New Delhi,0,6136
Multiple carriers,24/06/2019,Delhi,07:05,Cochin,0,15058
Air India,24/05/2019,Kolkata,09:25,Banglore,0,8366
Vistara,3/06/2019,Banglore,07:00,Delhi,0,4668
Air India,3/06/2019,Delhi,12:20,Cochin,0,12488
Multiple carriers,9/03/2019,Delhi,06:40,Cochin,0,13082
Jet Airways,9/06/2019,Kolkata,09:35,Banglore,0,14676
IndiGo,21/05/2019,Banglore,07:10,Delhi,0,4823
Multiple carriers,21/03/2019,Delhi,07:00,Cochin,0,12402
Jet Airways,21/03/2019,Delhi,05:30,Cochin,0,12341
Vistara,12/05/2019,Kolkata,07:10,Banglore,0,9345
IndiGo,15/05/2019,Chennai,11:35,Kolkata,0,4332
IndiGo,6/06/2019,Delhi,05:05,Cochin,0,6818
Jet Airways,12/03/2019,Banglore,07:00,New Delhi,0,13817
Multiple carriers,27/03/2019,Delhi,07:00,Cochin,0,6148
IndiGo,09/03/2019,Banglore,19:30,New Delhi,0,7280
GoAir,9/03/2019,Delhi,06:00,Cochin,0,8422
Air India,18/04/2019,Kolkata,14:15,Banglore,0,5510
IndiGo,21/03/2019,Delhi,18:35,Cochin,0,9264
Jet Airways,6/06/2019,Delhi,02:15,Cochin,0,10262
Jet Airways,21/03/2019,Delhi,19:15,Cochin,0,8938
Air India,09/03/2019,Banglore,11:05,New Delhi,0,11077
Jet Airways,9/06/2019,Delhi,14:35,Cochin,0,13376
Jet Airways,06/03/2019,Banglore,11:40,New Delhi,0,16736
Air India,6/05/2019,Chennai,11:40,Kolkata,0,4667
IndiGo,1/06/2019,Chennai,13:15,Kolkata,0,3597
Multiple carriers,6/03/2019,Delhi,07:00,Cochin,0,15603
IndiGo,9/05/2019,Banglore,06:05,Delhi,0,4077
Jet Airways,27/06/2019,Delhi,13:25,Cochin,0,15339
IndiGo,18/04/2019,Kolkata,11:30,Banglore,0,5224
Jet Airways,15/06/2019,Banglore,11:10,Delhi,0,7229
Jet Airways,21/05/2019,Kolkata,06:30,Banglore,0,8586
Jet Airways,27/06/2019,Delhi,15:00,Cochin,0,10262
Air India,18/05/2019,Delhi,10:55,Cochin,0,13486
IndiGo,24/03/2019,Kolkata,20:25,Banglore,0,8872
IndiGo,27/04/2019,Delhi,08:35,Cochin,0,6442
Jet Airways,9/05/2019,Delhi,13:00,Cochin,0,15554
SpiceJet,24/06/2019,Chennai,17:45,Kolkata,0,3597
IndiGo,27/03/2019,Delhi,11:55,Cochin,0,6494
IndiGo,6/03/2019,Mumbai,16:55,Hyderabad,0,4784
Air India,27/03/2019,Mumbai,13:55,Hyderabad,0,2050
SpiceJet,1/03/2019,Mumbai,22:45,Hyderabad,0,11005
Multiple carriers,15/05/2019,Delhi,11:40,Cochin,0,9001
Air India,21/06/2019,Chennai,11:40,Kolkata,0,4667
Multiple carriers,12/06/2019,Delhi,09:15,Cochin,0,11622
IndiGo,27/05/2019,Kolkata,22:15,Banglore,0,4804
IndiGo,21/05/2019,Delhi,07:15,Cochin,0,5636
Air India,21/05/2019,Kolkata,14:15,Banglore,0,5510
Jet Airways,27/06/2019,Delhi,12:15,Cochin,0,14300
Air India,9/06/2019,Delhi,21:00,Cochin,0,8372
SpiceJet,6/06/2019,Kolkata,11:15,Banglore,0,10156
SpiceJet,15/06/2019,Banglore,05:55,Delhi,0,4423
SpiceJet,21/06/2019,Mumbai,13:15,Hyderabad,0,1965
Jet Airways,1/04/2019,Kolkata,18:55,Banglore,0,7064
Multiple carriers,1/06/2019,Delhi,08:45,Cochin,0,10261
Air India,21/05/2019,Kolkata,10:00,Banglore,0,13899
Multiple carriers,3/03/2019,Delhi,19:00,Cochin,0,15288
Jet Airways,06/03/2019,Banglore,08:55,New Delhi,0,13712
Air India,6/06/2019,Delhi,12:00,Cochin,0,8603
Multiple carriers,27/06/2019,Delhi,13:00,Cochin,0,13377
IndiGo,3/03/2019,Delhi,05:35,Cochin,0,7673
Multiple carriers,15/06/2019,Delhi,09:00,Cochin,0,13587
Jet Airways,18/05/2019,Delhi,11:40,Cochin,0,19644
IndiGo,6/04/2019,Kolkata,15:15,Banglore,0,4174
Multiple carriers,24/06/2019,Delhi,19:00,Cochin,0,7198
Jet Airways,6/06/2019,Kolkata,09:35,Banglore,0,12692
Jet Airways Business,3/03/2019,Delhi,20:05,Cochin,0,46490
Air India,18/03/2019,Banglore,21:05,New Delhi,0,4441
Jet Airways,21/05/2019,Kolkata,14:05,Banglore,0,14781
Jet Airways,12/06/2019,Kolkata,09:35,Banglore,0,12692
Jet Airways,15/06/2019,Delhi,19:30,Cochin,0,10368
Jet Airways,24/05/2019,Kolkata,14:05,Banglore,0,14571
Air India,6/03/2019,Delhi,14:10,Cochin,0,7931
IndiGo,12/05/2019,Banglore,10:10,Delhi,0,3943
SpiceJet,27/06/2019,Banglore,05:55,Delhi,0,3573
Jet Airways,12/06/2019,Kolkata,09:35,Banglore,0,10539
Multiple carriers,1/06/2019,Delhi,09:15,Cochin,0,9779
Air India,12/03/2019,Mumbai,09:15,Hyderabad,0,8065
Jet Airways,06/03/2019,Banglore,20:35,New Delhi,0,17261
Air India,9/06/2019,Kolkata,12:00,Banglore,0,10151
Multiple carriers,27/03/2019,Delhi,15:05,Cochin,0,12327
Air India,18/06/2019,Banglore,17:00,Delhi,0,6961
Air India,3/03/2019,Delhi,06:05,Cochin,0,14042
IndiGo,18/06/2019,Banglore,23:30,Delhi,0,3943
SpiceJet,9/05/2019,Banglore,21:10,Delhi,0,4319
Multiple carriers,27/06/2019,Delhi,07:30,Cochin,0,8266
Jet Airways,6/06/2019,Delhi,16:00,Cochin,0,14714
Vistara,27/03/2019,Chennai,07:05,Kolkata,0,3739
Multiple carriers,1/05/2019,Delhi,19:00,Cochin,0,9424
Vistara,12/06/2019,Banglore,17:00,Delhi,0,4878
Multiple carriers,24/06/2019,Delhi,10:00,Cochin,0,13377
Jet Airways,9/05/2019,Delhi,09:40,Cochin,0,13029
IndiGo,24/06/2019,Chennai,07:55,Kolkata,0,3850
Air India,21/05/2019,Kolkata,09:50,Banglore,0,14960
Jet Airways,9/06/2019,Kolkata,17:00,Banglore,0,14676
Multiple carriers,27/06/2019,Delhi,04:55,Cochin,0,10678
Jet Airways,6/06/2019,Delhi,06:45,Cochin,0,13376
SpiceJet,12/04/2019,Kolkata,09:00,Banglore,0,3873
Jet Airways,27/05/2019,Banglore,18:55,Delhi,0,7229
Multiple carriers,6/06/2019,Delhi,10:20,Cochin,0,8266
Jet Airways,18/05/2019,Kolkata,05:45,Banglore,0,13941
Air India,09/03/2019,Banglore,21:10,New Delhi,0,4966
SpiceJet,24/06/2019,Chennai,08:20,Kolkata,0,3543
IndiGo,21/03/2019,Delhi,06:40,Cochin,0,8784
Jet Airways,6/06/2019,Delhi,15:00,Cochin,0,14714
SpiceJet,9/06/2019,Kolkata,17:10,Banglore,0,3841
IndiGo,6/06/2019,Delhi,16:00,Cochin,0,6069
SpiceJet,3/04/2019,Banglore,05:55,Delhi,0,3971
Multiple carriers,1/06/2019,Delhi,11:30,Cochin,0,13587
Jet Airways,06/03/2019,Banglore,14:05,New Delhi,0,13502
Jet Airways,18/05/2019,Kolkata,21:10,Banglore,0,13941
Jet Airways,12/06/2019,Banglore,17:45,Delhi,0,8016
IndiGo,15/05/2019,Kolkata,21:00,Banglore,0,7228
Jet Airways,18/05/2019,Kolkata,18:55,Banglore,0,10844
Jet Airways,27/03/2019,Delhi,06:20,Cochin,0,12273
Jet Airways,9/06/2019,Delhi,22:50,Cochin,0,10262
IndiGo,27/05/2019,Delhi,18:35,Cochin,0,6628
Multiple carriers,24/06/2019,Delhi,10:20,Cochin,0,6007
Jet Airways,6/05/2019,Kolkata,06:30,Banglore,0,14781
SpiceJet,24/03/2019,Banglore,20:30,New Delhi,0,5469
SpiceJet,15/06/2019,Kolkata,06:55,Banglore,0,3873
Jet Airways,24/05/2019,Kolkata,06:30,Banglore,0,8586
IndiGo,24/05/2019,Kolkata,08:10,Banglore,0,5069
IndiGo,9/03/2019,Chennai,19:35,Kolkata,0,6297
Vistara,27/06/2019,Banglore,21:00,Delhi,0,4878
Jet Airways,21/05/2019,Banglore,11:10,Delhi,0,4030
Jet Airways,1/04/2019,Kolkata,20:00,Banglore,0,7064
Jet Airways,9/05/2019,Kolkata,21:10,Banglore,0,9663
Jet Airways,1/04/2019,Kolkata,20:00,Banglore,0,12681
Jet Airways,12/06/2019,Kolkata,18:55,Banglore,0,8529
Vistara,12/04/2019,Banglore,09:45,Delhi,0,5403
Air India,6/03/2019,Delhi,06:50,Cochin,0,20416
IndiGo,3/06/2019,Mumbai,19:05,Hyderabad,0,2754
Jet Airways,1/06/2019,Delhi,05:30,Cochin,0,10368
Jet Airways,9/05/2019,Kolkata,06:30,Banglore,0,14388
Air India,1/05/2019,Kolkata,05:50,Banglore,0,10991
Jet Airways,1/05/2019,Kolkata,20:00,Banglore,0,13941
Air Asia,21/05/2019,Delhi,07:55,Cochin,0,6152
Air India,1/06/2019,Delhi,05:15,Cochin,0,7480
SpiceJet,21/04/2019,Banglore,05:55,Delhi,0,4423
Air India,24/04/2019,Delhi,05:10,Cochin,0,5201
SpiceJet,15/06/2019,Banglore,21:10,Delhi,0,3919
Vistara,18/05/2019,Kolkata,07:10,Banglore,0,9345
SpiceJet,27/03/2019,Chennai,08:20,Kolkata,0,3332
Air India,9/06/2019,Banglore,10:00,Delhi,0,6961
SpiceJet,15/05/2019,Kolkata,06:55,Banglore,0,3873
IndiGo,9/06/2019,Kolkata,20:20,Banglore,0,4804
Air India,01/03/2019,Banglore,05:50,New Delhi,0,13366
Air India,27/03/2019,Delhi,16:40,Cochin,0,8656
Jet Airways,12/05/2019,Kolkata,06:30,Banglore,0,13941
Vistara,15/05/2019,Kolkata,07:10,Banglore,0,8610
SpiceJet,15/05/2019,Kolkata,08:35,Banglore,0,6381
Multiple carriers,1/06/2019,Delhi,04:55,Cochin,0,11098
Jet Airways,21/03/2019,Delhi,20:50,Cochin,0,14189
Air India,12/06/2019,Kolkata,09:10,Banglore,0,6117
Jet Airways,12/05/2019,Kolkata,16:30,Banglore,0,10844
IndiGo,15/06/2019,Delhi,05:05,Cochin,0,6818
IndiGo,15/06/2019,Kolkata,21:25,Banglore,0,4804
IndiGo,9/06/2019,Kolkata,15:15,Banglore,0,5224
SpiceJet,24/05/2019,Kolkata,15:55,Banglore,0,7804
Jet Airways,12/06/2019,Kolkata,17:00,Banglore,0,12692
Air India,9/03/2019,Delhi,08:40,Cochin,0,18959
Air India,6/06/2019,Delhi,17:15,Cochin,0,12777
Air Asia,24/03/2019,Kolkata,07:35,Banglore,0,6785
Jet Airways,27/03/2019,Delhi,21:50,Cochin,0,6017
IndiGo,6/03/2019,Delhi,06:40,Cochin,0,14871
Multiple carriers,1/06/2019,Delhi,13:00,Cochin,0,13377
Jet Airways,6/05/2019,Kolkata,08:25,Banglore,0,10844
Jet Airways,15/03/2019,Banglore,08:00,New Delhi,0,9134
Jet Airways,06/03/2019,Banglore,21:25,New Delhi,0,17471
SpiceJet,6/04/2019,Banglore,21:10,Delhi,0,3971
Jet Airways,6/03/2019,Delhi,09:00,Cochin,0,17024
SpiceJet,15/05/2019,Banglore,21:10,Delhi,0,3573
Jet Airways,6/05/2019,Kolkata,06:30,Banglore,0,9663
Jet Airways,9/06/2019,Delhi,14:00,Cochin,0,10262
Multiple carriers,6/03/2019,Delhi,07:05,Cochin,0,17267
Multiple carriers,12/06/2019,Delhi,08:00,Cochin,0,12192
Vistara,21/03/2019,Delhi,06:00,Cochin,0,6688
Jet Airways,24/03/2019,Kolkata,06:30,Banglore,0,13339
IndiGo,1/03/2019,Delhi,04:55,Cochin,0,10278
IndiGo,15/05/2019,Kolkata,07:10,Banglore,0,4864
SpiceJet,1/05/2019,Kolkata,11:15,Banglore,0,8844
Multiple carriers,21/05/2019,Delhi,12:50,Cochin,0,7485
Air India,27/06/2019,Delhi,13:15,Cochin,0,8839
Air Asia,15/05/2019,Kolkata,06:50,Banglore,0,5162
Air India,27/05/2019,Delhi,05:15,Cochin,0,10493
Air India,21/03/2019,Banglore,22:00,New Delhi,0,6955
Jet Airways,9/06/2019,Kolkata,20:00,Banglore,0,14571
Vistara,27/06/2019,Banglore,17:00,Delhi,0,4878
IndiGo,18/05/2019,Kolkata,21:00,Banglore,0,6534
Jet Airways,18/05/2019,Delhi,20:55,Cochin,0,12373
Jet Airways,21/03/2019,Banglore,07:00,New Delhi,0,7832
Air India,18/05/2019,Delhi,12:00,Cochin,0,8603
GoAir,18/03/2019,Banglore,11:40,New Delhi,0,4340
GoAir,27/04/2019,Delhi,07:25,Cochin,0,5140
Jet Airways,9/06/2019,Kolkata,20:00,Banglore,0,14571
Vistara,21/03/2019,Chennai,07:05,Kolkata,0,3739
Air India,6/03/2019,Delhi,05:10,Cochin,0,6881
IndiGo,03/03/2019,Banglore,22:20,New Delhi,0,7648
SpiceJet,18/03/2019,Mumbai,13:10,Hyderabad,0,2385
Jet Airways,9/06/2019,Kolkata,14:05,Banglore,0,14571
Vistara,3/05/2019,Banglore,21:00,Delhi,0,5613
Air India,18/03/2019,Delhi,05:10,Cochin,0,5674
IndiGo,6/03/2019,Delhi,08:35,Cochin,0,7514
Jet Airways,06/03/2019,Banglore,08:55,New Delhi,0,16736
Jet Airways,24/05/2019,Kolkata,14:05,Banglore,0,10844
Jet Airways,3/03/2019,Delhi,09:00,Cochin,0,15400
Jet Airways,18/06/2019,Banglore,19:50,Delhi,0,8016
Jet Airways,18/05/2019,Delhi,19:30,Cochin,0,13029
Air India,9/05/2019,Kolkata,08:20,Banglore,0,11432
Jet Airways,15/05/2019,Kolkata,21:10,Banglore,0,9663
Jet Airways,24/05/2019,Kolkata,20:25,Banglore,0,10703
Air India,6/06/2019,Kolkata,14:30,Banglore,0,15107
Air India,6/06/2019,Kolkata,09:25,Banglore,0,13217
Multiple carriers,12/06/2019,Delhi,17:00,Cochin,0,7198
Jet Airways,09/03/2019,Banglore,18:20,New Delhi,0,8016
IndiGo,27/05/2019,Delhi,02:00,Cochin,0,6147
SpiceJet,21/04/2019,Delhi,08:45,Cochin,0,6356
IndiGo,12/06/2019,Kolkata,17:15,Banglore,0,4804
Air India,1/05/2019,Kolkata,05:50,Banglore,0,7662
Jet Airways,1/06/2019,Delhi,09:35,Cochin,0,13292
SpiceJet,9/03/2019,Delhi,16:35,Cochin,0,7084
IndiGo,15/05/2019,Chennai,22:05,Kolkata,0,5277
Jet Airways,21/03/2019,Delhi,06:20,Cochin,0,12273
Vistara,15/06/2019,Banglore,09:45,Delhi,0,4878
SpiceJet,27/03/2019,Delhi,06:10,Cochin,0,5351
Multiple carriers,12/06/2019,Delhi,07:30,Cochin,0,10877
IndiGo,09/03/2019,Banglore,10:05,New Delhi,0,6860
IndiGo,18/06/2019,Chennai,14:45,Kolkata,0,3597
Multiple carriers,3/06/2019,Delhi,08:30,Cochin,0,7677
Jet Airways,24/05/2019,Kolkata,18:55,Banglore,0,10844
Air India,12/03/2019,Banglore,06:45,New Delhi,0,13387
Vistara,24/06/2019,Delhi,06:00,Cochin,0,6216
Jet Airways,9/06/2019,Kolkata,17:00,Banglore,0,13994
Jet Airways,27/03/2019,Delhi,19:45,Cochin,0,12242
Jet Airways,15/06/2019,Delhi,05:30,Cochin,0,11507
Jet Airways,21/03/2019,Banglore,20:35,New Delhi,0,7832
IndiGo,6/03/2019,Delhi,05:05,Cochin,0,7894
SpiceJet,18/06/2019,Banglore,05:55,Delhi,0,3573
SpiceJet,18/03/2019,Banglore,20:30,New Delhi,0,4377
Multiple carriers,27/06/2019,Delhi,11:30,Cochin,0,14848
Air India,01/03/2019,Banglore,11:50,New Delhi,0,15434
Multiple carriers,27/04/2019,Delhi,07:10,Cochin,0,6093
Multiple carriers,18/05/2019,Delhi,06:00,Cochin,0,9794
Jet Airways,12/05/2019,Banglore,15:15,Delhi,0,4544
Jet Airways,9/05/2019,Delhi,11:40,Cochin,0,21219
Air India,6/03/2019,Delhi,17:20,Cochin,0,12677
Jet Airways,09/03/2019,Banglore,19:55,New Delhi,0,7229
Air India,01/03/2019,Banglore,17:00,New Delhi,0,10981
SpiceJet,9/05/2019,Kolkata,15:55,Banglore,0,8224
Jet Airways,12/06/2019,Kolkata,14:05,Banglore,0,13626
IndiGo,21/06/2019,Banglore,13:00,Delhi,0,3943
SpiceJet,21/06/2019,Kolkata,17:10,Banglore,0,3841
Jet Airways,18/05/2019,Delhi,10:00,Cochin,0,12373
IndiGo,09/03/2019,Banglore,04:00,New Delhi,0,8033
Jet Airways,27/05/2019,Delhi,09:00,Cochin,0,12898
IndiGo,9/05/2019,Delhi,07:30,Cochin,0,7191
Jet Airways,3/06/2019,Delhi,02:15,Cochin,0,14714
Jet Airways,21/03/2019,Delhi,19:10,Cochin,0,6643
Vistara,18/04/2019,Delhi,14:40,Cochin,0,6216
IndiGo,1/05/2019,Kolkata,17:15,Banglore,0,4804
Jet Airways,27/03/2019,Delhi,05:10,Cochin,0,8098
Jet Airways,01/03/2019,Banglore,11:40,New Delhi,0,26890
Multiple carriers,9/06/2019,Delhi,10:20,Cochin,0,7005
Jet Airways,21/06/2019,Banglore,18:55,Delhi,0,8541
Multiple carriers,24/06/2019,Delhi,10:35,Cochin,0,7155
IndiGo,12/04/2019,Banglore,04:00,Delhi,0,4423
Jet Airways,21/05/2019,Delhi,02:15,Cochin,0,12898
Air Asia,15/05/2019,Delhi,20:45,Cochin,0,6853
Air India,3/06/2019,Delhi,21:00,Cochin,0,8372
Air India,24/06/2019,Delhi,20:15,Cochin,0,13381
Vistara,12/06/2019,Kolkata,20:20,Banglore,0,8452
Air India,15/06/2019,Mumbai,19:30,Hyderabad,0,3100
SpiceJet,12/05/2019,Banglore,05:55,Delhi,0,3311
Multiple carriers,27/03/2019,Delhi,13:00,Cochin,0,12537
Multiple carriers,21/03/2019,Delhi,02:15,Cochin,0,13961
IndiGo,9/04/2019,Banglore,04:00,Delhi,0,3943
Jet Airways,9/04/2019,Delhi,11:40,Cochin,0,15439
Jet Airways,27/04/2019,Banglore,08:20,Delhi,0,7229
Jet Airways,6/06/2019,Banglore,19:50,Delhi,0,7229
IndiGo,27/03/2019,Delhi,16:00,Cochin,0,5073
IndiGo,24/06/2019,Banglore,08:30,Delhi,0,4823
Vistara,9/06/2019,Kolkata,07:10,Banglore,0,9397
Air India,1/05/2019,Kolkata,09:50,Banglore,0,13227
Air India,09/03/2019,Banglore,05:50,New Delhi,0,10657
Jet Airways,15/06/2019,Mumbai,02:55,Hyderabad,0,5678
Jet Airways,27/05/2019,Delhi,13:25,Cochin,0,15129
Jet Airways,12/06/2019,Delhi,14:35,Cochin,0,10919
Jet Airways,1/06/2019,Delhi,07:05,Cochin,0,12898
Jet Airways,1/04/2019,Kolkata,09:35,Banglore,0,10953
Air India,9/06/2019,Delhi,17:15,Cochin,0,12392
IndiGo,27/05/2019,Delhi,16:00,Cochin,0,7048
IndiGo,24/03/2019,Kolkata,15:20,Banglore,0,6985
IndiGo,18/03/2019,Kolkata,22:10,Banglore,0,4148
SpiceJet,24/05/2019,Kolkata,22:20,Banglore,0,3873
IndiGo,9/06/2019,Delhi,16:00,Cochin,0,6316
Jet Airways,6/03/2019,Delhi,13:00,Cochin,0,13843
Jet Airways,9/05/2019,Kolkata,08:25,Banglore,0,10844
Jet Airways,9/03/2019,Delhi,18:15,Cochin,0,14053
Jet Airways,12/05/2019,Kolkata,08:25,Banglore,0,14781
SpiceJet,21/04/2019,Kolkata,09:00,Banglore,0,4439
SpiceJet,18/05/2019,Kolkata,17:10,Banglore,0,4174
IndiGo,1/05/2019,Banglore,16:55,Delhi,0,4823
Jet Airways,06/03/2019,Banglore,07:00,New Delhi,0,19225
Multiple carriers,9/05/2019,Delhi,10:20,Cochin,0,7670
Jet Airways,27/05/2019,Delhi,20:00,Cochin,0,15318
Jet Airways,6/06/2019,Delhi,05:30,Cochin,0,13014
Jet Airways,15/05/2019,Kolkata,21:10,Banglore,0,10844
IndiGo,24/04/2019,Kolkata,14:25,Banglore,0,4804
Jet Airways,12/05/2019,Kolkata,20:00,Banglore,0,9663
Jet Airways,24/06/2019,Delhi,21:50,Cochin,0,10262
SpiceJet,12/05/2019,Chennai,09:45,Kolkata,0,3543
IndiGo,15/06/2019,Mumbai,09:10,Hyderabad,0,4049
IndiGo,24/03/2019,Kolkata,17:15,Banglore,0,6565
Jet Airways,27/03/2019,Delhi,19:10,Cochin,0,6643
SpiceJet,15/06/2019,Mumbai,05:45,Hyderabad,0,2753
Jet Airways,24/05/2019,Kolkata,09:35,Banglore,0,13067
Jet Airways,3/06/2019,Delhi,10:00,Cochin,0,14714
IndiGo,15/03/2019,Chennai,05:15,Kolkata,0,4326
IndiGo,27/04/2019,Banglore,10:30,Delhi,0,4423
Jet Airways,12/06/2019,Delhi,22:50,Cochin,0,10262
Jet Airways,21/03/2019,Banglore,16:55,New Delhi,0,7832
Multiple carriers,21/05/2019,Delhi,06:40,Cochin,0,7787
IndiGo,3/03/2019,Delhi,07:20,Cochin,0,12214
Jet Airways,18/05/2019,Delhi,19:15,Cochin,0,12373
Jet Airways,18/05/2019,Kolkata,14:05,Banglore,0,14388
Jet Airways,6/06/2019,Banglore,19:50,Delhi,0,8016
IndiGo,24/05/2019,Kolkata,04:40,Banglore,0,4804
Vistara,18/05/2019,Kolkata,17:00,Banglore,0,9555
Air India,03/03/2019,Banglore,13:20,New Delhi,0,10216
IndiGo,1/05/2019,Kolkata,06:20,Banglore,0,4226
IndiGo,24/06/2019,Delhi,06:40,Cochin,0,6093
Vistara,24/05/2019,Kolkata,20:20,Banglore,0,9345
Jet Airways,12/05/2019,Kolkata,20:25,Banglore,0,8066
SpiceJet,12/06/2019,Kolkata,15:55,Banglore,0,8224
Air India,03/03/2019,Banglore,08:15,New Delhi,0,6781
Vistara,1/05/2019,Kolkata,07:10,Banglore,0,9187
SpiceJet,6/04/2019,Delhi,17:55,Cochin,0,4957
Multiple carriers,9/03/2019,Delhi,07:05,Cochin,0,6916
Jet Airways,1/05/2019,Kolkata,20:00,Banglore,0,8586
IndiGo,15/06/2019,Banglore,13:00,Delhi,0,3943
Jet Airways,24/06/2019,Banglore,07:10,Delhi,0,8016
Multiple carriers,21/05/2019,Delhi,06:00,Cochin,0,8266
Jet Airways,27/06/2019,Banglore,19:50,Delhi,0,7229
IndiGo,27/03/2019,Delhi,07:30,Cochin,0,8574
Multiple carriers,27/03/2019,Delhi,07:00,Cochin,0,6358
Jet Airways,12/06/2019,Delhi,05:30,Cochin,0,13344
IndiGo,18/05/2019,Kolkata,21:25,Banglore,0,4804
Jet Airways,12/05/2019,Kolkata,16:30,Banglore,0,10844
Air India,6/05/2019,Kolkata,19:00,Banglore,0,6117
Jet Airways,18/03/2019,Mumbai,19:35,Hyderabad,0,5678
Jet Airways,18/05/2019,Kolkata,20:00,Banglore,0,10844
Jet Airways,12/03/2019,Banglore,20:35,New Delhi,0,11087
Air India,27/03/2019,Delhi,08:00,Cochin,0,7199
Air India,9/06/2019,Delhi,20:15,Cochin,0,13381
Air India,21/04/2019,Delhi,05:10,Cochin,0,6094
IndiGo,15/03/2019,Mumbai,06:20,Hyderabad,0,3342
Air India,9/05/2019,Delhi,20:40,Cochin,0,7480
Vistara,9/05/2019,Delhi,14:40,Cochin,0,6216
Vistara,27/04/2019,Delhi,14:40,Cochin,0,6216
Jet Airways,21/04/2019,Banglore,08:20,Delhi,0,5198
Jet Airways,21/03/2019,Delhi,19:15,Cochin,0,12347
Jet Airways,06/03/2019,Banglore,08:55,New Delhi,0,17261
Multiple carriers,15/05/2019,Delhi,10:00,Cochin,0,8073
Jet Airways,18/05/2019,Delhi,09:40,Cochin,0,15129
Vistara,27/06/2019,Banglore,11:30,Delhi,0,4668
Air India,9/05/2019,Kolkata,10:00,Banglore,0,10203
IndiGo,09/03/2019,Banglore,18:25,New Delhi,0,6860
Jet Airways,18/03/2019,Banglore,05:45,New Delhi,0,12284
Air India,18/06/2019,Kolkata,14:15,Banglore,0,5510
IndiGo,9/05/2019,Delhi,07:35,Cochin,0,5054
SpiceJet,24/03/2019,Banglore,09:35,New Delhi,0,4377
Multiple carriers,15/05/2019,Delhi,12:50,Cochin,0,8266
Jet Airways,9/06/2019,Delhi,06:45,Cochin,0,13376
SpiceJet,03/03/2019,Banglore,15:35,New Delhi,0,6315
Jet Airways,06/03/2019,Banglore,14:05,New Delhi,0,19225
Air India,6/06/2019,Kolkata,14:30,Banglore,0,15894
Jet Airways,3/06/2019,Delhi,09:40,Cochin,0,13014
Jet Airways,21/05/2019,Delhi,20:55,Cochin,0,12898
Jet Airways,21/05/2019,Delhi,21:50,Cochin,0,16079
Multiple carriers,27/06/2019,Delhi,19:00,Cochin,0,7198
Multiple carriers,27/05/2019,Delhi,09:45,Cochin,0,10486
Jet Airways,9/03/2019,Delhi,16:00,Cochin,0,14053
IndiGo,3/06/2019,Delhi,05:10,Cochin,0,6842
Jet Airways,06/03/2019,Banglore,07:00,New Delhi,0,22270
GoAir,21/05/2019,Kolkata,16:40,Banglore,0,8855
Jet Airways,21/03/2019,Delhi,07:05,Cochin,0,12767
Air Asia,12/05/2019,Kolkata,22:40,Banglore,0,5192
Jet Airways,27/05/2019,Delhi,09:00,Cochin,0,12898
Air Asia,27/05/2019,Delhi,16:45,Cochin,0,6752
Air India,27/05/2019,Banglore,10:00,Delhi,0,6961
Air India,06/03/2019,Banglore,08:50,New Delhi,0,14143
Jet Airways,3/06/2019,Delhi,21:25,Cochin,0,11507
Multiple carriers,6/06/2019,Delhi,07:05,Cochin,0,14848
Vistara,27/04/2019,Banglore,11:30,Delhi,0,5403
Jet Airways,3/06/2019,Delhi,21:50,Cochin,0,12898
Air Asia,27/06/2019,Delhi,07:55,Cochin,0,6152
IndiGo,1/06/2019,Delhi,20:25,Cochin,0,6593
Jet Airways,1/06/2019,Delhi,11:30,Cochin,0,10262
Air India,6/06/2019,Mumbai,13:55,Hyderabad,0,3625
Jet Airways,24/03/2019,Banglore,08:20,New Delhi,0,7229
IndiGo,12/05/2019,Mumbai,09:10,Hyderabad,0,4049
Air India,24/03/2019,Banglore,10:00,New Delhi,0,4441
Air India,15/05/2019,Kolkata,12:00,Banglore,0,9941
Multiple carriers,24/06/2019,Delhi,06:00,Cochin,0,7740
IndiGo,6/06/2019,Kolkata,09:20,Banglore,0,11160
Air India,9/03/2019,Delhi,17:20,Cochin,0,12415
Air India,6/05/2019,Kolkata,12:00,Banglore,0,10676
IndiGo,9/06/2019,Delhi,02:00,Cochin,0,6386
Air India,24/03/2019,Kolkata,05:55,Banglore,0,13990
IndiGo,1/06/2019,Delhi,10:35,Cochin,0,6206
Jet Airways,15/03/2019,Mumbai,10:20,Hyderabad,0,4160
Multiple carriers,18/05/2019,Delhi,11:30,Cochin,0,13727
Vistara,21/05/2019,Chennai,07:05,Kolkata,0,3687
Vistara Premium economy,1/03/2019,Chennai,07:05,Kolkata,0,9125
Jet Airways,9/06/2019,Kolkata,21:10,Banglore,0,14939
Air India,3/06/2019,Banglore,10:00,Delhi,0,6961
GoAir,1/06/2019,Delhi,14:25,Cochin,0,10651
IndiGo,9/06/2019,Kolkata,17:35,Banglore,0,5699
Jet Airways,6/05/2019,Kolkata,20:00,Banglore,0,14388
IndiGo,24/05/2019,Mumbai,09:10,Hyderabad,0,5755
Air India,12/06/2019,Delhi,13:00,Cochin,0,8372
Air India,6/03/2019,Delhi,20:40,Cochin,0,12677
Jet Airways,01/03/2019,Banglore,22:50,New Delhi,0,25735
IndiGo,9/04/2019,Banglore,07:10,Delhi,0,4823
Air India,3/03/2019,Delhi,18:05,Cochin,0,8666
Air India,15/05/2019,Kolkata,07:00,Banglore,0,11936
Jet Airways,9/05/2019,Delhi,09:40,Cochin,0,15129
Jet Airways,03/03/2019,Banglore,05:45,New Delhi,0,11087
IndiGo,12/06/2019,Delhi,18:35,Cochin,0,5883
Air India,15/05/2019,Delhi,05:10,Cochin,0,6094
IndiGo,27/06/2019,Delhi,20:25,Cochin,0,5054
Air India,21/04/2019,Delhi,06:10,Cochin,0,7174
Jet Airways,21/03/2019,Banglore,14:05,New Delhi,0,7832
Air India,9/05/2019,Kolkata,09:25,Banglore,0,8891
Air India,9/05/2019,Kolkata,12:00,Banglore,0,9626
SpiceJet,6/05/2019,Kolkata,22:20,Banglore,0,3873
Multiple carriers,21/05/2019,Delhi,07:00,Cochin,0,10197
SpiceJet,03/03/2019,Banglore,05:45,New Delhi,0,6860
Jet Airways,6/05/2019,Kolkata,08:25,Banglore,0,10844
Jet Airways,9/06/2019,Kolkata,09:35,Banglore,0,13994
Multiple carriers,3/06/2019,Delhi,07:30,Cochin,0,10877
Multiple carriers,27/05/2019,Delhi,08:00,Cochin,0,10407
Multiple carriers,27/03/2019,Delhi,10:20,Cochin,0,6427
Jet Airways,18/05/2019,Delhi,05:30,Cochin,0,15544
SpiceJet,21/04/2019,Kolkata,17:10,Banglore,0,4807
IndiGo,9/06/2019,Delhi,06:50,Cochin,0,6442
Multiple carriers,3/06/2019,Delhi,07:30,Cochin,0,7354
Jet Airways,15/03/2019,Mumbai,15:50,Hyderabad,0,2470
IndiGo,9/06/2019,Chennai,13:15,Kolkata,0,3597
Multiple carriers,15/06/2019,Delhi,06:40,Cochin,0,8614
Jet Airways,21/05/2019,Kolkata,20:00,Banglore,0,10844
Air India,21/03/2019,Mumbai,13:55,Hyderabad,0,3100
Multiple carriers,9/05/2019,Delhi,08:45,Cochin,0,8266
Air India,12/03/2019,Banglore,08:50,New Delhi,0,13250
Jet Airways,12/05/2019,Mumbai,19:35,Hyderabad,0,5678
SpiceJet,27/05/2019,Kolkata,06:55,Banglore,0,3873
SpiceJet,12/04/2019,Kolkata,17:10,Banglore,0,3841
Air India,27/06/2019,Delhi,12:55,Cochin,0,12646
Jet Airways,12/06/2019,Kolkata,16:30,Banglore,0,8529
Jet Airways,6/06/2019,Delhi,09:00,Cochin,0,10262
IndiGo,15/05/2019,Delhi,07:35,Cochin,0,6442
Air India,9/06/2019,Delhi,18:45,Cochin,0,12257
IndiGo,1/04/2019,Kolkata,21:00,Banglore,0,5930
Jet Airways,6/05/2019,Kolkata,06:30,Banglore,0,14781
Jet Airways,15/05/2019,Kolkata,14:05,Banglore,0,13941
Multiple carriers,12/06/2019,Delhi,07:10,Cochin,0,6513
Air India,3/06/2019,Delhi,16:55,Cochin,0,13381
Multiple carriers,3/06/2019,Delhi,14:55,Cochin,0,7038
Vistara,24/05/2019,Kolkata,20:20,Banglore,0,8452
SpiceJet,12/04/2019,Kolkata,06:55,Banglore,0,3841
Vistara,21/05/2019,Banglore,09:45,Delhi,0,4668
GoAir,24/06/2019,Banglore,07:45,Delhi,0,3898
IndiGo,9/03/2019,Mumbai,06:20,Hyderabad,0,4392
Jet Airways,12/06/2019,Kolkata,10:20,Banglore,0,8355
Air India,27/06/2019,Delhi,09:45,Cochin,0,8907
Air India,15/03/2019,Banglore,05:50,New Delhi,0,7664
Jet Airways,24/06/2019,Delhi,13:25,Cochin,0,12819
SpiceJet,12/06/2019,Delhi,08:45,Cochin,0,5158
IndiGo,6/05/2019,Mumbai,21:20,Hyderabad,0,2227
Vistara,21/06/2019,Chennai,07:05,Kolkata,0,3687
Air India,9/05/2019,Kolkata,12:00,Banglore,0,6612
Multiple carriers,18/05/2019,Delhi,17:50,Cochin,0,19360
Air India,27/06/2019,Delhi,07:00,Cochin,0,8669
SpiceJet,9/06/2019,Delhi,15:45,Cochin,0,6297
Jet Airways,18/03/2019,Banglore,05:45,New Delhi,0,12284
Jet Airways,1/05/2019,Kolkata,08:25,Banglore,0,9663
IndiGo,27/04/2019,Banglore,21:15,Delhi,0,3943
Air India,21/03/2019,Banglore,11:50,New Delhi,0,5932
Air India,3/03/2019,Delhi,05:55,Cochin,0,15428
IndiGo,1/05/2019,Kolkata,20:20,Banglore,0,4804
IndiGo,24/03/2019,Kolkata,08:15,Banglore,0,6303
IndiGo,27/03/2019,Delhi,10:45,Cochin,0,6628
Multiple carriers,12/06/2019,Delhi,10:00,Cochin,0,7198
Vistara,15/05/2019,Banglore,17:00,Delhi,0,4878
SpiceJet,6/04/2019,Kolkata,17:10,Banglore,0,3873
Air India,18/05/2019,Kolkata,16:50,Banglore,0,13432
Jet Airways,01/03/2019,Banglore,11:40,New Delhi,0,25735
Air Asia,27/04/2019,Delhi,07:55,Cochin,0,6451
Jet Airways,21/03/2019,Banglore,19:55,New Delhi,0,7229
Jet Airways,9/05/2019,Delhi,20:55,Cochin,0,12373
GoAir,15/05/2019,Banglore,11:40,Delhi,0,3398
Jet Airways,6/06/2019,Banglore,07:10,Delhi,0,6478
Jet Airways,6/03/2019,Mumbai,13:05,Hyderabad,0,21375
SpiceJet,6/03/2019,Chennai,17:45,Kolkata,0,7298
Multiple carriers,9/05/2019,Delhi,10:20,Cochin,0,9021
Jet Airways,21/06/2019,Banglore,19:50,Delhi,0,8541
IndiGo,6/03/2019,Delhi,04:45,Cochin,0,13611
Air India,01/03/2019,Banglore,09:30,New Delhi,0,12704
IndiGo,15/06/2019,Delhi,10:35,Cochin,0,5883
Air India,9/06/2019,Kolkata,09:25,Banglore,0,11642
IndiGo,15/06/2019,Delhi,14:20,Cochin,0,6412
Air India,12/05/2019,Kolkata,09:50,Banglore,0,8450
Jet Airways,1/06/2019,Delhi,21:25,Cochin,0,13292
Air India,9/06/2019,Mumbai,15:00,Hyderabad,0,3100
Air India,21/03/2019,Delhi,12:55,Cochin,0,11228
Jet Airways,21/03/2019,Delhi,19:10,Cochin,0,9483
Multiple carriers,27/05/2019,Delhi,13:00,Cochin,0,15898
Air India,3/04/2019,Mumbai,19:30,Hyderabad,0,2050
Jet Airways,9/06/2019,Kolkata,20:25,Banglore,0,12692
Jet Airways,21/05/2019,Delhi,05:30,Cochin,0,15129
IndiGo,18/03/2019,Kolkata,15:10,Banglore,0,4462
Jet Airways,24/03/2019,Kolkata,19:45,Banglore,0,10031
Air India,21/03/2019,Delhi,20:40,Cochin,0,5642
IndiGo,15/03/2019,Banglore,23:30,New Delhi,0,8033
Air India,12/06/2019,Kolkata,05:50,Banglore,0,12723
Multiple carriers,27/05/2019,Delhi,10:00,Cochin,0,9508
Jet Airways,12/06/2019,Banglore,07:10,Delhi,0,5769
Jet Airways,6/06/2019,Delhi,05:30,Cochin,0,13014
Jet Airways,21/06/2019,Banglore,17:45,Delhi,0,8541
IndiGo,9/03/2019,Delhi,06:40,Cochin,0,6442
Jet Airways,12/05/2019,Kolkata,09:35,Banglore,0,14151
Air Asia,21/04/2019,Kolkata,22:50,Banglore,0,5645
Jet Airways,24/05/2019,Kolkata,21:10,Banglore,0,14178
Air India,18/06/2019,Delhi,05:10,Cochin,0,5201
Air India,03/03/2019,Banglore,10:00,New Delhi,0,11423
Multiple carriers,1/03/2019,Delhi,19:00,Cochin,0,23533
IndiGo,6/03/2019,Kolkata,05:30,Banglore,0,4778
Jet Airways,21/05/2019,Delhi,09:00,Cochin,0,12898
Vistara,18/03/2019,Banglore,19:40,New Delhi,0,12123
SpiceJet,24/03/2019,Kolkata,15:05,Banglore,0,6197
Air India,1/06/2019,Delhi,09:45,Cochin,0,8372
IndiGo,21/05/2019,Mumbai,20:05,Hyderabad,0,2227
IndiGo,03/03/2019,Banglore,20:00,New Delhi,0,6860
IndiGo,15/06/2019,Delhi,02:00,Cochin,0,6386
IndiGo,15/05/2019,Delhi,08:30,Cochin,0,7503
Air India,18/05/2019,Delhi,17:20,Cochin,0,7690
Jet Airways,18/03/2019,Mumbai,02:55,Hyderabad,0,5678
Jet Airways,6/03/2019,Delhi,11:30,Cochin,0,13843
SpiceJet,27/04/2019,Kolkata,17:10,Banglore,0,3841
IndiGo,15/05/2019,Delhi,17:30,Cochin,0,6979
Jet Airways,12/05/2019,Kolkata,20:25,Banglore,0,14151
Air India,6/05/2019,Kolkata,12:00,Banglore,0,10151
Jet Airways,6/06/2019,Delhi,09:40,Cochin,0,10368
Jet Airways,1/05/2019,Kolkata,06:30,Banglore,0,10844
Jet Airways,18/05/2019,Delhi,23:05,Cochin,0,16704
Jet Airways,27/05/2019,Delhi,23:05,Cochin,0,15129
Air India,6/06/2019,Kolkata,09:25,Banglore,0,8366
SpiceJet,24/04/2019,Banglore,05:55,Delhi,0,3919
Air India,21/05/2019,Kolkata,09:25,Banglore,0,14687
SpiceJet,01/03/2019,Banglore,10:20,New Delhi,0,23267
Air India,15/05/2019,Delhi,09:45,Cochin,0,10975
Jet Airways,1/06/2019,Delhi,19:15,Cochin,0,14714
IndiGo,24/05/2019,Chennai,13:15,Kolkata,0,3597
Multiple carriers,3/03/2019,Delhi,15:05,Cochin,0,34503
Jet Airways,12/05/2019,Kolkata,08:25,Banglore,0,14781
Multiple carriers,18/05/2019,Delhi,14:00,Cochin,0,13727
IndiGo,3/06/2019,Delhi,21:50,Cochin,0,7189
Multiple carriers,12/06/2019,Delhi,07:00,Cochin,0,7408
Multiple carriers,27/05/2019,Delhi,17:50,Cochin,0,18275
Multiple carriers,9/03/2019,Delhi,08:00,Cochin,0,19332
SpiceJet,1/05/2019,Chennai,17:45,Kolkata,0,3543
Jet Airways,1/04/2019,Kolkata,06:30,Banglore,0,7064
IndiGo,1/06/2019,Delhi,07:35,Cochin,0,6442
Multiple carriers,27/03/2019,Delhi,07:10,Cochin,0,6145
Multiple carriers,21/05/2019,Delhi,08:30,Cochin,0,9627
Multiple carriers,15/05/2019,Delhi,06:00,Cochin,0,7670
Air India,18/05/2019,Kolkata,10:00,Banglore,0,14109
IndiGo,9/04/2019,Kolkata,20:20,Banglore,0,4488
Jet Airways,27/05/2019,Delhi,11:30,Cochin,0,12898
Air India,18/03/2019,Banglore,17:00,New Delhi,0,4441
Air India,24/03/2019,Kolkata,20:45,Banglore,0,31945
Jet Airways,1/04/2019,Kolkata,08:25,Banglore,0,7064
GoAir,15/04/2019,Delhi,10:35,Cochin,0,5752
IndiGo,18/04/2019,Kolkata,15:30,Banglore,0,4174
Air India,18/05/2019,Delhi,06:05,Cochin,0,7480
IndiGo,21/03/2019,Delhi,07:20,Cochin,0,6388
IndiGo,21/03/2019,Delhi,02:00,Cochin,0,6426
Jet Airways,1/05/2019,Kolkata,14:05,Banglore,0,13941
Multiple carriers,27/03/2019,Delhi,09:00,Cochin,0,6673
Jet Airways,12/06/2019,Kolkata,21:10,Banglore,0,7594
IndiGo,6/03/2019,Delhi,04:55,Cochin,0,6171
Air India,15/03/2019,Kolkata,20:45,Banglore,0,4435
Air India,6/06/2019,Delhi,05:15,Cochin,0,6587
IndiGo,6/06/2019,Delhi,06:50,Cochin,0,6674
Air India,03/03/2019,Banglore,00:30,New Delhi,0,10394
IndiGo,1/06/2019,Chennai,19:35,Kolkata,0,3597
Air India,6/03/2019,Delhi,04:00,Cochin,0,12940
Jet Airways,12/05/2019,Kolkata,20:25,Banglore,0,12121
Jet Airways,1/05/2019,Kolkata,18:55,Banglore,0,8586
IndiGo,24/06/2019,Banglore,10:10,Delhi,0,3943
Jet Airways,18/06/2019,Banglore,11:10,Delhi,0,8016
IndiGo,6/03/2019,Delhi,06:40,Cochin,0,14871
Jet Airways,9/05/2019,Delhi,13:00,Cochin,0,12373
IndiGo,6/06/2019,Chennai,14:45,Kolkata,0,3597
IndiGo,12/05/2019,Mumbai,19:05,Hyderabad,0,2754
IndiGo,24/05/2019,Banglore,20:00,Delhi,0,4823
IndiGo,18/03/2019,Banglore,12:10,New Delhi,0,4410
Multiple carriers,27/06/2019,Delhi,10:35,Cochin,0,7155
Multiple carriers,27/05/2019,Delhi,17:45,Cochin,0,6795
Jet Airways,27/05/2019,Delhi,08:00,Cochin,0,12898
IndiGo,24/04/2019,Banglore,13:00,Delhi,0,4423
GoAir,21/04/2019,Delhi,10:35,Cochin,0,7031
Jet Airways,24/03/2019,Kolkata,06:30,Banglore,0,13759
Multiple carriers,27/05/2019,Delhi,16:00,Cochin,0,13377
Air India,6/03/2019,Mumbai,17:20,Hyderabad,0,11972
Jet Airways,27/03/2019,Delhi,11:30,Cochin,0,6017
Air Asia,18/05/2019,Kolkata,10:20,Banglore,0,5645
IndiGo,21/03/2019,Delhi,05:05,Cochin,0,6893
SpiceJet,27/04/2019,Kolkata,22:20,Banglore,0,3841
Jet Airways,15/05/2019,Mumbai,02:55,Hyderabad,0,3210
Jet Airways,24/03/2019,Kolkata,06:30,Banglore,0,13339
IndiGo,15/04/2019,Banglore,10:10,Delhi,0,4423
Jet Airways,1/06/2019,Mumbai,10:20,Hyderabad,0,4050
Air India,9/05/2019,Mumbai,19:30,Hyderabad,0,3100
IndiGo,21/03/2019,Delhi,07:45,Cochin,0,6101
Jet Airways,21/05/2019,Delhi,09:40,Cochin,0,13029
IndiGo,18/06/2019,Kolkata,14:25,Banglore,0,4804
SpiceJet,3/04/2019,Mumbai,05:45,Hyderabad,0,2017
Jet Airways,6/06/2019,Delhi,09:40,Cochin,0,13014
Multiple carriers,15/05/2019,Delhi,14:00,Cochin,0,13727
Air India,24/05/2019,Delhi,07:00,Cochin,0,9929
Air India,1/04/2019,Kolkata,16:50,Banglore,0,7893
Air India,9/06/2019,Delhi,07:05,Cochin,0,11185
Air India,9/06/2019,Kolkata,07:00,Banglore,0,10413
Jet Airways,1/04/2019,Kolkata,20:25,Banglore,0,12121
IndiGo,12/06/2019,Banglore,04:00,Delhi,0,3943
Multiple carriers,27/03/2019,Delhi,19:00,Cochin,0,7845
Jet Airways,9/05/2019,Delhi,15:00,Cochin,0,12373
GoAir,3/04/2019,Delhi,07:25,Cochin,0,4106
Vistara,09/03/2019,Banglore,11:30,New Delhi,0,9918
Air India,9/06/2019,Delhi,17:15,Cochin,0,12199
Jet Airways,15/05/2019,Mumbai,10:20,Hyderabad,0,4995
Jet Airways,6/06/2019,Kolkata,20:00,Banglore,0,10844
Vistara,03/03/2019,Banglore,11:30,New Delhi,0,8028
Multiple carriers,3/06/2019,Delhi,12:50,Cochin,0,9001
Jet Airways,24/03/2019,Kolkata,13:55,Banglore,0,14231
Air India,15/06/2019,Delhi,06:50,Cochin,0,13591
Jet Airways,24/03/2019,Kolkata,19:45,Banglore,0,10031
Jet Airways,21/05/2019,Banglore,19:50,Delhi,0,7229
IndiGo,6/06/2019,Kolkata,17:15,Banglore,0,4804
Air India,24/03/2019,Kolkata,09:25,Banglore,0,11853
Air India,18/05/2019,Delhi,13:15,Cochin,0,11307
Air India,24/06/2019,Delhi,18:05,Cochin,0,5201
Air India,6/06/2019,Delhi,20:00,Cochin,0,11596
Multiple carriers,15/05/2019,Delhi,08:45,Cochin,0,8266
Jet Airways,12/06/2019,Delhi,06:45,Cochin,0,13376
Air India,9/06/2019,Banglore,06:10,Delhi,0,6961
Air India,9/05/2019,Kolkata,09:25,Banglore,0,12592
IndiGo,6/06/2019,Mumbai,09:15,Hyderabad,0,4049
Air India,27/05/2019,Delhi,13:00,Cochin,0,9719
IndiGo,3/03/2019,Delhi,16:00,Cochin,0,14871
Air Asia,18/03/2019,Kolkata,22:50,Banglore,0,4082
Air India,1/04/2019,Kolkata,16:50,Banglore,0,7893
Jet Airways,21/05/2019,Delhi,19:15,Cochin,0,12898
Jet Airways,9/05/2019,Delhi,23:05,Cochin,0,15129
SpiceJet,18/06/2019,Kolkata,06:55,Banglore,0,3873
Multiple carriers,9/05/2019,Delhi,06:00,Cochin,0,7670
Air India,6/03/2019,Delhi,19:45,Cochin,0,12646
IndiGo,1/05/2019,Banglore,07:10,Delhi,0,4823
Multiple carriers,27/03/2019,Delhi,09:00,Cochin,0,12537
Air India,18/05/2019,Delhi,07:05,Cochin,0,10975
Air Asia,21/04/2019,Banglore,23:55,Delhi,0,4483
Jet Airways,9/05/2019,Kolkata,20:00,Banglore,0,9663
Multiple carriers,15/06/2019,Delhi,19:00,Cochin,0,7408
IndiGo,03/03/2019,Banglore,16:55,New Delhi,0,8855
Jet Airways,18/06/2019,Banglore,08:20,Delhi,0,8016
Multiple carriers,3/03/2019,Delhi,17:30,Cochin,0,17057
IndiGo,1/06/2019,Banglore,04:00,Delhi,0,3943
SpiceJet,1/04/2019,Kolkata,22:20,Banglore,0,3841
Jet Airways,18/05/2019,Kolkata,08:25,Banglore,0,14781
Air India,9/06/2019,Delhi,05:55,Cochin,0,10493
Multiple carriers,9/03/2019,Delhi,17:25,Cochin,0,12616
Jet Airways,6/06/2019,Kolkata,21:10,Banglore,0,14571
Jet Airways,3/03/2019,Delhi,16:00,Cochin,0,17234
Jet Airways,1/04/2019,Kolkata,06:30,Banglore,0,7064
Multiple carriers,9/05/2019,Delhi,11:25,Cochin,0,9103
Air India,15/05/2019,Delhi,12:30,Cochin,0,7480
IndiGo,9/06/2019,Kolkata,15:15,Banglore,0,5380
Air Asia,3/04/2019,Banglore,23:55,Delhi,0,4483
Jet Airways,9/06/2019,Kolkata,08:25,Banglore,0,14571
Air India,24/05/2019,Kolkata,10:00,Banglore,0,15107
Air India,1/05/2019,Kolkata,16:45,Banglore,0,14960
Jet Airways,12/06/2019,Delhi,19:30,Cochin,0,10368
Jet Airways,21/05/2019,Kolkata,14:05,Banglore,0,10844
Jet Airways,12/05/2019,Kolkata,16:30,Banglore,0,10844
Jet Airways,6/06/2019,Kolkata,16:30,Banglore,0,14571
Jet Airways,15/05/2019,Kolkata,14:05,Banglore,0,10844
IndiGo,12/04/2019,Kolkata,22:15,Banglore,0,4174
Vistara,6/05/2019,Kolkata,17:00,Banglore,0,8610
IndiGo,15/06/2019,Delhi,07:35,Cochin,0,6442
Multiple carriers,9/05/2019,Delhi,04:55,Cochin,0,7575
IndiGo,6/03/2019,Delhi,08:35,Cochin,0,7514
Multiple carriers,18/05/2019,Delhi,13:00,Cochin,0,9385
Vistara,6/06/2019,Kolkata,20:20,Banglore,0,9345
Jet Airways,09/03/2019,Banglore,21:25,New Delhi,0,7832
Jet Airways,18/03/2019,Banglore,16:55,New Delhi,0,13555
Vistara,09/03/2019,Banglore,06:40,New Delhi,0,10008
Jet Airways,15/03/2019,Banglore,09:45,New Delhi,0,7280
Jet Airways,15/06/2019,Delhi,08:00,Cochin,0,10262
SpiceJet,1/04/2019,Banglore,21:10,Delhi,0,3625
Air India,01/03/2019,Banglore,00:30,New Delhi,0,14752
IndiGo,03/03/2019,Banglore,19:35,New Delhi,0,13292
IndiGo,6/06/2019,Chennai,22:05,Kolkata,0,5277
IndiGo,12/05/2019,Banglore,22:10,Delhi,0,4284
Multiple carriers,9/05/2019,Delhi,04:55,Cochin,0,9103
Jet Airways,6/06/2019,Delhi,13:00,Cochin,0,10262
Jet Airways,9/03/2019,Delhi,20:50,Cochin,0,15554
Multiple carriers,6/03/2019,Delhi,12:50,Cochin,0,15147
IndiGo,1/05/2019,Kolkata,11:30,Banglore,0,5644
Air India,09/03/2019,Banglore,22:00,New Delhi,0,8425
IndiGo,27/03/2019,Delhi,18:35,Cochin,0,8574
Jet Airways,9/06/2019,Delhi,18:25,Cochin,0,14237
Jet Airways,6/03/2019,Mumbai,07:10,Hyderabad,0,9536
Air India,21/03/2019,Chennai,11:40,Kolkata,0,3670
Vistara,15/05/2019,Banglore,19:30,Delhi,0,4878
IndiGo,9/04/2019,Delhi,18:35,Cochin,0,6573
Air India,21/05/2019,Delhi,05:55,Cochin,0,10493
IndiGo,24/06/2019,Mumbai,21:20,Hyderabad,0,2227
Jet Airways,1/06/2019,Banglore,08:20,Delhi,0,8016
Jet Airways,1/06/2019,Delhi,17:30,Cochin,0,14714
Jet Airways,18/05/2019,Kolkata,20:00,Banglore,0,10844
IndiGo,9/05/2019,Kolkata,22:15,Banglore,0,4804
IndiGo,6/05/2019,Kolkata,07:10,Banglore,0,4864
SpiceJet,9/05/2019,Chennai,08:20,Kolkata,0,3859
Jet Airways,12/06/2019,Kolkata,16:30,Banglore,0,8529
IndiGo,24/05/2019,Mumbai,21:20,Hyderabad,0,2437
Jet Airways,27/04/2019,Banglore,11:10,Delhi,0,7229
SpiceJet,24/06/2019,Delhi,08:45,Cochin,0,4760
GoAir,15/06/2019,Kolkata,15:20,Banglore,0,3514
Jet Airways,1/04/2019,Kolkata,20:25,Banglore,0,11467
Multiple carriers,12/06/2019,Delhi,03:50,Cochin,0,12192
Multiple carriers,27/06/2019,Delhi,08:00,Cochin,0,13587
Multiple carriers,24/06/2019,Delhi,15:00,Cochin,0,13377
Vistara,21/03/2019,Banglore,21:10,New Delhi,0,4878
Jet Airways,1/06/2019,Banglore,06:00,Delhi,0,7229
Jet Airways,9/05/2019,Kolkata,06:30,Banglore,0,14781
Jet Airways,06/03/2019,Banglore,05:45,New Delhi,0,19225
Air India,1/06/2019,Delhi,13:15,Cochin,0,10467
Jet Airways,06/03/2019,Banglore,21:25,New Delhi,0,17261
IndiGo,27/06/2019,Delhi,17:30,Cochin,0,5684
Jet Airways,24/03/2019,Kolkata,19:45,Banglore,0,13759
Air India,6/03/2019,Delhi,23:00,Cochin,0,14777
GoAir,24/04/2019,Delhi,07:00,Cochin,0,6195
Multiple carriers,9/05/2019,Delhi,10:20,Cochin,0,8266
IndiGo,09/03/2019,Banglore,04:00,New Delhi,0,4777
Multiple carriers,27/06/2019,Delhi,16:00,Cochin,0,13377
Jet Airways,18/05/2019,Kolkata,17:00,Banglore,0,13067
Jet Airways,9/06/2019,Kolkata,09:35,Banglore,0,13994
IndiGo,15/05/2019,Mumbai,16:55,Hyderabad,0,3175
SpiceJet,21/06/2019,Banglore,05:55,Delhi,0,3971
Air India,18/05/2019,Kolkata,05:50,Banglore,0,12093
Multiple carriers,24/06/2019,Delhi,09:15,Cochin,0,11622
Jet Airways,1/04/2019,Kolkata,06:30,Banglore,0,7064
Jet Airways,24/06/2019,Delhi,16:00,Cochin,0,10262
IndiGo,6/05/2019,Mumbai,12:00,Hyderabad,0,2754
Air India,1/06/2019,Delhi,17:15,Cochin,0,14667
Jet Airways,1/04/2019,Kolkata,06:30,Banglore,0,12681
IndiGo,21/04/2019,Banglore,20:00,Delhi,0,4823
IndiGo,3/06/2019,Delhi,06:50,Cochin,0,7514
Air India,24/03/2019,Kolkata,05:40,Banglore,0,11522
Air India,27/05/2019,Delhi,05:15,Cochin,0,8425
Jet Airways,21/05/2019,Kolkata,17:00,Banglore,0,14151
IndiGo,9/06/2019,Kolkata,09:20,Banglore,0,11465
IndiGo,15/04/2019,Banglore,06:05,Delhi,0,4423
IndiGo,6/03/2019,Delhi,08:25,Cochin,0,14871
IndiGo,12/06/2019,Delhi,02:00,Cochin,0,6386
SpiceJet,09/03/2019,Banglore,05:45,New Delhi,0,7110
Air India,01/03/2019,Banglore,11:50,New Delhi,0,14594
Multiple carriers,27/05/2019,Delhi,11:30,Cochin,0,9254
Air India,27/06/2019,Kolkata,14:15,Banglore,0,5510
Jet Airways,12/06/2019,Kolkata,14:05,Banglore,0,13044
IndiGo,9/03/2019,Delhi,18:35,Cochin,0,12351
Air India,15/05/2019,Delhi,17:15,Cochin,0,13039
Multiple carriers,9/04/2019,Delhi,06:00,Cochin,0,8323
Multiple carriers,15/05/2019,Delhi,07:30,Cochin,0,10529
SpiceJet,27/04/2019,Banglore,05:55,Delhi,0,4319
Jet Airways,21/05/2019,Kolkata,17:00,Banglore,0,13067
IndiGo,15/03/2019,Chennai,13:20,Kolkata,0,6297
Jet Airways,06/03/2019,Banglore,16:55,New Delhi,0,17261
GoAir,1/06/2019,Banglore,20:55,Delhi,0,3898
Air India,9/05/2019,Banglore,21:05,Delhi,0,6121
Jet Airways,21/03/2019,Banglore,05:45,New Delhi,0,7832
IndiGo,6/06/2019,Kolkata,22:15,Banglore,0,4804
IndiGo,18/06/2019,Banglore,01:30,Delhi,0,3419
Air India,24/05/2019,Kolkata,09:25,Banglore,0,12718
Multiple carriers,27/06/2019,Delhi,10:00,Cochin,0,7408
IndiGo,21/05/2019,Delhi,18:35,Cochin,0,7006
Vistara,09/03/2019,Banglore,07:00,New Delhi,0,7398
Air India,6/06/2019,Delhi,16:40,Cochin,0,9653
Jet Airways,6/06/2019,Kolkata,20:25,Banglore,0,10539
Air India,21/04/2019,Kolkata,20:45,Banglore,0,4880
Jet Airways,1/06/2019,Delhi,14:00,Cochin,0,10262
Jet Airways,24/05/2019,Kolkata,14:05,Banglore,0,10844
Air Asia,27/03/2019,Kolkata,19:35,Banglore,0,3782
Multiple carriers,27/03/2019,Delhi,06:00,Cochin,0,7845
Jet Airways,18/06/2019,Mumbai,10:20,Hyderabad,0,4995
Jet Airways,12/06/2019,Delhi,09:40,Cochin,0,13014
Air India,21/05/2019,Kolkata,16:45,Banglore,0,14960
Jet Airways,9/06/2019,Banglore,15:15,Delhi,0,7229
Jet Airways,6/05/2019,Banglore,17:45,Delhi,0,7229
Jet Airways,9/06/2019,Kolkata,18:55,Banglore,0,10844
IndiGo,27/06/2019,Banglore,16:55,Delhi,0,4823
SpiceJet,1/05/2019,Kolkata,06:55,Banglore,0,3841
Multiple carriers,27/03/2019,Delhi,02:15,Cochin,0,12327
GoAir,1/05/2019,Banglore,20:55,Delhi,0,3898
Jet Airways,24/05/2019,Kolkata,09:35,Banglore,0,12121
Air India,09/03/2019,Banglore,10:30,New Delhi,0,9586
Air India,24/05/2019,Kolkata,05:50,Banglore,0,12723
IndiGo,3/03/2019,Delhi,06:40,Cochin,0,11600
Air India,24/06/2019,Mumbai,21:05,Hyderabad,0,3100
IndiGo,3/06/2019,Delhi,08:35,Cochin,0,6442
Jet Airways,9/03/2019,Delhi,19:45,Cochin,0,16289
SpiceJet,27/03/2019,Kolkata,22:20,Banglore,0,3815
Air Asia,15/05/2019,Kolkata,10:20,Banglore,0,4409
Multiple carriers,1/06/2019,Delhi,09:45,Cochin,0,9646
Jet Airways,12/03/2019,Banglore,16:55,New Delhi,0,13817
SpiceJet,9/05/2019,Mumbai,22:45,Hyderabad,0,1965
SpiceJet,6/05/2019,Mumbai,05:45,Hyderabad,0,1965
Air India,21/03/2019,Delhi,14:10,Cochin,0,5674
Air India,24/06/2019,Kolkata,14:15,Banglore,0,5510
Air India,21/05/2019,Delhi,09:45,Cochin,0,10975
Jet Airways,12/03/2019,Banglore,21:25,New Delhi,0,13817
Jet Airways,9/03/2019,Delhi,05:40,Cochin,0,14861
Air Asia,21/04/2019,Delhi,07:55,Cochin,0,7452
Jet Airways,24/03/2019,Kolkata,13:55,Banglore,0,14231
Multiple carriers,3/03/2019,Delhi,04:00,Cochin,0,14973
Air India,15/05/2019,Delhi,03:50,Cochin,0,8669
Jet Airways,1/05/2019,Kolkata,21:10,Banglore,0,10844
Jet Airways,1/05/2019,Banglore,06:00,Delhi,0,4030
Jet Airways,24/05/2019,Kolkata,14:05,Banglore,0,8586
SpiceJet,12/05/2019,Mumbai,13:15,Hyderabad,0,2175
SpiceJet,27/04/2019,Banglore,09:30,Delhi,0,4885
Multiple carriers,21/05/2019,Delhi,10:20,Cochin,0,7485
Multiple carriers,21/03/2019,Delhi,11:40,Cochin,0,11999
IndiGo,6/03/2019,Delhi,18:35,Cochin,0,14871
Jet Airways,12/06/2019,Delhi,11:45,Cochin,0,13882
Jet Airways,3/06/2019,Delhi,15:00,Cochin,0,14714
Air Asia,24/03/2019,Kolkata,15:25,Banglore,0,11245
GoAir,27/04/2019,Banglore,07:45,Delhi,0,5048
Air India,9/05/2019,Banglore,13:20,Delhi,0,6121
IndiGo,27/06/2019,Banglore,04:00,Delhi,0,3943
Multiple carriers,12/06/2019,Delhi,07:00,Cochin,0,12192
SpiceJet,6/06/2019,Mumbai,05:45,Hyderabad,0,2753
Multiple carriers,18/05/2019,Delhi,11:40,Cochin,0,9211
Jet Airways,21/03/2019,Delhi,19:10,Cochin,0,8834
GoAir,24/03/2019,Banglore,07:45,New Delhi,0,3898
IndiGo,3/04/2019,Mumbai,06:25,Hyderabad,0,4049
Multiple carriers,12/06/2019,Delhi,11:25,Cochin,0,7354
IndiGo,21/06/2019,Kolkata,22:15,Banglore,0,4804
Jet Airways,24/03/2019,Kolkata,19:45,Banglore,0,11134
Jet Airways,3/04/2019,Mumbai,10:20,Hyderabad,0,3205
SpiceJet,24/03/2019,Mumbai,13:10,Hyderabad,0,2753
Vistara,24/04/2019,Delhi,06:00,Cochin,0,6216
Multiple carriers,9/03/2019,Delhi,09:45,Cochin,0,8386
Multiple carriers,1/06/2019,Delhi,07:10,Cochin,0,7038
Vistara,6/03/2019,Mumbai,15:40,Hyderabad,0,12395
SpiceJet,15/03/2019,Banglore,09:35,New Delhi,0,6309
Multiple carriers,21/05/2019,Delhi,07:30,Cochin,0,9794
Vistara,21/05/2019,Kolkata,20:20,Banglore,0,8452
Jet Airways,12/06/2019,Delhi,02:15,Cochin,0,14714
Jet Airways,21/03/2019,Delhi,19:15,Cochin,0,12557
Jet Airways,21/05/2019,Banglore,07:10,Delhi,0,4030
Jet Airways,01/03/2019,Banglore,07:00,New Delhi,0,26890
Vistara,27/05/2019,Chennai,17:45,Kolkata,0,11982
Jet Airways,12/05/2019,Banglore,07:10,Delhi,0,5198
IndiGo,15/05/2019,Delhi,11:55,Cochin,0,6442
Jet Airways,21/05/2019,Kolkata,16:30,Banglore,0,14781
Air Asia,1/05/2019,Kolkata,10:20,Banglore,0,4409
Jet Airways,1/04/2019,Kolkata,08:25,Banglore,0,12681
Jet Airways,3/06/2019,Delhi,18:15,Cochin,0,10262
Air India,18/03/2019,Delhi,18:05,Cochin,0,4729
Jet Airways,18/05/2019,Banglore,18:55,Delhi,0,5198
IndiGo,18/06/2019,Mumbai,06:25,Hyderabad,0,4049
Jet Airways,18/03/2019,Mumbai,19:35,Hyderabad,0,2071
Jet Airways,1/05/2019,Delhi,19:10,Cochin,0,15129
Jet Airways,9/03/2019,Delhi,19:15,Cochin,0,14053
IndiGo,15/05/2019,Banglore,08:30,Delhi,0,4823
IndiGo,3/06/2019,Banglore,21:15,Delhi,0,3943
Multiple carriers,9/03/2019,Delhi,13:15,Cochin,0,9856
Jet Airways,24/03/2019,Kolkata,16:55,Banglore,0,14231
Jet Airways,6/06/2019,Kolkata,17:00,Banglore,0,12692
Air India,21/05/2019,Kolkata,09:25,Banglore,0,8366
Air India,9/06/2019,Kolkata,07:00,Banglore,0,12744
IndiGo,3/06/2019,Banglore,22:10,Delhi,0,3359
GoAir,21/05/2019,Delhi,10:35,Cochin,0,6195
IndiGo,6/06/2019,Delhi,09:15,Cochin,0,6628
Multiple carriers,18/05/2019,Delhi,13:00,Cochin,0,14533
IndiGo,1/04/2019,Mumbai,09:10,Hyderabad,0,3342
Air India,12/06/2019,Delhi,12:30,Cochin,0,7480
Jet Airways,3/06/2019,Delhi,13:00,Cochin,0,10262
Jet Airways,15/05/2019,Kolkata,17:00,Banglore,0,13067
Jet Airways,6/03/2019,Delhi,19:10,Cochin,0,21954
Jet Airways,9/05/2019,Kolkata,17:00,Banglore,0,10624
Jet Airways,21/03/2019,Delhi,02:15,Cochin,0,12719
Air India,24/06/2019,Delhi,22:00,Cochin,0,9181
Air India,24/06/2019,Delhi,12:30,Cochin,0,7480
GoAir,27/03/2019,Delhi,07:00,Cochin,0,5281
Jet Airways,9/06/2019,Delhi,05:30,Cochin,0,13014
IndiGo,9/04/2019,Kolkata,22:15,Banglore,0,4174
Air India,18/05/2019,Delhi,16:40,Cochin,0,9863
Jet Airways,9/05/2019,Delhi,19:10,Cochin,0,15129
SpiceJet,1/06/2019,Mumbai,05:45,Hyderabad,0,2753
Jet Airways,15/06/2019,Delhi,11:45,Cochin,0,13882
IndiGo,3/06/2019,Delhi,08:35,Cochin,0,6442
Air India,24/06/2019,Delhi,20:40,Cochin,0,7480
SpiceJet,27/06/2019,Chennai,08:20,Kolkata,0,3597
Multiple carriers,3/03/2019,Delhi,15:25,Cochin,0,15147
SpiceJet,27/05/2019,Mumbai,05:45,Hyderabad,0,2017
Jet Airways,3/05/2019,Banglore,18:55,Delhi,0,6144
Air India,24/05/2019,Kolkata,12:00,Banglore,0,10151
Jet Airways,18/06/2019,Delhi,09:50,Cochin,0,9564
Air Asia,09/03/2019,Banglore,05:50,New Delhi,0,7652
SpiceJet,24/06/2019,Kolkata,09:00,Banglore,0,3873
IndiGo,27/04/2019,Banglore,13:00,Delhi,0,4423
Vistara,6/03/2019,Mumbai,10:25,Hyderabad,0,12395
Multiple carriers,15/05/2019,Delhi,10:00,Cochin,0,10197
Jet Airways,06/03/2019,Banglore,11:40,New Delhi,0,16736
IndiGo,9/04/2019,Banglore,05:30,Delhi,0,3943
Jet Airways,27/03/2019,Delhi,05:40,Cochin,0,12074
IndiGo,9/03/2019,Delhi,11:55,Cochin,0,8378
Jet Airways,18/06/2019,Banglore,06:00,Delhi,0,6478
SpiceJet,15/04/2019,Kolkata,17:10,Banglore,0,3841
Jet Airways,12/06/2019,Delhi,14:35,Cochin,0,13376
Air India,24/05/2019,Delhi,23:00,Cochin,0,8582
Jet Airways,3/06/2019,Delhi,08:00,Cochin,0,14924
Air India,6/03/2019,Delhi,17:15,Cochin,0,9417
Vistara,6/03/2019,Mumbai,15:40,Hyderabad,0,12395
Air India,1/04/2019,Kolkata,12:00,Banglore,0,9258
Air India,18/05/2019,Kolkata,10:00,Banglore,0,13243
Air India,3/04/2019,Delhi,14:10,Cochin,0,4729
Air India,6/06/2019,Kolkata,05:50,Banglore,0,12723
Jet Airways,9/06/2019,Kolkata,21:10,Banglore,0,11841
Air India,21/04/2019,Kolkata,14:15,Banglore,0,6245
Jet Airways,24/05/2019,Kolkata,14:05,Banglore,0,10844
IndiGo,3/06/2019,Banglore,16:55,Delhi,0,4823
Jet Airways,3/04/2019,Banglore,07:10,Delhi,0,4544
SpiceJet,15/04/2019,Banglore,09:30,Delhi,0,4423
Jet Airways,6/04/2019,Delhi,13:00,Cochin,0,5177
Jet Airways,15/06/2019,Banglore,08:20,Delhi,0,8016
Jet Airways,9/03/2019,Delhi,13:45,Cochin,0,17019
IndiGo,9/06/2019,Delhi,09:15,Cochin,0,6628
Air India,15/05/2019,Delhi,17:20,Cochin,0,7480
Air India,18/05/2019,Delhi,13:00,Cochin,0,10191
Jet Airways,6/04/2019,Banglore,19:50,Delhi,0,4544
Jet Airways,12/06/2019,Kolkata,16:30,Banglore,0,9899
Jet Airways,1/06/2019,Delhi,09:40,Cochin,0,13014
IndiGo,24/06/2019,Delhi,06:50,Cochin,0,5298
Jet Airways,15/03/2019,Banglore,09:45,New Delhi,0,8578
Multiple carriers,1/06/2019,Delhi,09:45,Cochin,0,9646
Air India,6/03/2019,Delhi,12:00,Cochin,0,11858
Air India,21/05/2019,Kolkata,12:00,Banglore,0,10676
Jet Airways,12/06/2019,Kolkata,16:30,Banglore,0,9899
IndiGo,27/05/2019,Delhi,15:00,Cochin,0,6628
Jet Airways,9/06/2019,Kolkata,20:00,Banglore,0,10844
IndiGo,15/06/2019,Chennai,07:55,Kolkata,0,3850
Jet Airways,6/06/2019,Kolkata,21:10,Banglore,0,10844
IndiGo,12/06/2019,Chennai,07:55,Kolkata,0,3850
Jet Airways,09/03/2019,Banglore,08:55,New Delhi,0,11087
Air Asia,1/06/2019,Banglore,23:55,Delhi,0,7120
Air India,9/03/2019,Delhi,13:15,Cochin,0,11622
Air India,1/04/2019,Kolkata,10:00,Banglore,0,10408
IndiGo,6/03/2019,Delhi,07:35,Cochin,0,7725
IndiGo,18/04/2019,Banglore,20:00,Delhi,0,4823
IndiGo,3/03/2019,Delhi,20:30,Cochin,0,8258
Air India,9/05/2019,Delhi,06:05,Cochin,0,7480
Air India,24/05/2019,Kolkata,17:30,Banglore,0,10623
IndiGo,12/06/2019,Banglore,10:10,Delhi,0,3943
Vistara,24/03/2019,Banglore,07:00,New Delhi,0,4878
Jet Airways,9/03/2019,Delhi,17:25,Cochin,0,15554
Jet Airways,24/06/2019,Delhi,02:15,Cochin,0,10262
Jet Airways,15/06/2019,Delhi,09:40,Cochin,0,13014
Jet Airways,06/03/2019,Banglore,05:45,New Delhi,0,13555
IndiGo,24/05/2019,Banglore,13:00,Delhi,0,4990
Jet Airways,27/03/2019,Delhi,07:05,Cochin,0,6645
Jet Airways,21/05/2019,Delhi,02:15,Cochin,0,12898
SpiceJet,27/06/2019,Chennai,08:20,Kolkata,0,3543
Jet Airways,24/03/2019,Kolkata,16:55,Banglore,0,14231
Jet Airways,24/06/2019,Delhi,19:10,Cochin,0,12819
Multiple carriers,21/05/2019,Delhi,08:00,Cochin,0,10197
Jet Airways,9/05/2019,Delhi,07:05,Cochin,0,12373
Jet Airways,24/03/2019,Kolkata,19:45,Banglore,0,14231
Jet Airways,27/05/2019,Delhi,20:55,Cochin,0,12898
Air Asia,12/05/2019,Kolkata,10:20,Banglore,0,5216
Jet Airways,18/05/2019,Delhi,22:50,Cochin,0,15554
IndiGo,3/05/2019,Banglore,16:55,Delhi,0,4823
IndiGo,3/05/2019,Kolkata,21:25,Banglore,0,4804
Jet Airways,27/06/2019,Delhi,19:45,Cochin,0,10262
Air Asia,21/06/2019,Banglore,04:55,Delhi,0,4282
Trujet,6/03/2019,Mumbai,13:05,Hyderabad,0,4140
SpiceJet,15/04/2019,Banglore,05:55,Delhi,0,4423
Jet Airways,12/05/2019,Banglore,11:10,Delhi,0,7229
Air India,1/06/2019,Delhi,12:00,Cochin,0,10336
Jet Airways,21/05/2019,Delhi,17:30,Cochin,0,12898
Jet Airways,24/06/2019,Delhi,21:25,Cochin,0,13292
Jet Airways,9/06/2019,Delhi,22:50,Cochin,0,14714
IndiGo,12/04/2019,Kolkata,17:15,Banglore,0,4174
SpiceJet,21/05/2019,Chennai,08:20,Kolkata,0,3543
Vistara,21/05/2019,Kolkata,20:20,Banglore,0,9187
Air India,3/04/2019,Banglore,21:05,Delhi,0,4441
Jet Airways,18/03/2019,Banglore,18:40,New Delhi,0,10972
IndiGo,1/04/2019,Banglore,13:00,Delhi,0,4591
Air Asia,18/04/2019,Kolkata,19:55,Banglore,0,4409
Air Asia,27/04/2019,Banglore,04:55,Delhi,0,4282
IndiGo,6/03/2019,Delhi,02:05,Cochin,0,10851
SpiceJet,3/05/2019,Chennai,08:20,Kolkata,0,3543
Vistara,3/05/2019,Chennai,17:45,Kolkata,0,11982
Air India,15/03/2019,Banglore,13:50,New Delhi,0,9166
Multiple carriers,21/05/2019,Delhi,07:00,Cochin,0,7888
IndiGo,1/04/2019,Mumbai,21:20,Hyderabad,0,2227
Vistara,27/04/2019,Banglore,21:00,Delhi,0,5403
Air India,6/06/2019,Delhi,18:05,Cochin,0,6094
IndiGo,01/03/2019,Banglore,20:00,New Delhi,0,14306
Jet Airways,15/03/2019,Banglore,05:45,New Delhi,0,9134
Multiple carriers,15/06/2019,Delhi,11:30,Cochin,0,13587
Multiple carriers,18/05/2019,Delhi,06:40,Cochin,0,7564
SpiceJet,21/03/2019,Kolkata,22:20,Banglore,0,3815
Jet Airways,12/06/2019,Kolkata,21:10,Banglore,0,8529
IndiGo,27/06/2019,Mumbai,20:05,Hyderabad,0,2227
Air Asia,6/06/2019,Banglore,23:55,Delhi,0,7120
IndiGo,27/05/2019,Delhi,15:10,Cochin,0,5912
IndiGo,3/03/2019,Delhi,04:45,Cochin,0,14871
Multiple carriers,18/05/2019,Delhi,09:45,Cochin,0,10348
GoAir,01/03/2019,Banglore,15:45,New Delhi,0,12314
Jet Airways,24/06/2019,Delhi,10:00,Cochin,0,10262
Multiple carriers,9/05/2019,Delhi,07:05,Cochin,0,11142
Air India,21/05/2019,Delhi,22:00,Cochin,0,10231
Jet Airways,9/06/2019,Delhi,19:45,Cochin,0,10577
Jet Airways,12/05/2019,Kolkata,16:30,Banglore,0,14388
IndiGo,3/05/2019,Banglore,22:10,Delhi,0,4284
SpiceJet,3/06/2019,Kolkata,06:55,Banglore,0,3841
Jet Airways,24/03/2019,Kolkata,21:10,Banglore,0,10031
Air India,1/06/2019,Kolkata,20:45,Banglore,0,4145
Jet Airways,06/03/2019,Banglore,07:00,New Delhi,0,16736
Air Asia,21/05/2019,Kolkata,22:40,Banglore,0,9719
Multiple carriers,3/06/2019,Delhi,10:00,Cochin,0,14848
Air India,27/06/2019,Delhi,22:00,Cochin,0,10441
Jet Airways,3/06/2019,Delhi,09:40,Cochin,0,13014
IndiGo,1/05/2019,Kolkata,15:15,Banglore,0,4775
Jet Airways,15/05/2019,Banglore,07:10,Delhi,0,5198
IndiGo,3/05/2019,Chennai,11:35,Kolkata,0,4332
Multiple carriers,21/03/2019,Delhi,10:00,Cochin,0,8401
Jet Airways,27/06/2019,Delhi,19:10,Cochin,0,12819
SpiceJet,12/04/2019,Kolkata,06:55,Banglore,0,3873
Vistara,1/04/2019,Kolkata,07:10,Banglore,0,7980
GoAir,15/04/2019,Banglore,07:45,Delhi,0,4632
Jet Airways,18/05/2019,Kolkata,14:05,Banglore,0,14388
Jet Airways,12/05/2019,Kolkata,18:55,Banglore,0,10844
IndiGo,24/03/2019,Kolkata,10:10,Banglore,0,6565
Jet Airways,3/06/2019,Delhi,11:30,Cochin,0,10262
Jet Airways,1/05/2019,Kolkata,21:10,Banglore,0,14781
Jet Airways,15/06/2019,Delhi,09:00,Cochin,0,14714
SpiceJet,15/05/2019,Chennai,08:20,Kolkata,0,3597
Air India,6/03/2019,Delhi,18:05,Cochin,0,7931
Multiple carriers,12/06/2019,Delhi,12:50,Cochin,0,7005
Air India,15/06/2019,Delhi,08:00,Cochin,0,9929
IndiGo,24/03/2019,Banglore,07:10,New Delhi,0,6144
Air Asia,15/06/2019,Delhi,16:45,Cochin,0,6853
Air India,21/06/2019,Delhi,18:05,Cochin,0,5411
Air India,21/05/2019,Mumbai,15:00,Hyderabad,0,3100
Multiple carriers,9/06/2019,Delhi,08:30,Cochin,0,11622
Jet Airways,21/03/2019,Delhi,13:00,Cochin,0,7438
Air India,12/03/2019,Banglore,17:25,New Delhi,0,13387
Jet Airways,18/05/2019,Kolkata,18:55,Banglore,0,10844
Air Asia,1/04/2019,Banglore,04:55,Delhi,0,4282
Air India,9/03/2019,Delhi,20:00,Cochin,0,16111
Jet Airways,15/03/2019,Banglore,08:55,New Delhi,0,9134
Air India,9/06/2019,Delhi,10:55,Cochin,0,12383
Jet Airways,3/06/2019,Delhi,13:00,Cochin,0,10262
SpiceJet,18/03/2019,Chennai,09:30,Kolkata,0,3807
SpiceJet,3/03/2019,Kolkata,06:55,Banglore,0,4622
Jet Airways,6/05/2019,Delhi,13:00,Cochin,0,15554
Multiple carriers,27/05/2019,Delhi,11:40,Cochin,0,9794
SpiceJet,6/06/2019,Delhi,08:45,Cochin,0,5264
Air Asia,24/06/2019,Delhi,07:55,Cochin,0,6152
Air India,24/03/2019,Mumbai,19:30,Hyderabad,0,2575
Jet Airways,6/05/2019,Kolkata,18:55,Banglore,0,13584
IndiGo,18/05/2019,Kolkata,04:40,Banglore,0,4804
Jet Airways,24/03/2019,Kolkata,21:10,Banglore,0,14231
Jet Airways,1/05/2019,Kolkata,17:00,Banglore,0,12121
IndiGo,15/05/2019,Kolkata,09:20,Banglore,0,11319
IndiGo,27/03/2019,Chennai,05:15,Kolkata,0,4326
Jet Airways,18/05/2019,Kolkata,14:05,Banglore,0,10844
IndiGo,15/06/2019,Banglore,21:15,Delhi,0,3943
Multiple carriers,24/06/2019,Delhi,09:15,Cochin,0,8099
Multiple carriers,3/03/2019,Delhi,08:25,Cochin,0,15135
Multiple carriers,9/06/2019,Delhi,03:50,Cochin,0,12192
Air India,21/03/2019,Delhi,08:00,Cochin,0,7199
Air India,15/03/2019,Banglore,21:10,New Delhi,0,8851
Jet Airways,27/06/2019,Delhi,21:50,Cochin,0,10262
IndiGo,21/05/2019,Banglore,08:30,Delhi,0,4823
Air Asia,15/06/2019,Kolkata,22:50,Banglore,0,3807
Jet Airways,18/05/2019,Kolkata,05:45,Banglore,0,13941
IndiGo,1/03/2019,Chennai,11:35,Kolkata,0,7900
Jet Airways,18/04/2019,Banglore,11:10,Delhi,0,7229
GoAir,24/05/2019,Kolkata,23:30,Banglore,0,7335
Jet Airways,1/05/2019,Kolkata,14:05,Banglore,0,10844
Air India,6/06/2019,Delhi,06:50,Cochin,0,13381
Multiple carriers,6/06/2019,Delhi,07:30,Cochin,0,12524
Vistara,21/03/2019,Banglore,11:30,New Delhi,0,5403
Jet Airways,18/05/2019,Kolkata,18:55,Banglore,0,10844
Multiple carriers,15/05/2019,Delhi,10:20,Cochin,0,8266
Air India,12/06/2019,Delhi,13:05,Cochin,0,10975
Jet Airways,12/05/2019,Kolkata,16:30,Banglore,0,10844
Vistara,12/05/2019,Kolkata,20:20,Banglore,0,8085
Jet Airways,27/05/2019,Delhi,17:30,Cochin,0,12898
Air India,6/06/2019,Kolkata,09:50,Banglore,0,7452
Air India,01/03/2019,Banglore,22:00,New Delhi,0,21130
Jet Airways,18/05/2019,Kolkata,21:10,Banglore,0,14388
Air Asia,27/04/2019,Banglore,11:10,Delhi,0,4483
Air India,9/05/2019,Delhi,06:50,Cochin,0,14431
Air India,24/06/2019,Delhi,17:15,Cochin,0,11989
Multiple carriers,15/06/2019,Delhi,09:00,Cochin,0,7933
Jet Airways,21/05/2019,Delhi,09:35,Cochin,0,13559
Jet Airways,12/06/2019,Kolkata,14:05,Banglore,0,8529
IndiGo,3/03/2019,Delhi,18:35,Cochin,0,14871
Vistara,9/05/2019,Kolkata,17:00,Banglore,0,8820
Multiple carriers,27/05/2019,Delhi,11:25,Cochin,0,8625
Jet Airways,1/05/2019,Kolkata,20:00,Banglore,0,13941
SpiceJet,15/03/2019,Banglore,10:20,New Delhi,0,10341
SpiceJet,21/03/2019,Mumbai,13:10,Hyderabad,0,3173
IndiGo,27/04/2019,Banglore,01:30,Delhi,0,4591
Vistara,15/05/2019,Kolkata,20:20,Banglore,0,8452
Vistara,15/05/2019,Kolkata,17:00,Banglore,0,8610
Multiple carriers,1/06/2019,Delhi,07:10,Cochin,0,7038
IndiGo,3/06/2019,Delhi,07:30,Cochin,0,6093
Jet Airways,3/03/2019,Delhi,20:50,Cochin,0,17234
Jet Airways,12/06/2019,Kolkata,09:35,Banglore,0,12692
IndiGo,6/05/2019,Banglore,06:05,Delhi,0,4423
IndiGo,6/03/2019,Delhi,14:30,Cochin,0,7673
SpiceJet,18/06/2019,Chennai,09:45,Kolkata,0,3543
IndiGo,18/05/2019,Delhi,16:10,Cochin,0,7640
Air India,15/05/2019,Kolkata,09:25,Banglore,0,14482
IndiGo,12/05/2019,Kolkata,15:15,Banglore,0,4804
Jet Airways,12/05/2019,Kolkata,06:30,Banglore,0,9663
Jet Airways,6/06/2019,Delhi,10:00,Cochin,0,14714
Air India,24/05/2019,Banglore,21:05,Delhi,0,5228
IndiGo,1/04/2019,Kolkata,04:40,Banglore,0,4174
Air India,3/03/2019,Delhi,06:10,Cochin,0,13002
IndiGo,12/03/2019,Kolkata,05:30,Banglore,0,4148
IndiGo,27/04/2019,Banglore,18:55,Delhi,0,4823
Jet Airways,12/06/2019,Delhi,06:45,Cochin,0,13376
Jet Airways,12/06/2019,Delhi,21:50,Cochin,0,10262
IndiGo,9/05/2019,Banglore,04:00,Delhi,0,3943
Air India,3/03/2019,Delhi,16:40,Cochin,0,14221
Air India,12/06/2019,Kolkata,09:25,Banglore,0,8366
Multiple carriers,6/06/2019,Delhi,17:00,Cochin,0,7198
IndiGo,3/03/2019,Delhi,07:35,Cochin,0,9413
Air India,01/03/2019,Banglore,06:45,New Delhi,0,20999
Jet Airways,1/04/2019,Kolkata,18:55,Banglore,0,7064
GoAir,24/03/2019,Banglore,20:55,New Delhi,0,5706
IndiGo,3/05/2019,Kolkata,17:15,Banglore,0,4804
GoAir,1/04/2019,Banglore,07:45,Delhi,0,4239
IndiGo,12/06/2019,Mumbai,19:05,Hyderabad,0,2754
Multiple carriers,1/06/2019,Delhi,08:00,Cochin,0,12192
Jet Airways,12/06/2019,Delhi,09:35,Cochin,0,13292
Multiple carriers,15/05/2019,Delhi,11:35,Cochin,0,16294
Jet Airways,18/05/2019,Kolkata,20:25,Banglore,0,14151
Air India,27/06/2019,Delhi,13:00,Cochin,0,8372
Vistara,12/04/2019,Banglore,21:00,Delhi,0,5613
Jet Airways,18/05/2019,Kolkata,09:35,Banglore,0,14151
Jet Airways,24/06/2019,Delhi,19:30,Cochin,0,13014
IndiGo,3/03/2019,Delhi,08:35,Cochin,0,10236
Air India,1/05/2019,Banglore,10:00,Delhi,0,6121
Air India,15/06/2019,Delhi,13:15,Cochin,0,8839
IndiGo,21/03/2019,Delhi,15:00,Cochin,0,7006
Multiple carriers,24/06/2019,Delhi,09:00,Cochin,0,13587
Vistara,18/05/2019,Kolkata,20:20,Banglore,0,9555
IndiGo,18/05/2019,Delhi,17:10,Cochin,0,7081
Air Asia,09/03/2019,Banglore,23:25,New Delhi,0,5615
IndiGo,15/06/2019,Kolkata,20:25,Banglore,0,4804
IndiGo,6/04/2019,Kolkata,15:30,Banglore,0,4174
Jet Airways,21/03/2019,Delhi,16:10,Cochin,0,8728
Jet Airways,9/06/2019,Delhi,19:30,Cochin,0,10368
SpiceJet,18/05/2019,Delhi,15:45,Cochin,0,7317
Jet Airways,9/06/2019,Banglore,19:50,Delhi,0,7229
Air Asia,21/05/2019,Kolkata,19:55,Banglore,0,4107
Jet Airways,3/03/2019,Delhi,13:55,Cochin,0,17024
Jet Airways,18/05/2019,Kolkata,08:25,Banglore,0,14781
Jet Airways,21/05/2019,Kolkata,06:30,Banglore,0,9663
IndiGo,9/03/2019,Delhi,02:35,Cochin,0,11532
Multiple carriers,27/03/2019,Delhi,10:45,Cochin,0,7154
IndiGo,15/06/2019,Chennai,15:40,Kolkata,0,3540
Multiple carriers,24/06/2019,Delhi,04:55,Cochin,0,10678
IndiGo,24/04/2019,Kolkata,11:30,Banglore,0,4804
GoAir,1/05/2019,Kolkata,16:40,Banglore,0,6484
Air India,21/05/2019,Kolkata,05:50,Banglore,0,13143
Jet Airways,18/06/2019,Banglore,07:10,Delhi,0,5769
Jet Airways,24/03/2019,Kolkata,16:55,Banglore,0,11134
IndiGo,15/06/2019,Banglore,01:30,Delhi,0,3419
Jet Airways,15/05/2019,Kolkata,09:35,Banglore,0,12384
Jet Airways,3/03/2019,Delhi,21:50,Cochin,0,17024
IndiGo,27/06/2019,Delhi,16:10,Cochin,0,6412
IndiGo,21/05/2019,Banglore,00:30,Delhi,0,3419
Air India,27/06/2019,Delhi,06:50,Cochin,0,14431
Jet Airways,01/03/2019,Banglore,22:50,New Delhi,0,26890
IndiGo,9/03/2019,Delhi,07:30,Cochin,0,12351
IndiGo,12/06/2019,Kolkata,09:20,Banglore,0,11160
Multiple carriers,9/06/2019,Delhi,09:45,Cochin,0,9646
IndiGo,27/05/2019,Delhi,07:15,Cochin,0,5636
Jet Airways,12/06/2019,Delhi,05:30,Cochin,0,11507
IndiGo,27/03/2019,Kolkata,10:10,Banglore,0,4148
Jet Airways,24/04/2019,Banglore,17:45,Delhi,0,4544
Air India,18/05/2019,Delhi,12:30,Cochin,0,7480
Jet Airways,24/05/2019,Kolkata,16:30,Banglore,0,10844
Multiple carriers,21/05/2019,Delhi,07:05,Cochin,0,10711
Multiple carriers,21/03/2019,Delhi,14:00,Cochin,0,13062
Multiple carriers,24/06/2019,Delhi,08:00,Cochin,0,7618
IndiGo,18/05/2019,Delhi,05:05,Cochin,0,7520
Jet Airways,24/03/2019,Mumbai,10:20,Hyderabad,0,2759
Jet Airways,24/05/2019,Kolkata,06:30,Banglore,0,9663
Multiple carriers,21/05/2019,Delhi,19:00,Cochin,0,7888
Multiple carriers,27/03/2019,Delhi,10:20,Cochin,0,11421
IndiGo,12/06/2019,Delhi,08:30,Cochin,0,6093
SpiceJet,6/05/2019,Kolkata,09:00,Banglore,0,4174
Jet Airways,3/06/2019,Mumbai,07:05,Hyderabad,0,4995
Jet Airways,21/03/2019,Delhi,22:00,Cochin,0,12242
Jet Airways,9/06/2019,Kolkata,18:55,Banglore,0,14939
Jet Airways,18/05/2019,Kolkata,09:35,Banglore,0,14151
Jet Airways,01/03/2019,Banglore,08:00,New Delhi,0,22270
Jet Airways,6/06/2019,Mumbai,10:20,Hyderabad,0,8040
Multiple carriers,15/06/2019,Delhi,07:05,Cochin,0,16108
Jet Airways,21/05/2019,Delhi,09:40,Cochin,0,13029
IndiGo,03/03/2019,Banglore,04:00,New Delhi,0,6144
IndiGo,9/05/2019,Banglore,08:30,Delhi,0,4823
Vistara,18/04/2019,Banglore,09:45,Delhi,0,5403
Jet Airways,12/03/2019,Banglore,18:55,New Delhi,0,11087
Jet Airways,9/06/2019,Delhi,21:50,Cochin,0,10262
IndiGo,9/04/2019,Delhi,11:25,Cochin,0,6270
Air India,24/03/2019,Mumbai,13:55,Hyderabad,0,2575
Jet Airways,12/03/2019,Banglore,18:55,New Delhi,0,11087
Air India,6/05/2019,Kolkata,14:35,Banglore,0,6528
Multiple carriers,15/05/2019,Delhi,07:00,Cochin,0,8073
GoAir,15/03/2019,Banglore,15:45,New Delhi,0,7657
Multiple carriers,27/05/2019,Delhi,06:00,Cochin,0,11264
Jet Airways,18/05/2019,Kolkata,14:05,Banglore,0,10844
IndiGo,3/06/2019,Delhi,17:10,Cochin,0,6104
Jet Airways,12/05/2019,Kolkata,20:00,Banglore,0,8586
IndiGo,3/05/2019,Mumbai,21:20,Hyderabad,0,2437
IndiGo,3/04/2019,Delhi,16:00,Cochin,0,5073
IndiGo,21/05/2019,Delhi,09:15,Cochin,0,7318
Jet Airways,18/04/2019,Banglore,06:00,Delhi,0,7229
Multiple carriers,9/05/2019,Delhi,13:15,Cochin,0,8888
SpiceJet,12/05/2019,Kolkata,11:35,Banglore,0,8479
Jet Airways,6/05/2019,Kolkata,06:30,Banglore,0,10844
Jet Airways,1/05/2019,Kolkata,16:30,Banglore,0,13941
Jet Airways,21/05/2019,Kolkata,09:35,Banglore,0,14151
Jet Airways,18/05/2019,Kolkata,16:30,Banglore,0,8586
Jet Airways,1/05/2019,Kolkata,06:30,Banglore,0,14781
Jet Airways,1/06/2019,Delhi,15:00,Cochin,0,10262
Multiple carriers,3/03/2019,Delhi,07:05,Cochin,0,7905
Jet Airways,21/05/2019,Delhi,09:40,Cochin,0,15129
Jet Airways,18/05/2019,Delhi,09:00,Cochin,0,12373
Multiple carriers Premium economy,21/03/2019,Delhi,07:30,Cochin,0,10161
Vistara,18/06/2019,Chennai,17:45,Kolkata,0,11982
SpiceJet,1/05/2019,Kolkata,15:55,Banglore,0,8844
IndiGo,3/04/2019,Banglore,23:30,Delhi,0,4591
Jet Airways,27/05/2019,Delhi,09:00,Cochin,0,10675
Multiple carriers,12/06/2019,Delhi,07:05,Cochin,0,10406
Air India,1/06/2019,Delhi,14:10,Cochin,0,6934
SpiceJet,6/06/2019,Banglore,09:30,Delhi,0,3919
Air India,6/06/2019,Banglore,10:00,Delhi,0,6961
Multiple carriers,15/06/2019,Delhi,04:55,Cochin,0,10678
Air Asia,3/05/2019,Banglore,11:10,Delhi,0,4483
Jet Airways,21/03/2019,Banglore,05:45,New Delhi,0,7832
Multiple carriers,6/06/2019,Delhi,13:00,Cochin,0,7408
Vistara,24/03/2019,Kolkata,07:10,Banglore,0,11262
Jet Airways,15/05/2019,Kolkata,17:00,Banglore,0,14151
IndiGo,3/04/2019,Kolkata,19:20,Banglore,0,3480
Multiple carriers,21/05/2019,Delhi,10:35,Cochin,0,7575
Jet Airways,18/03/2019,Banglore,14:05,New Delhi,0,13502
Multiple carriers,6/03/2019,Delhi,07:00,Cochin,0,15603
SpiceJet,9/03/2019,Chennai,09:30,Kolkata,0,6300
SpiceJet,12/03/2019,Chennai,17:45,Kolkata,0,6300
Multiple carriers,9/06/2019,Delhi,10:00,Cochin,0,7198
Multiple carriers,1/06/2019,Delhi,12:50,Cochin,0,9526
Air India,12/06/2019,Delhi,12:20,Cochin,0,12488
SpiceJet,15/05/2019,Delhi,17:55,Cochin,0,5409
Air India,3/06/2019,Delhi,13:20,Cochin,0,11911
Air India,3/04/2019,Kolkata,09:10,Banglore,0,4647
Air India,27/05/2019,Delhi,12:00,Cochin,0,9653
Jet Airways,21/06/2019,Banglore,11:10,Delhi,0,8016
Multiple carriers,9/06/2019,Delhi,06:40,Cochin,0,10877
Jet Airways,15/05/2019,Kolkata,08:25,Banglore,0,13941
GoAir,09/03/2019,Banglore,20:55,New Delhi,0,5706
IndiGo,9/06/2019,Delhi,15:10,Cochin,0,7060
IndiGo,21/03/2019,Delhi,11:30,Cochin,0,7318
Jet Airways,27/03/2019,Delhi,08:00,Cochin,0,6068
Jet Airways,12/06/2019,Delhi,09:40,Cochin,0,10368
Jet Airways,6/03/2019,Delhi,09:55,Cochin,0,15400
Jet Airways,1/05/2019,Banglore,11:10,Delhi,0,7229
Jet Airways,21/05/2019,Delhi,07:05,Cochin,0,12898
Jet Airways,1/06/2019,Banglore,08:20,Delhi,0,7229
Jet Airways,01/03/2019,Banglore,08:00,New Delhi,0,26890
Vistara,27/04/2019,Banglore,09:45,Delhi,0,5613
Jet Airways,18/05/2019,Delhi,10:00,Cochin,0,15554
Jet Airways,9/06/2019,Kolkata,08:25,Banglore,0,8586
Air Asia,21/05/2019,Banglore,11:10,Delhi,0,3383
IndiGo,21/06/2019,Chennai,14:45,Kolkata,0,3597
SpiceJet,1/06/2019,Kolkata,22:20,Banglore,0,3841
Jet Airways,18/05/2019,Delhi,19:30,Cochin,0,13014
IndiGo,9/06/2019,Delhi,04:55,Cochin,0,6093
Air India,3/06/2019,Delhi,07:10,Cochin,0,12698
Jet Airways,9/06/2019,Delhi,09:40,Cochin,0,10368
Multiple carriers,9/06/2019,Delhi,10:35,Cochin,0,11098
Jet Airways,24/05/2019,Kolkata,14:05,Banglore,0,10844
Jet Airways,9/06/2019,Kolkata,21:10,Banglore,0,13731
IndiGo,1/03/2019,Chennai,14:40,Kolkata,0,7295
GoAir,15/06/2019,Banglore,11:40,Delhi,0,3898
Jet Airways,27/06/2019,Delhi,10:00,Cochin,0,14714
SpiceJet,6/06/2019,Chennai,09:45,Kolkata,0,3543
SpiceJet,24/03/2019,Chennai,09:30,Kolkata,0,3807
Jet Airways,18/03/2019,Banglore,16:55,New Delhi,0,11087
Air India,21/03/2019,Delhi,12:30,Cochin,0,6482
SpiceJet,27/03/2019,Kolkata,17:15,Banglore,0,3815
GoAir,01/03/2019,Banglore,20:55,New Delhi,0,18558
Jet Airways,1/06/2019,Delhi,08:00,Cochin,0,14714
Multiple carriers,27/05/2019,Delhi,09:00,Cochin,0,13587
Jet Airways,18/05/2019,Delhi,20:55,Cochin,0,15554
IndiGo,3/06/2019,Banglore,07:10,Delhi,0,4823
IndiGo,15/04/2019,Banglore,13:00,Delhi,0,4591
Jet Airways,21/05/2019,Kolkata,06:30,Banglore,0,14781
Multiple carriers,6/06/2019,Delhi,10:00,Cochin,0,13377
IndiGo,9/04/2019,Banglore,01:30,Delhi,0,3419
GoAir,1/05/2019,Kolkata,23:30,Banglore,0,6686
IndiGo,9/05/2019,Delhi,18:35,Cochin,0,8542
Jet Airways,27/06/2019,Delhi,09:40,Cochin,0,11118
Air India,15/06/2019,Delhi,07:00,Cochin,0,9929
Air India,21/05/2019,Kolkata,16:50,Banglore,0,12324
Air India,1/05/2019,Banglore,21:05,Delhi,0,6121
Jet Airways,21/05/2019,Kolkata,21:10,Banglore,0,14781
Jet Airways,9/06/2019,Kolkata,14:05,Banglore,0,10844
GoAir,1/04/2019,Delhi,07:25,Cochin,0,4563
Jet Airways,21/03/2019,Delhi,02:15,Cochin,0,7438
IndiGo,9/05/2019,Kolkata,06:20,Banglore,0,4226
Jet Airways,6/03/2019,Delhi,08:00,Cochin,0,13843
Air India,1/04/2019,Kolkata,20:30,Banglore,0,7211
GoAir,09/03/2019,Banglore,11:40,New Delhi,0,7305
Jet Airways,6/06/2019,Delhi,18:25,Cochin,0,12142
Jet Airways,15/05/2019,Mumbai,02:55,Hyderabad,0,5678
Jet Airways,15/06/2019,Delhi,09:00,Cochin,0,10262
Jet Airways,27/06/2019,Delhi,13:25,Cochin,0,15339
Multiple carriers,27/06/2019,Delhi,09:15,Cochin,0,11622
Jet Airways,24/06/2019,Mumbai,08:45,Hyderabad,0,8040
Multiple carriers,15/05/2019,Delhi,11:30,Cochin,0,13727
IndiGo,21/05/2019,Kolkata,06:20,Banglore,0,4226
Vistara,9/06/2019,Kolkata,17:00,Banglore,0,8610
IndiGo,6/05/2019,Kolkata,06:20,Banglore,0,4226
Jet Airways,9/05/2019,Mumbai,10:20,Hyderabad,0,4995
Air India,3/06/2019,Delhi,17:40,Cochin,0,7258
Jet Airways,21/03/2019,Banglore,22:50,New Delhi,0,7045
Jet Airways,12/05/2019,Kolkata,16:30,Banglore,0,14388
Air Asia,9/05/2019,Banglore,04:55,Delhi,0,4282
Air India,15/06/2019,Kolkata,14:15,Banglore,0,5510
Air India,3/06/2019,Delhi,09:45,Cochin,0,10975
IndiGo,24/06/2019,Delhi,17:30,Cochin,0,6104
Jet Airways,9/05/2019,Delhi,19:15,Cochin,0,12373
Air India,9/05/2019,Kolkata,09:50,Banglore,0,7452
IndiGo,24/03/2019,Banglore,13:00,New Delhi,0,8033
Jet Airways,21/04/2019,Banglore,11:10,Delhi,0,7229
Jet Airways,27/06/2019,Mumbai,10:20,Hyderabad,0,4995
Jet Airways,9/05/2019,Kolkata,14:05,Banglore,0,10844
Jet Airways,18/05/2019,Delhi,22:50,Cochin,0,12373
Air India,3/04/2019,Kolkata,20:45,Banglore,0,4460
Jet Airways,1/04/2019,Kolkata,20:00,Banglore,0,12681
Jet Airways,15/05/2019,Kolkata,17:00,Banglore,0,14151
GoAir,12/05/2019,Kolkata,16:40,Banglore,0,8855
Jet Airways,24/05/2019,Kolkata,20:00,Banglore,0,10844
Jet Airways,21/03/2019,Banglore,08:55,New Delhi,0,7832
Jet Airways,12/06/2019,Delhi,21:50,Cochin,0,10262
Jet Airways,6/06/2019,Kolkata,18:55,Banglore,0,14571
Jet Airways,3/06/2019,Delhi,08:00,Cochin,0,10577
Jet Airways,15/06/2019,Delhi,21:25,Cochin,0,9905
Jet Airways,06/03/2019,Banglore,14:05,New Delhi,0,14815
SpiceJet,27/05/2019,Chennai,17:45,Kolkata,0,3597
Jet Airways,1/05/2019,Kolkata,17:00,Banglore,0,11467
Jet Airways,6/05/2019,Kolkata,20:25,Banglore,0,13067
IndiGo,01/03/2019,Banglore,18:25,New Delhi,0,12649
Multiple carriers,9/06/2019,Delhi,14:00,Cochin,0,13587
IndiGo,1/06/2019,Delhi,14:25,Cochin,0,6015
Multiple carriers,1/06/2019,Delhi,11:30,Cochin,0,16108
Multiple carriers,27/06/2019,Delhi,06:00,Cochin,0,7268
Jet Airways,27/04/2019,Banglore,17:45,Delhi,0,4544
Jet Airways,21/05/2019,Kolkata,21:10,Banglore,0,10844
Air India,03/03/2019,Banglore,17:25,New Delhi,0,11570
Multiple carriers,3/06/2019,Delhi,11:40,Cochin,0,9001
IndiGo,3/03/2019,Mumbai,21:20,Hyderabad,0,4784
Jet Airways,21/05/2019,Kolkata,06:30,Banglore,0,10844
Jet Airways,27/03/2019,Delhi,16:00,Cochin,0,6540
Air India,9/04/2019,Kolkata,20:45,Banglore,0,4460
Jet Airways,21/03/2019,Delhi,18:25,Cochin,0,12347
IndiGo,9/06/2019,Kolkata,09:35,Banglore,0,4804
Jet Airways,6/03/2019,Delhi,19:10,Cochin,0,20694
Jet Airways,18/06/2019,Banglore,17:45,Delhi,0,8016
IndiGo,3/04/2019,Kolkata,15:15,Banglore,0,4174
Jet Airways,3/06/2019,Banglore,15:15,Delhi,0,8016
SpiceJet,21/05/2019,Banglore,21:10,Delhi,0,3573
Vistara,1/05/2019,Chennai,17:45,Kolkata,0,11982
Air India,12/03/2019,Banglore,08:50,New Delhi,0,12778
IndiGo,01/03/2019,Banglore,16:50,New Delhi,0,13302
IndiGo,6/03/2019,Kolkata,21:25,Banglore,0,4778
Air India,21/03/2019,Delhi,06:50,Cochin,0,11071
Jet Airways,24/06/2019,Delhi,11:30,Cochin,0,10262
Jet Airways,18/06/2019,Mumbai,02:55,Hyderabad,0,4995
Jet Airways,24/05/2019,Kolkata,20:25,Banglore,0,13067
IndiGo,12/06/2019,Kolkata,09:35,Banglore,0,4804
Air India,03/03/2019,Banglore,09:30,New Delhi,0,11654
Jet Airways,9/05/2019,Banglore,11:10,Delhi,0,7229
Air India,15/03/2019,Mumbai,19:30,Hyderabad,0,3100
IndiGo,15/06/2019,Chennai,19:35,Kolkata,0,3597
Jet Airways,9/05/2019,Delhi,09:40,Cochin,0,15129
IndiGo,27/05/2019,Delhi,05:05,Cochin,0,6600
Jet Airways,6/05/2019,Kolkata,06:30,Banglore,0,13941
Multiple carriers,21/03/2019,Delhi,18:00,Cochin,0,7363
IndiGo,6/06/2019,Kolkata,21:00,Banglore,0,6711
Jet Airways,21/03/2019,Delhi,08:00,Cochin,0,12767
Air India,27/05/2019,Delhi,10:00,Cochin,0,12029
Jet Airways,9/06/2019,Kolkata,06:30,Banglore,0,10844
Vistara,1/06/2019,Banglore,21:00,Delhi,0,4668
Air India,27/03/2019,Delhi,19:45,Cochin,0,8656
Multiple carriers,3/06/2019,Delhi,03:50,Cochin,0,12192
IndiGo,27/05/2019,Delhi,21:05,Cochin,0,5601
IndiGo,24/05/2019,Chennai,07:55,Kolkata,0,3850
Jet Airways,06/03/2019,Banglore,20:35,New Delhi,0,17261
Air India,6/06/2019,Delhi,13:30,Cochin,0,8907
Jet Airways,15/03/2019,Banglore,05:50,New Delhi,0,9623
Jet Airways,6/06/2019,Mumbai,19:35,Hyderabad,0,5678
Multiple carriers,6/03/2019,Delhi,11:30,Cochin,0,15342
Jet Airways,6/06/2019,Banglore,08:20,Delhi,0,6478
Jet Airways,21/06/2019,Delhi,11:00,Cochin,0,9564
Multiple carriers,6/03/2019,Delhi,08:00,Cochin,0,17267
IndiGo,3/06/2019,Delhi,05:35,Cochin,0,5601
Air India,1/03/2019,Delhi,04:00,Cochin,0,28322
SpiceJet,1/03/2019,Chennai,09:30,Kolkata,0,7298
Vistara,15/05/2019,Kolkata,20:20,Banglore,0,8452
Jet Airways,21/05/2019,Delhi,14:00,Cochin,0,16079
IndiGo,27/04/2019,Banglore,22:10,Delhi,0,3943
Jet Airways,12/06/2019,Delhi,11:00,Cochin,0,7202
Multiple carriers,24/06/2019,Delhi,10:20,Cochin,0,7268
SpiceJet,15/05/2019,Kolkata,06:55,Banglore,0,3841
IndiGo,15/03/2019,Kolkata,21:25,Banglore,0,4148
Jet Airways,27/06/2019,Delhi,09:35,Cochin,0,13292
Multiple carriers,1/06/2019,Delhi,17:00,Cochin,0,7408
Jet Airways,24/05/2019,Kolkata,20:00,Banglore,0,8586
Multiple carriers,3/03/2019,Delhi,08:55,Cochin,0,15411
IndiGo,21/03/2019,Kolkata,21:25,Banglore,0,4148
IndiGo,6/05/2019,Delhi,07:30,Cochin,0,7191
Air India,3/03/2019,Mumbai,21:05,Hyderabad,0,4937
Jet Airways,9/05/2019,Kolkata,20:25,Banglore,0,8066
Multiple carriers,27/05/2019,Delhi,10:00,Cochin,0,8925
SpiceJet,3/03/2019,Chennai,17:45,Kolkata,0,7298
Multiple carriers,21/05/2019,Delhi,11:40,Cochin,0,7485
Air India,24/06/2019,Delhi,16:40,Cochin,0,9443
Jet Airways,3/03/2019,Mumbai,02:55,Hyderabad,0,4050
Jet Airways,21/05/2019,Mumbai,10:20,Hyderabad,0,4995
Air India,21/05/2019,Kolkata,09:25,Banglore,0,11542
Jet Airways,27/06/2019,Banglore,11:10,Delhi,0,8016
Multiple carriers,27/06/2019,Delhi,11:40,Cochin,0,7268
Air India,27/06/2019,Delhi,22:00,Cochin,0,10441
SpiceJet,03/03/2019,Banglore,09:35,New Delhi,0,6860
Multiple carriers,9/03/2019,Delhi,17:00,Cochin,0,14343
IndiGo,9/04/2019,Banglore,18:55,Delhi,0,4823
Jet Airways,3/06/2019,Delhi,05:30,Cochin,0,14441
IndiGo,9/05/2019,Delhi,14:20,Cochin,0,6704
Air India,12/03/2019,Banglore,00:30,New Delhi,0,13492
IndiGo,03/03/2019,Banglore,12:10,New Delhi,0,8738
Multiple carriers,27/06/2019,Delhi,13:00,Cochin,0,14848
GoAir,18/04/2019,Banglore,07:45,Delhi,0,5048
Jet Airways,27/05/2019,Delhi,20:00,Cochin,0,16263
Air Asia,12/04/2019,Kolkata,19:55,Banglore,0,4409
Jet Airways,9/05/2019,Kolkata,08:25,Banglore,0,10844
Vistara,27/06/2019,Banglore,07:00,Delhi,0,4668
Air India,21/05/2019,Kolkata,08:20,Banglore,0,11222
Jet Airways,18/06/2019,Banglore,15:50,Delhi,0,8016
Jet Airways,18/05/2019,Delhi,22:50,Cochin,0,12373
Air India,12/05/2019,Kolkata,20:30,Banglore,0,10203
Air India,1/06/2019,Delhi,22:00,Cochin,0,10441
IndiGo,3/06/2019,Delhi,23:30,Cochin,0,11378
Jet Airways,15/06/2019,Delhi,14:35,Cochin,0,10919
SpiceJet,3/06/2019,Delhi,06:05,Cochin,0,5583
Multiple carriers,6/06/2019,Delhi,08:30,Cochin,0,7677
Jet Airways,21/05/2019,Mumbai,02:55,Hyderabad,0,4050
IndiGo,21/05/2019,Banglore,18:25,Delhi,0,4823
IndiGo,24/03/2019,Banglore,16:55,New Delhi,0,7303
IndiGo,1/06/2019,Delhi,02:00,Cochin,0,6386
IndiGo,24/04/2019,Banglore,18:55,Delhi,0,4823
IndiGo,6/05/2019,Delhi,11:25,Cochin,0,6979
Jet Airways,6/06/2019,Kolkata,18:55,Banglore,0,10844
Multiple carriers,15/06/2019,Delhi,07:05,Cochin,0,13587
Jet Airways,9/06/2019,Kolkata,16:30,Banglore,0,14571
Air India,6/06/2019,Delhi,14:25,Cochin,0,13591
Jet Airways,24/05/2019,Delhi,11:40,Cochin,0,21219
Air India,1/03/2019,Mumbai,13:55,Hyderabad,0,10082
Air India,6/06/2019,Delhi,21:00,Cochin,0,8372
IndiGo,3/03/2019,Delhi,07:35,Cochin,0,11600
Jet Airways,12/05/2019,Kolkata,18:55,Banglore,0,14388
Jet Airways,24/05/2019,Kolkata,16:30,Banglore,0,14571
Air India,21/05/2019,Kolkata,08:20,Banglore,0,13164
IndiGo,18/03/2019,Banglore,22:20,New Delhi,0,4545
Jet Airways,24/03/2019,Kolkata,21:10,Banglore,0,11134
IndiGo,03/03/2019,Banglore,13:00,New Delhi,0,7648
Jet Airways,6/06/2019,Delhi,19:30,Cochin,0,11733
Multiple carriers,18/05/2019,Delhi,10:00,Cochin,0,8073
IndiGo,3/04/2019,Banglore,01:30,Delhi,0,3419
Air India,27/06/2019,Delhi,05:15,Cochin,0,11543
IndiGo,6/05/2019,Banglore,00:30,Delhi,0,4284
Air India,21/03/2019,Delhi,06:05,Cochin,0,7532
Vistara,21/06/2019,Delhi,14:40,Cochin,0,6216
IndiGo,09/03/2019,Banglore,16:55,New Delhi,0,4259
Vistara,12/05/2019,Kolkata,17:00,Banglore,0,9922
IndiGo,6/04/2019,Kolkata,22:15,Banglore,0,4174
Air India,9/06/2019,Kolkata,16:50,Banglore,0,11642
IndiGo,3/06/2019,Mumbai,20:05,Hyderabad,0,2227
Air India,15/05/2019,Delhi,13:30,Cochin,0,10671
Jet Airways,18/05/2019,Delhi,14:00,Cochin,0,12373
Jet Airways,6/04/2019,Banglore,15:15,Delhi,0,5198
Jet Airways,6/06/2019,Kolkata,20:00,Banglore,0,10844
Jet Airways,1/04/2019,Kolkata,20:00,Banglore,0,12681
Jet Airways,09/03/2019,Banglore,05:45,New Delhi,0,11087
Jet Airways,24/05/2019,Mumbai,07:05,Hyderabad,0,4995
Jet Airways,18/06/2019,Mumbai,07:05,Hyderabad,0,8040
Jet Airways,27/06/2019,Delhi,20:55,Cochin,0,10262
Jet Airways,1/04/2019,Banglore,17:45,Delhi,0,4544
Jet Airways,18/05/2019,Kolkata,08:25,Banglore,0,10844
Vistara,1/05/2019,Kolkata,17:00,Banglore,0,8452
Jet Airways,24/06/2019,Delhi,11:40,Cochin,0,18804
IndiGo,24/03/2019,Kolkata,14:30,Banglore,0,9413
Air Asia,15/05/2019,Banglore,23:55,Delhi,0,3383
Jet Airways,15/03/2019,Banglore,14:05,New Delhi,0,9134
GoAir,24/06/2019,Delhi,10:35,Cochin,0,3876
Air Asia,3/03/2019,Delhi,16:45,Cochin,0,13474
Air India,24/06/2019,Banglore,21:05,Delhi,0,6961
Jet Airways,9/05/2019,Delhi,23:05,Cochin,0,15129
SpiceJet,24/04/2019,Banglore,21:10,Delhi,0,3573
Jet Airways,12/03/2019,Banglore,20:35,New Delhi,0,11087
Jet Airways,21/03/2019,Banglore,16:55,New Delhi,0,7832
Jet Airways,6/06/2019,Delhi,05:30,Cochin,0,13344
IndiGo,27/03/2019,Delhi,10:45,Cochin,0,6838
Multiple carriers,3/06/2019,Delhi,07:00,Cochin,0,12402
Jet Airways,12/03/2019,Banglore,18:55,New Delhi,0,13817
Jet Airways,15/06/2019,Delhi,13:00,Cochin,0,10262
SpiceJet,6/06/2019,Banglore,21:10,Delhi,0,3257
Jet Airways,6/03/2019,Delhi,08:00,Cochin,0,15974
Air India,15/05/2019,Kolkata,20:30,Banglore,0,10203
Multiple carriers,27/05/2019,Delhi,08:00,Cochin,0,9450
IndiGo,12/06/2019,Banglore,22:10,Delhi,0,3419
IndiGo,18/03/2019,Kolkata,09:35,Banglore,0,4462
SpiceJet,21/06/2019,Chennai,08:20,Kolkata,0,3597
Multiple carriers,3/03/2019,Delhi,07:05,Cochin,0,10478
Jet Airways,21/05/2019,Delhi,20:55,Cochin,0,12898
IndiGo,6/06/2019,Delhi,07:15,Cochin,0,6582
Jet Airways,27/06/2019,Delhi,05:30,Cochin,0,11507
IndiGo,15/05/2019,Delhi,16:00,Cochin,0,6069
Jet Airways,1/04/2019,Kolkata,06:30,Banglore,0,7064
IndiGo,27/05/2019,Kolkata,21:25,Banglore,0,4804
Jet Airways,24/03/2019,Kolkata,08:25,Banglore,0,10031
Air India,3/06/2019,Delhi,13:00,Cochin,0,8372
GoAir,01/03/2019,Banglore,11:40,New Delhi,0,11111
Jet Airways,6/06/2019,Kolkata,18:55,Banglore,0,10844
Air India,1/05/2019,Kolkata,12:00,Banglore,0,10676
Multiple carriers,6/06/2019,Delhi,16:00,Cochin,0,13377
IndiGo,24/04/2019,Delhi,02:00,Cochin,0,5636
Air India,9/06/2019,Kolkata,10:00,Banglore,0,12744
Jet Airways,09/03/2019,Banglore,21:25,New Delhi,0,9134
IndiGo,27/06/2019,Chennai,05:15,Kolkata,0,3540
IndiGo,1/04/2019,Banglore,16:55,Delhi,0,4823
Jet Airways,9/05/2019,Delhi,07:05,Cochin,0,12373
SpiceJet,9/04/2019,Kolkata,09:00,Banglore,0,3841
Jet Airways,9/05/2019,Kolkata,21:10,Banglore,0,14388
Vistara,24/06/2019,Banglore,09:45,Delhi,0,4668
Jet Airways,3/03/2019,Delhi,16:00,Cochin,0,17234
Vistara,9/05/2019,Kolkata,17:00,Banglore,0,9555
Jet Airways,6/05/2019,Kolkata,06:30,Banglore,0,13941
Air India,27/04/2019,Banglore,10:00,Delhi,0,5228
Multiple carriers,9/03/2019,Delhi,08:00,Cochin,0,16023
Vistara,15/04/2019,Banglore,21:00,Delhi,0,5403
Jet Airways,6/06/2019,Delhi,14:35,Cochin,0,13376
Air Asia,1/05/2019,Banglore,04:55,Delhi,0,4282
Jet Airways,24/06/2019,Delhi,09:00,Cochin,0,10262
Jet Airways,12/06/2019,Kolkata,06:30,Banglore,0,13626
Air India,24/04/2019,Banglore,17:00,Delhi,0,6121
Jet Airways,06/03/2019,Banglore,11:40,New Delhi,0,17261
Jet Airways,18/05/2019,Delhi,17:30,Cochin,0,12373
Jet Airways,27/03/2019,Delhi,16:00,Cochin,0,12032
Multiple carriers,24/06/2019,Delhi,06:00,Cochin,0,12524
IndiGo,1/06/2019,Delhi,17:05,Cochin,0,7060
IndiGo,24/04/2019,Delhi,05:35,Cochin,0,5013
Multiple carriers,27/05/2019,Delhi,08:45,Cochin,0,7740
Jet Airways,6/06/2019,Kolkata,18:55,Banglore,0,10844
Jet Airways,18/05/2019,Delhi,09:40,Cochin,0,13029
Jet Airways,9/06/2019,Mumbai,10:20,Hyderabad,0,5678
IndiGo,9/05/2019,Delhi,06:40,Cochin,0,7191
IndiGo,9/04/2019,Kolkata,04:40,Banglore,0,4174
Air India,9/06/2019,Kolkata,07:00,Banglore,0,13033
IndiGo,24/06/2019,Kolkata,14:25,Banglore,0,4804
IndiGo,18/06/2019,Banglore,20:00,Delhi,0,4823
Air India,24/05/2019,Kolkata,12:00,Banglore,0,9416
Jet Airways,9/06/2019,Delhi,06:45,Cochin,0,13376
IndiGo,18/06/2019,Chennai,07:55,Kolkata,0,3850
Multiple carriers,15/06/2019,Delhi,13:00,Cochin,0,16108
Jet Airways,27/06/2019,Delhi,14:35,Cochin,0,13376
IndiGo,15/03/2019,Banglore,13:00,New Delhi,0,6144
Multiple carriers,15/06/2019,Delhi,12:50,Cochin,0,6795
IndiGo,6/06/2019,Kolkata,14:25,Banglore,0,4804
Air Asia,24/05/2019,Banglore,23:55,Delhi,0,4483
Jet Airways,1/06/2019,Banglore,17:45,Delhi,0,7229
Jet Airways,01/03/2019,Banglore,14:05,New Delhi,0,26890
Jet Airways,15/06/2019,Delhi,07:05,Cochin,0,10262
Multiple carriers,9/05/2019,Delhi,10:35,Cochin,0,7575
Jet Airways,9/05/2019,Kolkata,14:05,Banglore,0,14781
Jet Airways,24/05/2019,Mumbai,02:55,Hyderabad,0,5678
Multiple carriers,15/05/2019,Delhi,08:45,Cochin,0,9794
Multiple carriers,9/03/2019,Delhi,15:05,Cochin,0,14086
Air India,03/03/2019,Banglore,10:30,New Delhi,0,11003
Air India,1/04/2019,Kolkata,10:00,Banglore,0,10408
Jet Airways,6/06/2019,Delhi,13:00,Cochin,0,14714
Jet Airways,9/06/2019,Kolkata,17:00,Banglore,0,12692
SpiceJet,9/06/2019,Chennai,08:20,Kolkata,0,3597
Multiple carriers,21/03/2019,Delhi,10:20,Cochin,0,11999
SpiceJet,6/05/2019,Chennai,08:20,Kolkata,0,3859
Jet Airways,21/03/2019,Banglore,11:40,New Delhi,0,7832
IndiGo,12/05/2019,Kolkata,21:25,Banglore,0,4804
IndiGo,15/05/2019,Delhi,16:10,Cochin,0,6412
Jet Airways,18/05/2019,Kolkata,18:55,Banglore,0,10844
Multiple carriers,27/06/2019,Delhi,12:50,Cochin,0,7268
Vistara,03/03/2019,Banglore,07:00,New Delhi,0,8028
Jet Airways,1/05/2019,Kolkata,18:55,Banglore,0,13941
IndiGo,24/05/2019,Banglore,23:30,Delhi,0,4591
Air India,1/03/2019,Mumbai,19:30,Hyderabad,0,15385
IndiGo,18/06/2019,Kolkata,17:15,Banglore,0,4804
Jet Airways,1/04/2019,Kolkata,20:25,Banglore,0,11467
Jet Airways,1/05/2019,Kolkata,20:25,Banglore,0,14151
Jet Airways,9/06/2019,Kolkata,20:00,Banglore,0,9663
Jet Airways,24/03/2019,Kolkata,16:55,Banglore,0,11134
Jet Airways,12/05/2019,Banglore,06:00,Delhi,0,5198
IndiGo,21/05/2019,Chennai,13:15,Kolkata,0,3597
IndiGo,15/05/2019,Delhi,02:00,Cochin,0,6037
IndiGo,1/05/2019,Delhi,07:30,Cochin,0,8542
Jet Airways,01/03/2019,Banglore,18:40,New Delhi,0,35185
Vistara,6/06/2019,Kolkata,17:00,Banglore,0,8820
Multiple carriers,1/06/2019,Delhi,18:15,Cochin,0,13377
Multiple carriers,15/05/2019,Delhi,11:35,Cochin,0,16294
Air India,12/06/2019,Delhi,07:10,Cochin,0,12488
Jet Airways,18/05/2019,Delhi,13:25,Cochin,0,16704
SpiceJet,6/05/2019,Kolkata,06:55,Banglore,0,3841
Jet Airways,27/05/2019,Delhi,09:40,Cochin,0,13029
Jet Airways,1/06/2019,Banglore,18:55,Delhi,0,8016
Jet Airways,15/05/2019,Kolkata,18:55,Banglore,0,9663
Air India,3/06/2019,Delhi,10:55,Cochin,0,11753
IndiGo,3/04/2019,Banglore,10:10,Delhi,0,3943
Jet Airways,24/06/2019,Delhi,05:30,Cochin,0,14441
IndiGo,27/05/2019,Chennai,07:55,Kolkata,0,3850
SpiceJet,18/05/2019,Kolkata,11:35,Banglore,0,8479
Air India,27/04/2019,Delhi,05:15,Cochin,0,6587
Jet Airways,18/05/2019,Kolkata,20:00,Banglore,0,10844
Air India,27/06/2019,Delhi,09:00,Cochin,0,8372
Jet Airways,18/03/2019,Mumbai,15:50,Hyderabad,0,5678
Jet Airways,12/06/2019,Kolkata,09:35,Banglore,0,12692
SpiceJet,3/05/2019,Chennai,17:45,Kolkata,0,3543
Jet Airways,6/06/2019,Delhi,11:40,Cochin,0,18804
Jet Airways,1/06/2019,Banglore,06:00,Delhi,0,8016
Air India,15/05/2019,Kolkata,20:45,Banglore,0,4145
Multiple carriers,6/03/2019,Delhi,07:00,Cochin,0,15867
Jet Airways,6/05/2019,Kolkata,14:05,Banglore,0,11841
IndiGo,27/03/2019,Delhi,16:00,Cochin,0,7048
Jet Airways,24/03/2019,Mumbai,19:35,Hyderabad,0,5678
Air Asia,12/06/2019,Kolkata,07:35,Banglore,0,5192
Jet Airways,9/03/2019,Delhi,02:15,Cochin,0,15029
SpiceJet,9/04/2019,Kolkata,15:05,Banglore,0,4649
Jet Airways,18/05/2019,Delhi,07:05,Cochin,0,12373
IndiGo,1/06/2019,Chennai,11:35,Kolkata,0,3858
Jet Airways,21/05/2019,Delhi,11:30,Cochin,0,12898
Air India,9/03/2019,Delhi,07:00,Cochin,0,15704
Jet Airways,18/03/2019,Mumbai,10:20,Hyderabad,0,8040
Air India,18/05/2019,Delhi,09:45,Cochin,0,8907
SpiceJet,9/06/2019,Chennai,17:45,Kolkata,0,3597
Jet Airways,1/06/2019,Delhi,09:00,Cochin,0,10262
Multiple carriers,9/05/2019,Delhi,10:20,Cochin,0,9794
Air India,12/05/2019,Mumbai,06:20,Hyderabad,0,3100
Jet Airways,1/06/2019,Delhi,14:35,Cochin,0,10919
Jet Airways,27/05/2019,Delhi,19:30,Cochin,0,15129
SpiceJet,9/05/2019,Delhi,08:45,Cochin,0,4812
Air India,6/03/2019,Delhi,13:30,Cochin,0,11563
IndiGo,27/06/2019,Mumbai,02:35,Hyderabad,0,2754
Jet Airways,1/05/2019,Mumbai,19:35,Hyderabad,0,2228
Jet Airways,6/05/2019,Kolkata,14:05,Banglore,0,9663
IndiGo,21/04/2019,Kolkata,15:15,Banglore,0,5224
Jet Airways,27/05/2019,Delhi,02:15,Cochin,0,12898
Jet Airways,1/05/2019,Banglore,17:45,Delhi,0,4030
Air Asia,9/05/2019,Delhi,07:55,Cochin,0,6751
Air Asia,24/05/2019,Banglore,04:55,Delhi,0,3383
Multiple carriers,21/03/2019,Delhi,07:10,Cochin,0,5999
Jet Airways,9/06/2019,Delhi,05:30,Cochin,0,13344
Jet Airways,21/06/2019,Banglore,08:20,Delhi,0,8016
Jet Airways,1/05/2019,Kolkata,08:25,Banglore,0,10844
Jet Airways,6/06/2019,Kolkata,06:30,Banglore,0,10118
SpiceJet,6/06/2019,Delhi,08:45,Cochin,0,5158
Jet Airways,18/03/2019,Banglore,22:50,New Delhi,0,11087
Air India,3/03/2019,Delhi,17:15,Cochin,0,13442
Vistara,24/05/2019,Chennai,07:05,Kolkata,0,3687
Jet Airways,15/06/2019,Delhi,06:45,Cochin,0,13376
Vistara,15/06/2019,Banglore,07:00,Delhi,0,4878
Air India,6/03/2019,Mumbai,09:15,Hyderabad,0,9535
SpiceJet,1/06/2019,Kolkata,09:00,Banglore,0,4174
Multiple carriers,12/06/2019,Delhi,08:00,Cochin,0,7408
Multiple carriers,24/06/2019,Delhi,19:00,Cochin,0,6795
Air India,9/06/2019,Delhi,22:00,Cochin,0,10651
Jet Airways,24/06/2019,Delhi,21:50,Cochin,0,10262
Vistara,1/04/2019,Kolkata,20:20,Banglore,0,7770
SpiceJet,21/03/2019,Kolkata,06:55,Banglore,0,3815
Air India,18/05/2019,Delhi,19:45,Cochin,0,10651
Air India,21/06/2019,Banglore,06:10,Delhi,0,6961
Air Asia,15/04/2019,Kolkata,10:20,Banglore,0,4409
IndiGo,18/06/2019,Banglore,16:55,Delhi,0,4823
IndiGo,12/05/2019,Mumbai,02:35,Hyderabad,0,3175
Air India,12/06/2019,Delhi,22:00,Cochin,0,10231
IndiGo,24/03/2019,Banglore,18:55,New Delhi,0,7303
Vistara,1/04/2019,Banglore,09:45,Delhi,0,5403
Jet Airways,12/05/2019,Kolkata,06:30,Banglore,0,13941
Air Asia,12/04/2019,Kolkata,22:50,Banglore,0,4409
Vistara,12/06/2019,Kolkata,07:10,Banglore,0,8610
Air India,15/05/2019,Kolkata,09:25,Banglore,0,8366
IndiGo,24/03/2019,Banglore,00:40,New Delhi,0,4777
Multiple carriers,9/05/2019,Delhi,13:00,Cochin,0,14323
Jet Airways,06/03/2019,Banglore,08:55,New Delhi,0,16736
Air India,24/03/2019,Kolkata,19:00,Banglore,0,5567
Air India,9/06/2019,Delhi,19:45,Cochin,0,10178
Jet Airways,27/03/2019,Delhi,06:20,Cochin,0,9296
Air Asia,24/03/2019,Banglore,23:25,New Delhi,0,4482
Jet Airways,12/06/2019,Kolkata,17:00,Banglore,0,12692
Multiple carriers,6/03/2019,Delhi,16:00,Cochin,0,15136
Jet Airways,1/04/2019,Kolkata,20:00,Banglore,0,12681
Jet Airways,12/06/2019,Kolkata,18:55,Banglore,0,8529
Jet Airways,3/03/2019,Delhi,17:30,Cochin,0,17024
Jet Airways,21/03/2019,Delhi,18:25,Cochin,0,12347
Multiple carriers,21/03/2019,Delhi,04:45,Cochin,0,11098
IndiGo,15/05/2019,Chennai,05:15,Kolkata,0,3540
Jet Airways,9/05/2019,Kolkata,17:00,Banglore,0,9314
Air India,24/06/2019,Delhi,17:40,Cochin,0,7174
Air India,6/06/2019,Delhi,08:00,Cochin,0,8372
Jet Airways,3/06/2019,Delhi,19:45,Cochin,0,10262
Multiple carriers,27/03/2019,Delhi,11:30,Cochin,0,12537
IndiGo,1/05/2019,Banglore,18:25,Delhi,0,4823
Jet Airways,12/06/2019,Kolkata,18:55,Banglore,0,13044
Air India,24/06/2019,Banglore,06:10,Delhi,0,6961
Multiple carriers,21/03/2019,Delhi,15:00,Cochin,0,13542
Air India,21/03/2019,Banglore,06:55,New Delhi,0,6987
Jet Airways,12/05/2019,Delhi,11:00,Cochin,0,9564
Air India,1/05/2019,Kolkata,05:50,Banglore,0,12723
Jet Airways,15/03/2019,Banglore,05:50,New Delhi,0,5853
Jet Airways,21/05/2019,Kolkata,20:00,Banglore,0,10844
Jet Airways,27/06/2019,Delhi,21:25,Cochin,0,11507
Air India,12/06/2019,Delhi,12:00,Cochin,0,8603
Jet Airways,3/06/2019,Delhi,09:00,Cochin,0,14714
SpiceJet,3/05/2019,Kolkata,09:00,Banglore,0,3841
Jet Airways,12/06/2019,Delhi,02:15,Cochin,0,18371
Multiple carriers,12/06/2019,Delhi,12:50,Cochin,0,6795
Multiple carriers,27/06/2019,Delhi,10:00,Cochin,0,14848
Multiple carriers,21/03/2019,Delhi,08:00,Cochin,0,8307
Air India,12/05/2019,Delhi,18:05,Cochin,0,6304
Jet Airways,15/04/2019,Banglore,06:00,Delhi,0,7229
IndiGo,03/03/2019,Banglore,10:05,New Delhi,0,7648
Air Asia,12/06/2019,Banglore,11:10,Delhi,0,3383
Air India,12/05/2019,Banglore,13:20,Delhi,0,6121
Multiple carriers,27/05/2019,Delhi,14:00,Cochin,0,6943
Multiple carriers,3/06/2019,Delhi,09:45,Cochin,0,9646
Multiple carriers,9/06/2019,Delhi,10:00,Cochin,0,7408
IndiGo,27/03/2019,Delhi,17:10,Cochin,0,6316
Multiple carriers,21/05/2019,Delhi,09:15,Cochin,0,8099
Jet Airways,15/05/2019,Kolkata,20:00,Banglore,0,13941
Jet Airways,15/06/2019,Delhi,09:40,Cochin,0,13014
Jet Airways,6/04/2019,Delhi,11:30,Cochin,0,5177
IndiGo,27/03/2019,Delhi,07:45,Cochin,0,4832
Multiple carriers,12/06/2019,Delhi,08:30,Cochin,0,7354
GoAir,24/05/2019,Banglore,07:45,Delhi,0,3419
IndiGo,3/04/2019,Banglore,07:10,Delhi,0,4823
Multiple carriers,24/06/2019,Delhi,10:00,Cochin,0,13587
Multiple carriers,27/05/2019,Delhi,10:20,Cochin,0,9794
Jet Airways,06/03/2019,Banglore,21:25,New Delhi,0,17471
Multiple carriers,3/06/2019,Delhi,10:20,Cochin,0,6795
Multiple carriers,15/06/2019,Delhi,08:45,Cochin,0,11789
Vistara,9/05/2019,Kolkata,07:10,Banglore,0,8085
Jet Airways,9/05/2019,Delhi,23:05,Cochin,0,15129
Multiple carriers,15/06/2019,Delhi,03:50,Cochin,0,12192
Jet Airways,12/05/2019,Banglore,17:45,Delhi,0,7229
Jet Airways,21/05/2019,Delhi,09:40,Cochin,0,13029
IndiGo,6/03/2019,Kolkata,17:15,Banglore,0,5618
Jet Airways,27/06/2019,Delhi,19:10,Cochin,0,12819
Jet Airways,27/03/2019,Delhi,09:00,Cochin,0,12242
Jet Airways,9/05/2019,Kolkata,14:05,Banglore,0,10844
Multiple carriers,15/05/2019,Delhi,12:50,Cochin,0,7670
IndiGo,03/03/2019,Banglore,00:40,New Delhi,0,6144
Jet Airways,1/06/2019,Delhi,13:00,Cochin,0,10262
